product_name,total_stock,Average Daily Sales,QAC edited
1/2 carton biscuits chico miko chocolat gm 125g x12,18,0.7,23
1/2 carton biscuits chico miko fraise gm 125g x12,7,0.3, 
1/2 carton chocolat delia 1kg x3,16,1.5, 
1/2 carton chocolat delia 250g x6,53,3.4, 
1/2 carton chocolat delia 500g x6,12,3.5, 
1/2 carton huile niani (arachide) 1l x6,0,0.1, 
1/2 carton lait concentré hollandia 120g x12,0,0.1, 
1/2 carton lait concentré sucré cheri mama x12,0,0.1, 
1/2 carton lait en poudre lalia gm 400g x5,426,2.7, 
1/2 carton lait en poudre lalia pm 20g x50,0,1.4, 
1/2 carton lait evaporé laicran pot 170g x12,0,0.1, 
1/2 carton mayonnaise chef aida 225ml x6,0,0.7, 
1/2 carton moutarde chef aida 450ml x3,0,0.1, 
1/2 carton pates amira macaroni lisse 250g x12,0,0.1, 
1/2 carton pates amira macaroni lisse 500g x10,0,0.1, 
1/2 carton pates amira macaroni lisse 500g x6,237,3.8, 
1/2 carton pates amira macaroni rayé 500g x6,24,4.7, 
1/2 carton pates amira spaghetti gm 500g x10,259,19.7, 
1/2 carton pates amira spaghetti pm 250g x20,401,41.3, 
1/2 carton pates amira torsades 500g x10,0,0.1, 
1/2 carton pates amira torsades 500g x6,0,0.1, 
1/2 demi carton adja epices 12g x360,482,17.6, 
1/2 demi carton adja epices 60g x60,-3,36.5, 
1/2 demi carton adja super 12g x360,259,7.8, 
1/2 demi carton adja super 60g x60,153,15, 
1/2 demi carton adja tomate 12g x360,187,7.3, 
1/2 demi carton adja tomate 60g x60,124,12.4, 
1/2 demi carton batterie duracell moyen aa x10,0,0.1, 
1/2 demi carton bicarbonate 90g x50,253,22.9, 
1/2 demi carton cafe teranga 100g x12,0,0.1, 
1/2 demi carton cafe teranga 200g x12,0,0.1, 
1/2 demi carton cafe teranga 50g x24,-1,10.1, 
1/2 demi carton fromage vache qui rit 24 portions x12,0,19.5, 
1/2 demi carton fromage vache qui rit 8 portions x36,147,18, 
1/2 demi carton joker epices 12g x240,137,4.7, 
1/2 demi carton joker epices 60g x60,81,6.9, 
1/2 demi carton joker super 12g x240,21,23.9, 
1/2 demi carton joker super 60g x60,39,25.5, 
1/2 demi carton joker tomate 12g x240,0,15.6, 
1/2 demi carton joker tomate 60g x60,34,5, 
1/2 demi carton jumbo arome cube x12x24,198,3.9, 
1/2 demi carton jumbo cube x12x24,216,4.3, 
1/2 demi carton kadi epices 10g x360,0,0.1, 
1/2 demi carton kadi epices 12g x360,38,2.4, 
1/2 demi carton kadi epices 60g x60,316,25.5, 
1/2 demi carton lait bridel gm 50cl x12,132,37.8, 
1/2 demi carton lait bridel pm 25cl x12,127,19.3, 
1/2 demi carton lait concentre gloria pot gm 370g x24,43,7, 
1/2 demi carton lait concentré sucré nour1kg x12,0,3.9, 
1/2 demi carton lait en poudre halib gm 400g x5,60,7.4, 
1/2 demi carton lait en poudre laclait gm 400g x5,28,5.1, 
1/2 demi carton lait en poudre nour animal gm 350g x5,53,0.3, 
1/2 demi carton lait en poudre nour végétal gm 400g x5,38,0.8, 
1/2 demi carton maggi arome liquide gm 250ml x12,0,0.1, 
1/2 demi carton maggi arome liquide pm 138ml x14,14,4.5, 
1/2 demi carton mameum epices maggi sticks 15g,144,18.1, 
1/2 demi carton mouchoir lotus 100f x20,178,15.1, 
1/2 demi carton mouchoir smiley 100f x15x5,268,9.3, 
1/2 demi carton moutarde extra forte 25g x12x20,0,4.4, 
1/2 demi carton nescafé pot 100g x12,116,6.2, 
1/2 demi carton nescafé pot 200g x6,64,3, 
1/2 demi carton nescafé pot 50g x24,130,5.9, 
1/2 demi carton oro insecticide gm pompe double action 750ml x12,37,4.7, 
1/2 demi carton oro insecticide pm pompe double action 300ml x12,60,15.1, 
1/2 demi carton papier mouchoir de poche lucart x12,0,0.1, 
1/2 demi carton pates amira vermicelles gm 500g x6,17,1.1, 
1/2 demi carton pates amira vermicelles pm 250g x12,39,2, 
1/2 demi carton sardines 125g x25,34,21.7, 
1/2 demi carton sel raffine selbe 250g x50,0,10.9, 
1/2 demi carton sticks reine 15g x150,0,0.1, 
1/2 demi carton sticks reine 25g x150,0,0.1, 
1/2 demi carton tablette maggi arome x24,76,11.3, 
1/2 demi carton tablette maggi x24,230,30.3, 
1/2 demi carton the flecha noir pm 25g x100,28,4.4, 
1/2 demi carton the flecha vert gm 200g x50,44,3, 
1/2 demi carton the flecha vert pm 25g x100,928,84.8, 
1/2 demi carton the koutam pm 25g x100,140,25, 
1/2 demi carton vitfe pompe insecticide x12,103,13.1, 
1/2 demi carton yotox insecticide pm 400ml x12,198,10.9, 
1/2 mayonnaise chef aida 1l x3,0,0.1, 
1/2 mayonnaise chef aida 450ml x6,0,0.1, 
1/2 moutarde chef aida 225ml x6,0,0.4, 
1/2 sachet sucre poudre css sunu suker 250g x20,0,0.1, 
1/2 sachet sucre poudre souki 250g x20,0,0.3, 
1/4 rasoirs bic x5 sachet x10,153,17.2, 
1/4 rasoirs laser platinum double 2 x10,52,5.4, 
ail carton 10kg,46,62.8, 
allumettes baobab pm x100,183,7.3, 
allumettes palm tree moyen 3 x12,0,12.5, 
allumettes palm tree pm x100,2,24, 
araw jeyna 400g x10,0,0.1, 
arome chapelet jumbo liquide sachets pm x20,4104,103, 
arome sauce  soralé pm 340ml x12,20,1.7, 
babylac pot blé et lait cereales 300g x12,72,5.8, 
balai abc x1,0,0.1, 
balai x1,0,30.7, 
balle dalle adidas x1,83,20.3, 
balle dalle thiarakh marron x6,27,14.4, 
balle dalle thiarakh x6,0,12.8, 
balle journal 15kg x1,0,24.5, 
balle plastique x6,27,5.9, 
balle tangsi x12,7,4.6, 
bama mayonnaise stick 17ml x100,0,0.1, 
barbecue linguere 220g x24,0,0.1, 
barquette aluminium 1kg x125,20,7.4, 
batterie kk dido x12,6,5, 
bec à gaz original,9,26.8, 
beignets crevettes prima multi colores 170g x1,792,54.2, 
beurre jadida 1kg x6,72,3.8, 
beurre jadida 500g x12,191,18.9, 
beurre kadi 500g x12,40,1, 
beurre sofia sachets 20g x100,280,32.9, 
bic feutre vitfé x13,696,23.4, 
bic feutre x12,0,9.3, 
biscuit bisking 30g x50,283,61.7, 
biscuits a break cacao 37g x24,59,7.9, 
biscuits a break plain 37g x24,64,4.7, 
biscuits baba x50,1364,118.1, 
biscuits be -breton 48g x30,14,1.1, 
biscuits be -fun choco 60g x30,9,1.4, 
biscuits be -top 52g x30,19,1.6, 
biscuits be cake fluffy 40g x36,34,4, 
biscuits be cooky 68g x24,78,10.9, 
biscuits be donut 40g x36,73,11.5, 
biscuits bisko chocolat sachets x50,968,36.5, 
biscuits bisko fourio max chocolat 48g x24,49,3, 
biscuits bisko fourio max vanille 48g x24,45,0.1, 
biscuits bisko l'original pm sachets x50,3244,474, 
biscuits biskrem pm 40g x24,937,91.4, 
biscuits bissrol mozaik 45g x24,0,0.1, 
biscuits bissrol mozaik nouveau 45g x24,0,0.1, 
biscuits bonita coco  x100,42,15.8, 
biscuits boom choco x24,769,51.4, 
biscuits boom vanille x24,494,18.6, 
biscuits carnaval gm banane 40g x24,146,5.4, 
biscuits carnaval gm cacao 40g x24,55,10.5, 
biscuits carnaval gm fraise 40g x24,176,5.7, 
biscuits carnaval gm vanille 40g x24,76,9.7, 
biscuits carnaval pm banane 22g x24,235,16.4, 
biscuits carnaval pm cacao 22g x24,865,46.1, 
biscuits carnaval pm fraise 22g x24,13,21.8, 
biscuits carnaval pm lait 22g x24,658,38.2, 
biscuits chico miko chocolat pm 30g x24,39,2, 
biscuits chico miko fraise pm 30g x24,28,1.4, 
biscuits cookie boom nature 36g x24,0,5.6, 
biscuits deemah x24,84,7.5, 
biscuits empire gm cacao 100g x12,-1,12.6, 
biscuits empire gm plain 100g x12,201,12.8, 
biscuits empire pm cacao 40g x24,290,17.8, 
biscuits empire pm plain 40g x24,172,24.6, 
biscuits exelo eyo'o cover 48g x30,40,2.7, 
biscuits exelo king cookies 48g x30,1,1.9, 
biscuits fiarino chocolat 40g x24,0,0.1, 
biscuits fiarino vanille 40g x24,0,0.1, 
biscuits go7 gm vanille 37g x24,30,2, 
biscuits good time x24,41,9.5, 
biscuits harmony maxi gm cacao 40g x24,92,5, 
biscuits harmony maxi gm vanille 40g x24,113,4.8, 
biscuits harmony pm vanille 17g x24,51,4.3, 
biscuits hay hay caramel x24,887,33.7, 
biscuits hay hay chocolat x24,5845,56.7, 
biscuits hay hay fraise x24,839,34.5, 
biscuits hi hello x24,151,12.5, 
biscuits ikram 58g x36,1347,112, 
biscuits klas 40g x24,0,0.1, 
biscuits limousine banane 45g x24,0,0.1, 
biscuits limousine chocolat 45g x24,244,15.2, 
biscuits limousine vanille 45g x24,226,11.4, 
biscuits manga white chocolat pm15g x24,62,3, 
biscuits milk x24,886,137.2, 
biscuits milkano x24,0,0.1, 
biscuits mon goffi pm chocolat 17g x24,50,5.4, 
biscuits ndeki sachets x50,168,8.1, 
biscuits nouveau harmony pm banane 17g x24,166,5.7, 
biscuits nouveau harmony pm cacao 17g x24,94,3.1, 
biscuits nutro x24,82,8.4, 
biscuits selfy 40g x24,0,0.1, 
biscuits warr bi gm 100f x50,175,0.1, 
biscuits zina bar pm chocolat 10g x100,34,4.3, 
biscuits zina bar pm fraise 10g x100,37,4.1, 
biscuits zina bar pm vanille 10g x100,65,4.1, 
biscuits zina duo choco 40g x24,39,1.4, 
biscuits zina duo fraise 40g x24,37,3.5, 
biscuits zina duo vanille 40g x24,39,4.4, 
bleu sachet 7g x50,0,13.9, 
bougie 100f x10,1078,52.6, 
bougie 50f x6,-4,70, 
briquets bic pm j3 moyen x50,0,0.1, 
briquets bic pm j5 mini x50,24,1.6, 
briquets blanc pm x50,1,12.9, 
briquets pm x50,0,11.6, 
brosse a dents colgate  deep clean x12,83,5.3, 
brosse a dents colgate  double action x12,37,4, 
brosse a dents enfant x12,0,7.3, 
brosse a dents vitfé 300f x12,76,4.3, 
brosse jean x6,29,6.5, 
cable usb 1m bamba fepp x5,0,3.8, 
cable usb 1m iphone x5,4,2.9, 
cable usb 1m type c x5,25,2.6, 
"café carte noire stick 1,8g x25",0,0.1, 
"café l'or stick 1,8g x25",0,0.1, 
"café maxwell house 1,8g x100",0,13.3, 
"café maxwell house 1,8g x25",0,0.1, 
café nescafé sachets pm 100g x8,62,5.5, 
café nescafé stick 1.5g x150,4142,339.1, 
café touba bakhdad 45g sachet x40,1637,102.9, 
cahier 100 pages x10,5,54.9, 
cahier 200 pages x5,10,49.6, 
cahier 48 pages x24,82,36.2, 
cahier double ligne,0,16.2, 
cahier protege100 pages x10,0,51.7, 
cahier protège 200 pages x5,0,45.7, 
cake trilex  x24,0,16.8, 
calculatrice scientifique x 1,0,15.8, 
can 3x energy ginger gm 50cl x24,0,0.1, 
can 3x energy ginger moyen 33cl x24,0,0.1, 
can 3x energy gm 50cl x24,1046,83.5, 
can 3x energy malt moyen 33cl x24,0,0.1, 
can 3x energy moyen 33cl x24,541,203.1, 
can 3x energy moyen zero 33cl x24,0,0.1, 
can 3x energy pm 25cl x24,0,52.6, 
can 7up 33cl x24,0,0.1, 
can black power gm 50cl x24,0,0.1, 
can black power moyen 33cl x24,0,0.1, 
can black power pm 25cl x24,137,13.5, 
can coca cola 33cl x24,4,61.8, 
can coca cola zero 33cl x24,1,0.1, 
can energie agrumes hora pm 25cl x24,59,3, 
can fanta ananas 33cl x24,148,46.7, 
can fanta fruits rouge 33cl x24,1,0.1, 
can fanta orange 33cl x24,2,54.4, 
can ira ananas gm 320ml x24,0,0.1, 
can ira ananas pm 235ml x24,0,39.7, 
can ira cocktail gm 320ml x24,0,0.1, 
can ivorio ananas pm 33cl x24,0,0.1, 
can jus de coco a la pulpe gm 330ml x24,0,0.1, 
can jus de coco foco gm 520 ml x24,0,0.1, 
can jus de coco foco moyen 350 ml x24,0,0.1, 
can lait de coco divino gm 330ml x24,338,23, 
can minute maid mangue 25cl x24,0,0.1, 
can minute maid orange 25cl x24,0,0.1, 
can minute maid tropical 25cl x24,0,0.1, 
can mirinda fruity 25cl x24,56,7, 
can mixte 33cl x24,2,0.1, 
can n'wely ananas 24cl x24,0,0.1, 
can n'wely cocktail 24cl x24,0,0.1, 
can n'wely coco ananas 24cl x24,0,0.1, 
can n'wely goyave 24cl x24,0,0.1, 
can n'wely mangue 24cl x24,0,0.1, 
can pepsi 25cl x24,8,10, 
can pepsi max 25cl x24,1,4, 
can pepsi zero 25cl x24,1,0.1, 
can pressea coco ananas 25cl x24,97,57.2, 
can pressea goyave 25cl x24,0,37, 
can pressea mangue 25cl x24,2,26.1, 
can pressea orange 25cl x24,0,12, 
can pressea tropical 25cl x24,1,22.8, 
can rani ananas 24cl x24,0,0.1, 
can rani banane 24cl x24,0,0.1, 
can rani cocktail blanc 24cl x24,3,0.1, 
can rani cocktail pulpe 24cl x24,0,0.1, 
can rani coco ananas x24,0,0.1, 
can rani fraise banane 24cl x24,6,0.1, 
can rani goyave 24cl x24,0,0.1, 
can rani mangue 24cl x24,0,0.1, 
can rani mixte pack 24cl x24,0,0.1, 
can rani orange 24cl x24,6,0.1, 
can rani peche 24cl x24,1,0.1, 
can redbull 25cl x24,0,0.1, 
can schweppes agrumes 25cl x24,1,77.1, 
can schweppes citron 25cl x24,36,16.8, 
can schweppes mix agrumes et citron 25cl x24,88,27.7, 
can schweppes tonic 25cl x24,0,16, 
can sprite 33cl x24,0,53.6, 
can treme x gm 50cl x24,0,0.1, 
can treme x pm 33cl x24,0,0.1, 
can vicco malt 33cl x24,0,0.1, 
can vimto 33cl x24,341,42.1, 
can vimto malt 33cl x24,222,27.3, 
can world cola 33cl x24,0,0.1, 
can xl 50cl x24,0,0.1, 
can zisan eau coconut 33cl x24,0,0.1, 
can zisan extra power energy moyen 33cl x24,0,0.1, 
can zisan goyave 33cl x24,0,0.1, 
can zisan malt 33cl x24,0,0.1, 
can zisan tamarind 33cl x24,0,0.1, 
casamançaise le jus ananas 1l x6,293,32.4, 
casamançaise le jus bissap menthe 1l x6,460,40.5, 
casamançaise le jus bouye gingembre 1l x6,0,0.1, 
casamançaise le jus ditakh 1l x6,52,0.1, 
casamançaise le jus mad mangue 1l x6,0,0.1, 
casamançaise le jus mini ananas 200ml x24,491,20.6, 
casamançaise le jus mini bissap menthe 200ml x24,0,33.9, 
casamançaise le jus mini ditakh 200ml x24,0,0.1, 
casamançaise le jus mini mad mangue 200ml x24,0,0.1, 
casamançaise le jus mini orange 200ml x24,0,17.2, 
casamançaise le jus mini tropical 200ml x24,0,16.3, 
casamançaise le jus orange 1l x6,298,17.8, 
casamançaise le jus tropical 1l x6,317,40.1, 
cerelac 3 fruits sachets 50g x80,57,5.2, 
cerelac pot blé avec lait cereales 400g x12,24,2.7, 
cerelac sachets blé cereales 50g x80,59,14.1, 
chapelet lait en poudre halib pm 20g x10,1,96, 
chapelet lait en poudre laclait pm 20g x10,0,3.6, 
chapelet lait en poudre lalia pm 20g x 10,1448,75.1, 
chapelet levure boulangere saf 11g x12,46,4.4, 
chargeur bamba fepp x5,26,3.7, 
chargeur iphone x 5,9,2.4, 
chargeur type c x 5,49,2.1, 
chef aida mayonnaise 2.5l,0,0.1, 
chef aida mayonnaise 25ml x144,11,1, 
chef aida moutarde 1kg x6,0,0.1, 
chewing-  icy mint pot x100,181,12.8, 
chewing-gum boule x1,9,23, 
chewing-gum mentos pot x100,950,94.1, 
chips buggy barbecue x24,473,18.9, 
chips buggy fromage x24,234,8.9, 
chips buggy guud puff barbecue x24,128,15.7, 
chips buggy guud puff fromage x24,172,17.4, 
chips buggy jakarta ketchup x48,118,5.3, 
chips buggy ketchup x24,192,7.7, 
chips buggy oignons x24,40,10.4, 
chips buggy potato sel x24,-1,5.5, 
chips buggy sweet chili x24,52,10.9, 
chips coco meew 35g x24,0,0.1, 
chips fiesta foot ball x24,0,0.1, 
chips fiesta meew 30g x24,196,12.2, 
chips fiesta meew vanille 50f 15g x48,48,5.8, 
chips fiesta puffs fromage,141,19.6, 
chips meew corn toon 100f 35g x24,0,7.9, 
chips mini fiesta potato stick x50,448,16.5, 
chips moda fromage x24,141,16, 
chips moda ketchup x24,153,9.7, 
chips moda poulet x24,263,13, 
chips moda sel x24,195,26.7, 
chips potata 15g x50,129,11.8, 
chips potata 80g x48,195,14.4, 
chips potata epicé 30g x48,54,4.3, 
chips potata oignon 30g x48,0,0.1, 
chips pringles pm x12,32,7.9, 
chips sama doom x48,212,19.1, 
chocolat chocopain 1kg x6,106,17.7, 
chocolat chocopain 250g x24,64,8, 
chocolat chocopain 500g x12,161,25.6, 
chocolat mon choco 1kg x6,30,3.2, 
chocolat mon choco 250g x12,24,2.9, 
chocolat mon choco 500g x12,59,6.4, 
chocolat nutella 350g x5,0,0.1, 
chocolat poudre kangoo sachets 10g x60,-4,73, 
colle crazy super glue x10,1,37.4, 
conserves ananas morceaux dianor 565g x12,121,12.2, 
conserves ananas morceaux prima 565g x12,78,13.4, 
conserves ananas morceaux sofia 565g x12,0,0.1, 
conserves macedoine de legumes avril 400g x12,0,3.8, 
conserves maïs avril 300g x12,39,2.5, 
conserves petit pois amor gm 800g x12,100,6.5, 
conserves petit pois amor pm 400g x24,72,6.9, 
conserves petit pois avril doux garden 400g x12,18,5.9, 
conserves petit pois dieg gm 800g x12,9,0.9, 
conserves petit pois dieg pm 400g x12,13,1.5, 
conserves petit pois mis gm 800g x12,45,6.3, 
conserves petit pois mis pm 400g x24,0,7.5, 
corned boeuf - boeuf pm rond 200g x24,0,0.1, 
corned boeuf - boeuf sara gm 340g x24,300,35.7, 
corned boeuf - boeuf sara pm 190g x24,312,27.7, 
corned boeuf - poulet sara gm 340g x24,681,19.4, 
corned boeuf - poulet sara pm 190g x24,211,27.9, 
coton tige x24,51,18.1, 
couches lilas taille 2 - x5,27,2.5, 
couches lilas taille 3 - x5,45,8.6, 
couches lilas taille 4 - x5,154,21.8, 
couches softcare blanc taille 3 - x5 nouveau format,162,12.5, 
couches softcare blanc taille 4 - x5 nouveau format,0,38, 
couches softcare bleu taille 4 - x5,161,121.6, 
couches softcare taille 2 - x5,98,21, 
couches softcare taille 3 - x5,87,49.5, 
couscous brio fin gm 1kg x12,0,0.1, 
couscous brio fin pm 500g x24,0,0.1, 
couscous brio moyen gm 1kg x12,0,0.1, 
couscous brio moyen pm 500g x24,0,0.1, 
couscous fin diari gm 1kg x10,74,2.9, 
couscous fin kayna gm 1kg x12,332,22.1, 
couscous fin kayna pm 500g x20,528,28.1, 
couscous fin mis gm 1kg x10,0,0.1, 
couteau 100f x12,72,17.7, 
couteau 200f x6,160,30.8, 
crayon noir sans gomme x1,0,0.1, 
crème défrisante vitalys 120ml x6,61,5.4, 
cuillère x12,404,39.9, 
cure dent x12,0,13.9, 
dentifrice colgate 140g x12,112,9.5, 
dentifrice colgate 35g x12,74,2.4, 
dentifrice colgate charbon 120g x12,0,0.1, 
dentifrice colgate herbal 150g x12,34,1.5, 
dentifrice colgate max fresh rouge 130g x12,261,20.7, 
dentifrice mediann gm 100g x12,2,6.5, 
dentifrice mediann gm 150g x6,25,1.5, 
dentifrice mediann max gm 120g x12,27,1, 
dentifrice mediann pm 40g x12,81,5.7, 
dentifrice medident gm 150g x12,17,1, 
dentifrice mera 120g x12,5,10.6, 
désodorisant  nova 500 ml x6,58,6.7, 
désodorisant belair ananas coco 400 ml x6,0,0.1, 
désodorisant belair vanille 400 ml x6,0,0.1, 
eau - casamancaise pm 33cl x12,0,189.9, 
eau - casamançaise 10l,0,24.4, 
eau - casamançaise gm 1.5l x6,971,59.9, 
eau - casamançaise moyen 50cl x12,0,15.3, 
eau - diana pm 35cl x12,0,0.1, 
eau - kayar pm 35cl x12,0,0.1, 
eau - kirène 10l,100,42.4, 
eau - kirène gm 1.5l x6,925,66.1, 
eau - kirène pm 33cl x12,1333,178.2, 
eau - o'royal 10l,0,0.1, 
eau - o'royal gm 1.25l x6,593,95.3, 
eau - o'royal moyen 50cl x12,0,0.1, 
eau - o'royal pm 33cl x12,0,0.1, 
eau - olympia 33cl x12,247,174.6, 
eau - seo 1.5l x6,-2,27.1, 
eau - seo 10l,0,32.1, 
eau - seo 4.5l,0,43.9, 
eau - seo pm 35cl x12,-66,3669.5, 
eau - walo pm 33cl x12,0,0.1, 
eau de fleur d'oranger 3 lions gm 125ml x12,35,9.4, 
eau de fleur d'oranger 3 lions pm 65ml x12,54,11.2, 
eau de fleur d'oranger gourmet gm 250ml x6,30,3.4, 
eau de fleur d'oranger gourmet moyen 125ml x6,67,4.6, 
eau de fleur d'oranger gourmet pm 100ml x6,134,7.7, 
ecouteur iphone x5,0,1.1, 
ecouteur x1,70,2.6, 
ensemble geometrique x1,120,23.1, 
epices bara muso ail x50,51,6.5, 
epices bara muso laurier x50,41,3.2, 
epices bara muso moutarde x50,0,0.1, 
epices bara muso muscade x50,0,0.1, 
epices bara muso piment aromatisé x50,81,13.7, 
epices bara muso piment x50,141,24.4, 
epices bara muso poivre x50,116,33.2, 
epices bara muso poivre épicé x50,187,16.6, 
epices bara muso soumbala x50,308,29.1, 
epices bara muso tchin bi x50,42,1.4, 
epices poivre antiz x50,280,27.3, 
essence aromes 3 lions banane 30ml x12,33,7.5, 
essence aromes 3 lions coco 30ml x12,56,5.1, 
essence aromes 3 lions corossol 30ml x12,10,3.3, 
essence aromes 3 lions fraise 30ml x12,20,3.5, 
essence aromes 3 lions menthe 30ml x12,31,4.1, 
essence aromes 3 lions vanille 30ml x12,40,15.9, 
essence foster clark ananas 28ml x12,8,0.4, 
essence foster clark banane 28ml x12,18,1, 
essence foster clark coco 28ml x12,3,0.6, 
essence foster clark exotic 28ml x12,0,0.1, 
essence foster clark fraise 28ml x12,0,0.1, 
essence foster clark menthe 28ml x12,18,1.5, 
essence foster clark vanille 28ml x12,11,1.3, 
essence gourmet banane 30ml x12,12,1.7, 
essence gourmet vanille 30ml x12,44,4, 
farine de blé fati 250g x48,339,21.9, 
farine de blé nma 1kg x10,0,0.1, 
farine mère beignet 10kg type 55,74,7.1, 
farine patissière gmd 1kg x10,53,11.8, 
garabe yo x5,0,30.6, 
gauffrette fiarino chocolat 40g x24,0,0.1, 
gel douche nova  750 ml x4,25,1.3, 
gm 7up pet 1l x6,0,0.1, 
gm coca cola 1.25l x6,476,124.3, 
gm coca cola diouf 1.25l x6,-7,0.1, 
gm coca cola zero 1.25l x6,0,0.1, 
gm energie maca plus  x12,0,0.1, 
gm fanta ananas 1.25l x6,1,31.8, 
gm fanta fruits rouge 1.25l x6,0,0.1, 
gm fanta orange 1.25l x6,0,47, 
gm gazelle ananas 1l x6,767,78.8, 
gm gazelle limonade 1l x6,7,5.3, 
gm gazelle pomme 1l x6,197,21.3, 
gm jet 7 ananas 1.25l x6,0,0.1, 
gm jet 7 cola 1.25l x6,11,2.6, 
gm jet 7 fruit rouge 1.25l x6,0,0.1, 
gm jet 7 orange 1.25l x6,0,0.1, 
gm jet 7 sprite 1.25l x6,0,0.8, 
gm king ananas 1.25l x6,55,6.5, 
gm king fruits rouge 1.25l x6,85,6.7, 
gm king orange 1.25l x6,33,6.3, 
gm king sprite 1.25l x6,103,4, 
gm mirinda fruity pet 1l x6,0,0.1, 
gm mirinda orange pet 1l x6,0,0.1, 
gm pepsi max pet 1l x6,0,0.7, 
gm pepsi pet 1l x6,61,6.3, 
gm pressea fresh mangue coco 1l x6,0,0.1, 
gm pressea fresh orange 1l x6,0,0.1, 
gm pressea fresh tropical 1l x6,0,0.1, 
gm schweppes agrumes 1.25l x6,299,89.9, 
gm schweppes citron 1.25l x6,0,0.1, 
gm schweppes tonic 1.25l x6,-1,0.1, 
gm sprite 1.25l x6,745,89.8, 
gm tampico bouteille citrus 1l x6,0,41.1, 
gm top ananas 1l x6,0,0.1, 
gm top orange 1l x6,731,11.2, 
gm vimto 1l x6,300,141.4, 
gm world cola 1l x6,0,0.1, 
gm youzou limonade 1.5l x6,0,0.1, 
huile bidon  turkey 20l,0,0.1, 
huile bidon 20l diery,1991,446.8, 
huile bidon 20l mis,0,0.1, 
huile bidon 20l oki,0,0.1, 
huile bidon 20l zita,1,368.3, 
huile bidon arachide 20l,0,0.4, 
huile bidon importé 20l avena,1704,0.1, 
huile de palme zita 1l x12,0,0.1, 
huile de palme zita 5l x4,0,1.1, 
huile jadida soja 1l x12,10,20.4, 
huile jadida soja 250ml x24,0,0.1, 
huile jadida soja 5l x4,309,39, 
huile jadida soja bidon 5l x1,0,0.1, 
huile machine 90ml x6,164,12.2, 
huile niani (arachide) 5l x1,0,0.1, 
huile soja niinal 1l x12,0,0.1, 
huile soja niinal 5l x4,383,57.9, 
huile tournesol bon appétit 250ml x48,135,11.1, 
huile tournesol kadi 5l x4,0,0.1, 
huile tournesol sangomar 1l x12,0,0.1, 
huile zita 250ml x48,49,9, 
insectide vitfe spirale,0,0.1, 
insectide vitfe thiouraye baton x12,343,38, 
javel en grains vitfé 7g x100,5,4.1, 
jus bole brique goyave 1l x8,0,0.1, 
jus bole brique mangue 1l x8,0,0.1, 
jus bole brique orange 1l x8,0,0.1, 
jus bole brique tropical 1l x8,0,0.1, 
jus chivita active agrume 125ml x24,0,0.1, 
jus chivita cocktail 1l x10,0,0.1, 
jus chivita exoctic coco ananas 315 ml x12,0,0.1, 
jus chivita exotic coco ananas 125ml x24,0,0.1, 
jus chivita exotic coco ananas 1l x10,0,0.1, 
jus chivita orange 125ml x24,0,0.1, 
jus chivita premium ananas 1l x10,1,0.1, 
jus chivita premium orange 1l x10,0,0.1, 
jus chivita premium pomme 1l x10,0,0.1, 
jus chivita premium raisin rouge 1l x10,0,0.1, 
jus delice brique ananas 1l x6,9,0.6, 
jus delice brique mangue 1l x6,4,0.4, 
jus delice brique mix 1l x6,4,0.7, 
jus delice brique mojito 1l x6,0,0.1, 
jus delice brique multivitamine 1l x6,11,0.5, 
jus delice brique orange 1l x6,5,0.4, 
jus delice brique poire 1l x6,12,0.8, 
jus delice brique raisin 1l x6,6,1.1, 
jus delice brique tropical 1l x6,7,1.1, 
jus fada bouteille gm 410ml x15,0,12.6, 
jus fada bouteille pm 230ml x24,6,14.7, 
jus fada brique 200ml x28,294,189.4, 
jus fada orange brique 200ml x28,0,0.1, 
jus fada pot 235ml x30,155,14.2, 
jus fada pot 50fr 120ml x56,1,35.4, 
jus fada sachet gm 220ml x36,4,0.1, 
jus fada sachet pm 120ml x60,37,23.8, 
jus fada stick pm 65ml x100,55,49.3, 
jus foster clark ananas 20g x15,86,14.8, 
jus foster clark ananas/gingembre 20g x15,80,9.6, 
jus foster clark fruit rouge 20g x15,142,14.3, 
jus foster clark goyave 20g x15,0,0.1, 
jus foster clark lemon 20g x15,0,4.4, 
jus foster clark mangue 20g x15,31,11.3, 
jus foster clark orange 20g x15,40,16.5, 
jus junior 125ml x24,0,11.3, 
jus jutos cocktail brique 1l x6,33,0.5, 
jus jutos orange brique 1l x6,34,0.3, 
jus lana bouteille (100f),300,23.7, 
jus lana bouteille 200f 39cl x15,300,14.8, 
jus lana bouteille ananas 45cl x12,0,4.1, 
jus lana bouteille orange 45cl x12,-1,0.1, 
jus lana brique 100f,500,33.1, 
jus lana pot (100f) 245ml x28,112,20.8, 
jus lana pot (50f) 120ml x56,300,24.1, 
jus lana stick 25f,199,10.6, 
"jus naturel bissap blanc pet 1,2l x6",8,0.3, 
"jus naturel bissap mix rouge blanc pet 1,2l x6",0,0.5, 
"jus naturel bissap rouge pet 1,2l x6",3,0.5, 
jus press up ananas brique 1l x6,8,4.3, 
jus press up mangue brique 1l x6,39,2.6, 
jus press up orange brique 1l x6,32,1.2, 
jus press up peche brique 1l x6,35,1.2, 
jus press up poire brique 1l x6,20,1.1, 
jus press up pomme brique 1l x6,17,1.5, 
jus press up raisins rouges brique 1l x6,41,3.7, 
jus pressea brique ananas 1l x12,1,0.1, 
jus pressea brique ananas gingembre 1l x12,0,0.1, 
jus pressea brique bissap 1l x12,28,3.5, 
jus pressea brique cocktail 1l x12,275,32.4, 
jus pressea brique cocktail light 1l x12,0,8.7, 
jus pressea brique cocktail mango 1l x12,0,0.1, 
jus pressea brique coco ananas 1l x12,605,72.4, 
jus pressea brique goyave 1l x12,395,57.4, 
jus pressea brique mango passion 1l x12,0,0.1, 
jus pressea brique mangue 1l x12,183,17.6, 
jus pressea brique orange 1l x12,115,12.3, 
jus pressea brique pomme 1l x12,23,3.4, 
jus pressea mini ananas 200ml x24,157,12.3, 
jus pressea mini cocktail 200ml x24,160,11.8, 
jus pressea mini orange 200ml x24,100,6.8, 
jus pressea mini pomme 200ml x24,95,5.9, 
jus primo bouteille 100f 230ml x24,-2,61.8, 
jus primo pot (50f) 120ml x56,0,36.1, 
jus sun top gm orange 1l x12,5,0.5, 
jus sun top gm pomme 1l x12,10,0.3, 
jus sun top gm tropical 1l x12,0,0.1, 
jus sun top mangue 125ml x24,50,9.4, 
jus sun top orange 125ml x24,159,9.5, 
jus sun top pm citron 125ml x24,2,1.2, 
jus sun top pm cocktail 125ml x24,207,25.9, 
jus sun top pm goyave 125ml x24,0,0.1, 
jus tampico pot x24,0,0.1, 
jus tampico sachet 200ml x30,0,63, 
jus zoom pot 20cl x28,0,0.1, 
keppou 12 x6,303,28.6, 
ketchup dieg bou diar bidon 1kg x12,0,0.1, 
ketchup dieg bou diar bidon 5kg,126,27.7, 
ketchup dieg bou diar sachets 50g x40,47,2.8, 
ketchup linguere 340g x24,90,9, 
ketchup linguere bidon 5kg,251,22.4, 
ketchup linguere stick 10g x500,0,0.1, 
ketchup tama bidon 5kg,222,16, 
kidilac cereales blé sachets 50g x100,0,0.2, 
kidilac cereales pot blé 400g x12,0,0.1, 
kidilon cereales pot mais 210g x12,7,0.2, 
kidilon cereales pot multi cereales 210g x12,0,0.4, 
lait - candia gm demi-ecreme 1l x12,64,22.7, 
lait - candia moyen demi-ecreme 50cl x12,0,27.5, 
lait - candia pm brique demi-ecreme 20cl x24,1179,86.4, 
lait - candia pm brique vanille 20cl x24,934,122.1, 
lait - jet lait 20cl x30,62,54.5, 
lait - laicran moyen entier 50cl x12,179,10.6, 
lait - nutri ananas 210ml x24,2,0.1, 
lait - nutri-milk choco 400ml x12,0,0.1, 
lait - nutri-milk orange 210ml x24,0,0.1, 
lait - nutri-milk pomme 210ml x24,-1,0.1, 
lait - nutri-milk pomme 500ml x12,-8,0.1, 
lait - nutri-milk vanille 210ml x24,4,0.1, 
lait concentre gloria non sucre pot pm 160g x24,63,24.5, 
lait concentré hollandia 120g x24,0,0.1, 
lait concentré hollandia 50g x48,0,0.1, 
lait corporel coco pulp 250ml x6,0,0.1, 
lait en poudre dano quotidien 20g x100,0,0.1, 
lait en poudre dano quotidien 400g x10,0,0.1, 
lait en poudre diamo pm 20g x100,0,0.1, 
lait en poudre gloria gm 400g x12,0,0.1, 
lait en poudre gloria pm 16g x120,80,11.1, 
lait en poudre halib gm 400g x10,0,0.1, 
lait en poudre halib pm 20g x100,100,9.4, 
lait en poudre laclait gm 400g x10,24,0.6, 
lait en poudre laclait pm 20g x100,10,0.1, 
lait en poudre laicran gm 400g x10,238,24.2, 
lait en poudre laicran pm 20g x100,1318,144.9, 
lait en poudre laity pm 20g x100,0,0.1, 
lait en poudre lalia gm 400g x10,0,0.1, 
lait en poudre mixwell gm 400g x10,0,0.1, 
lait en poudre mixwell pm 18g x100,0,0.1, 
lait en poudre nido gm 400g x12,0,0.1, 
lait en poudre nido pm 16g x120,77,10, 
lait en poudre sibon pm 18g x100,0,0.1, 
lait evaporé laicran pot 170g x24,-1,0.4, 
lait evaporé laicran pot 170g x48,70,2.9, 
lait evaporé lalia pot pm 160g x48,29,18.6, 
lait evaporé matinal pot pm 170g x48,124,12.6, 
lait evaporé miwa pot pm 160g x48,11,5.1, 
lait evaporé nour pot 160g x48,76,8.7, 
lait ideal men 200 ml x6,3,2.3, 
lait ideal skin 200 ml x6,16,3, 
lait jaouda gm entier 1l x6,45,4.5, 
lait nova derma 250ml x4,58,2.6, 
lait rose gm 500ml x12,138,17.9, 
lait rose pm 200ml x21,31,7.5, 
lait soft skin 220 ml x6,49,1.8, 
lait vitalait liquide 18cl x24,0,0.1, 
lait vitalait liquide 50cl x6,0,0.1, 
lait yaourt milkana mangue 100g x24,0,0.1, 
lame vitfé x100,0,33.9, 
lampe économique x10,21,1.9, 
levure smart chef x100,211,13.6, 
lingette bébé lilas x1,3523,1, 
mayonnaise calvé 1l x6,0,0.1, 
mayonnaise calvé 225ml x12,0,0.1, 
mayonnaise calvé 450ml x12,0,0.1, 
mayonnaise jadida 1l x6,51,2.9, 
mayonnaise jadida 250ml x12,97,6.2, 
mayonnaise jadida 500ml x12,62,4.4, 
mayonnaise kadi 1l x6,1,0.1, 
mayonnaise kadi 250ml x12,0,0.1, 
mayonnaise kadi 500 ml x12,0,0.1, 
mayonnaise maynes gm 946ml x6,0,0.1, 
mayonnaise maynes moyen 473ml x12,0,0.1, 
mayonnaise maynes pm 237ml x12,0,0.1, 
mayonnaise sofia sachets 20g x120,100,5.5, 
mayonnaise top mayo 3.8l,98,3.1, 
mbomb 100f x6,0,61.7, 
mbomb 200f x4,23,21.4, 
melolac sachets cereales avec lait 50g x50,377,21.8, 
moukhamsa plomb kayna gm 500g x20,31,2.7, 
moukhamsa plomb kayna pm 250g x40,187,11.1, 
moukhamsa plomb pastami gm 500g x12,0,0.1, 
moukhamsa plomb pastami pm 250g x24,105,3, 
moukhamsa plomb rose blanche pm 250g x48,11,9.9, 
moukhamsa tiep rose blanche pm 250g x48,1,0.1, 
moutarde kadi 1kg x6,0,0.6, 
moutarde kadi verre 370g x6,0,0.1, 
moutarde packfood 850g x6,0,0.1, 
moutarde pathial pathial gm 1l x6,104,15.5, 
moutarde pathial pathial pm 330ml x12,46,14.8, 
moutarde reine flacon 340g x12,0,0.1, 
moutarde reine seaux 1kg x6,0,0.1, 
moutarde reine verre 370g x6,27,17.7, 
moutarde reine verre 850g x6,49,4.4, 
net - acide noura flash 1l x12,88,11, 
net - eau de javel armonia gm 1l x12,0,2.5, 
net - eau de javel la croix gm 800ml x15,4,1.3, 
net - eau de javel madar gm 900ml x12,29,26.6, 
net - eau de javel madar seau 65ml x100,138,36.5, 
net - eau de javel vitfe 65ml x100,0,0.1, 
net - lave vitre armonia 750ml x12,56,1.5, 
net - lave vitre madar 1l x12,0,2.1, 
net - lave vitre madar 750ml x12,16,3.5, 
net - lave vitre novelas 750ml x12,19,1.8, 
net - liquide madar gm platinum 900ml x12,0,21.5, 
net - liquide madar gm premium violet 900ml x12,39,11.9, 
net - liquide madar gm renzo 900ml x12,-150,18, 
net - liquide madar moyen 400ml x12,13,15.9, 
net - liquide madar pm platinum 200ml x24,67,20.9, 
net - liquide madar pm renzo 200ml x24,15,17.3, 
net - liquide madar seau renzo 40ml x125,0,18.8, 
net - poudre get 11kg,0,13.6, 
net - poudre madar 100cfa 60g x80,68,23.2, 
net - poudre madar 200cfa 185g x12,124,58.6, 
net - poudre madar 25cfa 15g x180,0,8.4, 
net - poudre madar 400g x10,-1,16, 
net - poudre madar 50cfa 25g x90,8,9.9, 
net - poudre madar 900g x10,272,7.7, 
net - poudre madar platinum 10 kg,0,0.1, 
net - poudre madar platinum 160g x12,0,0.1, 
net - poudre madar platinum 800g x10,0,0.1, 
net - poudre noura 10kg,0,9.5, 
net - poudre novelas 100cfa 60g x80,34,2.8, 
net - poudre novelas 200cfa 170g x40,0,1.8, 
net - poudre novelas floral 15g x180,26,3.2, 
net - poudre novelas floral 50cfa 30g x90,7,2, 
net - poudre saba 100cfa 60g x80,0,10.7, 
net - poudre saba 200cfa 160g x40,0,42.4, 
net - poudre saba 25cfa 15g x180,0,3.2, 
net - poudre saba 400g x10,0,22, 
net - poudre saba 50cfa 25g x90,0,2.9, 
net - poudre saba floral 850g x12,0,0.1, 
net - poudre so'klin 25cfa 15g x300,0,0.1, 
net - poudre so'klin 50cfa 25g x150,0,0.1, 
net - poudre zenta 170g x40,0,10, 
net - poudre zenta 400g x12,0,3.3, 
net - sabou la main x18,0,0.1, 
net - savon bienco gm x24,99,20.6, 
net - savon bienco pm x60,156,12.9, 
net - savon diam 250g x18,114,8.9, 
net - savon fanico gm 300g x24,0,0.1, 
net - savon la main x18,1943,83.2, 
net - savon larissa carotte x1,0,0.1, 
net - savon madar multi-usage blanc 250g x18,29,2.7, 
net - savon madar multi-usage bleu 250g x18,0,2.3, 
net - savon madar multi-usage jaune 250g x18,18,3.4, 
net - savon madar ordinaire 400g x24,0,0.1, 
net - savon ordinaire 275g x18,292,50.8, 
net - savon pharmapur classique 150g x12,51,1.7, 
net - savon pharmapur fresh 150g x12,36,1, 
net - savon pharmapur herbal 150g x12,8,3.6, 
net - savon saba 275g x18,0,0.1, 
net - savon santex rouge 90g x6,0,0.1, 
nouilles jollof chicken golden penny 70g x40,0,15.1, 
nouilles poulet golden penny 70g x40,0,0.1, 
nutribom boite avoine 300g x16,17,0.3, 
nutribom boite banane pomme 300g x16,12,0.8, 
nutribom boite maïs 300g x16,14,0.7, 
nutribom boite miel 300g x16,9,0.9, 
nutribom boite multicereales 300g x16,9,1.1, 
nutribom boite riz 300g x16,17,0.4, 
nutrilac pot 3 fruits 360g x12,1,1.3, 
nutrilac pot banane 360g x12,17,0.4, 
nutrilac pot blé avec lait cereales 400g x12,0,5.4, 
nutrilac pot miel 360g x12,12,0.8, 
nutrilac sachets blé avec lait cereales 50g x100,9,1.1, 
olives vertes entieres 370g x12,0,4.3, 
papier essuie -tout style jumbo x9,0,1.8, 
papier essuie tout lilas jumbo x6,295,23.9, 
papier essuie tout lilas xl x6,271,24.4, 
papier essuie tout lys xl x6,74,6.1, 
papier essuie tout lys xxl maxi 600f - x6,79,5.7, 
papier marabout x100,15,17.5, 
papier toilette lys x12,65,3.6, 
paquet ardoise abc x12,0,11, 
paquet ardoise simple x12,241,5.1, 
paquet batonnet x1,218,62.1, 
paquet batterie royal pm r3 x12,32,7.4, 
paquet blanco pour cahier x12,4,14, 
paquet boyale x48,219,24.8, 
paquet cadenas 25mm x12,0,4.8, 
paquet caleçon homme x1,0,0.1, 
paquet compas plastique x24,0,8.2, 
paquet confo x12,0,8.6, 
paquet craie blanche lisse x1,30,27.8, 
paquet craie blanche ordinaire x1,504,8.4, 
paquet crayon couleur gm x12,0,2.9, 
paquet crayon couleur moy x12,61,7.8, 
paquet crayon couleur pm x 24,42,12.8, 
paquet crayon noir x12,0,52.2, 
paquet double decimetre x24,0,15.9, 
paquet enveloppe 100f x50,5,4.9, 
paquet enveloppe 15f x50,15,6.3, 
paquet eponge x24,27,4.6, 
paquet equerre x48,22,10.9, 
paquet gomme x30,124,11.1, 
paquet kawass coupe blanc x12,0,7.4, 
paquet kawass coupe noir x12,0,8.9, 
paquet kawass long blanc x12,100,0.1, 
paquet kawass long noir x12,8,12.8, 
paquet masque bleu x 1,0,6.1, 
paquet masque noir x 1,36,3.1, 
paquet mbouss 250g x50,20,0.4, 
paquet mentholatum pm x6,21,7.1, 
paquet muscade sachet x100,20,7.8, 
paquet rapporteur x48,36,8.6, 
paquet rob pm x6,36,3.1, 
paquet scotch italia gm x6,0,6.2, 
paquet scotch khaliss pm x12,0,5.7, 
paquet scotch noir pm x12,25,5.1, 
paquet sous vêtements x10,5,1.5, 
paquet the zeum pm 25g x10,114,92.1, 
parfum life in colors 50ml x6,43,3.9, 
parfum style 75ml x6,79,8.4, 
pastilles valda boite x10,8,57.4, 
pastilles valda sachet x100,0,0.1, 
pates amira macaroni lisse 250g x24,-1,0.1, 
pates amira macaroni lisse 500g x20,-1,0.1, 
pates amira macaroni rayé 500g x12,16,1.4, 
pates amira petite macaroni lisse sac 5kg,0,0.1, 
pates amira spaghetti pm 250g x40,0,0.1, 
pates amira vermicelles gm 500g x12,50,0.1, 
pates amira vermicelles pm 250g x24,-1,0.1, 
pates amira vermicelles sac 5kg,53,6.7, 
pates auntie b spaghetti slim gm 400cfa 400g x20,1478,22.5, 
pates auntie b spaghetti slim gm 400cfa 400g x20,1478,22.5, 
pates auntie b spaghetti slim gm 400cfa 400g x20,1478,22.5, 
pates auntie b spaghetti slim pm 200cfa 200g x40,2767,39.2, 
pates auntie b spaghetti slim pm 200cfa 200g x40,2767,39.2, 
pates auntie b spaghetti slim pm 200cfa 200g x40,2767,39.2, 
pates generique macaroni sac 5kg,0,7.7, 
pates generique vermicelles sac 5kg,0,1.6, 
pates kayna macaroni coquillette 500g x12,46,4, 
pates kayna spaghetti gm 500g x20,0,0.1, 
pates kayna spaghetti pm 250g x40,0,21.1, 
pates kayna vermicelles 500g x12,167,15.2, 
pates kayna vermicelles sac 5kg,173,37.3, 
pates maman spaghetti gm 500g x20,53,3.8, 
pates maman spaghetti pm 250g x40,39,7.8, 
pates pastami macaroni gm 500g x12,27,1.4, 
pates pastami macaroni pm 250g x24,77,4.6, 
pates pastami macaroni sac 5kg,278,19.4, 
pates pastami spaghettis fins gm 500g x20,200,11.1, 
pates pastami spaghettis fins pm 250g x40,0,0.1, 
pates pastami vermicelles gm 500g x12,0,0.1, 
pates pastami vermicelles pm 250g x24,0,0.1, 
pates pastami vermicelles sac 5kg,0,0.1, 
pilote blanc x12,1,3.75, 
pilote noir x12,0,11.4, 
piment liquide diamo 250ml x12,40,3.2, 
piment liquide pika pika 360ml x12,148,7.7, 
piment liquide zafi 340ml x12,0,0.1, 
piment pathial pathial pm 350ml x12,21,14.7, 
piment pika pika bidon 2kg,184,9.6, 
pinton gm 750g x12,0,0.1, 
pinton pm 380g x24,272,42.7, 
pm 7up pet 33cl x12,0,0.1, 
pm 7up zéro sucre pet 33cl x12,5,0.1, 
pm american cola 33cl x12,150,23.2, 
pm black power pet 50cl x12,0,0.1, 
pm boisson ya coco x12,5061,759.3, 
pm bubble up lemon 33cl x12,257,9.3, 
pm coca cola 30cl x12,119,86.9, 
pm coca cola zero 30cl x12,1,0.1, 
pm energie maca plus  x12,0,0.1, 
pm energie x-men 33cl x12,544,54.9, 
pm energie xxl 33cl x12,425,23.2, 
pm fanta ananas 30cl x12,72,31.9, 
pm fanta fruits rouge 30cl x12,0,0.1, 
pm fanta orange 30cl x12,44,35.9, 
pm gazelle ananas 30cl x12,370,58.5, 
pm gazelle limonade 30cl x12,0,0.1, 
pm gazelle pomme 30cl x12,195,40.3, 
pm gazelle tonic 30cl x12,139,67.7, 
pm jet 7 ananas 35cl x12,283,30.3, 
pm jet 7 cola 35cl x12,470,59.8, 
pm jet 7 energy drink 35cl x12,397,78, 
pm jet 7 fruit rouge 35cl x12,897,90.6, 
pm jet 7 orange 35cl x12,224,26.9, 
pm jet 7 peche 35cl x12,159,29, 
pm jet 7 pomme 35cl x12,156,10.6, 
pm jet 7 sprite 35cl x12,315,51.1, 
pm juko 100cfa ananas 23cl x24,294,27.7, 
pm juko 100cfa cocktail 23cl x24,308,16.8, 
pm juko 100cfa fruits rouges 23cl x24,4,13.1, 
pm juko 100cfa mangue 23cl x24,194,17.7, 
pm juko 100cfa orange 23cl x24,319,18.4, 
pm juko 100cfa pomme 23cl x24,169,12, 
pm king ananas 33cl x12,168,24.5, 
pm king café 33cl x12,0,0.1, 
pm king cocktail 33cl x12,126,14.1, 
pm king cola 33cl x12,44,16.6, 
pm king fruit rouge 33cl x12,242,32.6, 
pm king mojito 33cl x12,0,0.1, 
pm king orange 33cl x12,211,17.4, 
pm king pomme 33cl x12,83,9.2, 
pm king sprite 33cl x12,170,26.9, 
pm mirinda fruity pet 33cl x12,0,0.1, 
pm mirinda orange pet 33cl x12,0,0.1, 
pm pepsi max pet 33cl x12,1,0.1, 
pm pepsi pet 33cl x12,22,89.5, 
pm planet ananas 35cl x12,327,17.9, 
pm planet orange 35cl x12,177,16.2, 
pm planet pomme 35cl x12,280,22.2, 
pm planet redmix 35cl x12,93,26.5, 
pm planet tropical 35cl x12,181,24.4, 
pm pressea fresh ananas coco 33cl x12,2,152.1, 
pm pressea fresh mangue coco 33cl x12,4,113.9, 
pm pressea fresh tropical 33cl x12,4,0.1, 
pm primo ananas 33cl x12,-3,89.7, 
pm primo cola 33cl x12,0,0.1, 
pm primo energy 33cl x12,0,0.1, 
pm primo fruit rouge 33cl x12,332,124.6, 
pm primo orange 33cl x12,210,79.3, 
pm primo pomme 33cl x12,230,72.9, 
pm primo sprite 33cl x12,374,69.1, 
pm punch ananas 33cl x12,0,0.1, 
pm punch ananas coco 33cl x12,0,0.1, 
pm punch cola 33cl x12,0,0.1, 
pm punch fruit rouge 33cl x12,0,0.1, 
pm punch limonade 33cl x12,0,0.1, 
pm punch mangue 33cl x12,0,0.1, 
pm punch orange 33cl x12,0,0.1, 
pm punch pomme 33cl x12,0,0.1, 
pm schweppes agrumes 30cl x12,6,121.1, 
pm schweppes citron 30cl x12,0,0.1, 
pm sprite 30cl x12,151,59.5, 
pm tampico bouteille citrus 33cl x12,5,199.1, 
pm top ananas 30cl x12,236,49.4, 
pm top orange 30cl x12,369,86.9, 
pm top tropical 30cl x12,0,0.1, 
pm vimto 30cl x12,419,100.1, 
pm world cola 30cl x12,0,0.1, 
pm x-plus 33cl x12,0,0.1, 
pm youzou limonade 30cl x12,0,0.1, 
pommade frotté vitfe pm x6,146,63.7, 
pot gomme x80,0,11.5, 
pot taille crayon x36,0,8.2, 
protege cahier bleu x1,36,8.5, 
protege cahier jaune x1,61,8.4, 
protege cahier marron x1,0,6, 
protege cahier noir x1,6,6.6, 
protege cahier rouge x1,4,9.3, 
protege cahier vert x1,18,8.4, 
puree pomme de terre maman gm 400g x10,92,4, 
puree pomme de terre maman pm 30g x80,463,18.4, 
rallonge 10m x1,0,9.2, 
rallonge 5m x1,0,10.9, 
rasoir fer x12,0,4.9, 
rasoirs lame bic deb double tranchante x100,127,12.5, 
rasoirs lord double 2 x10x9,20,1.4, 
rasoirs racer  double 2 x10x9,8,1.1, 
ressal gum sachet ginger lemon x100,30,9.1, 
ressal gum sachet ice mint x100,106,27.8, 
ressal gum sachet modou gum x100,168,12.1, 
royal puree pm 30g x80,0,0.1, 
sac aliments de betail yafal 40kg,35,1.6, 
sac aliments de betail yafal ladoum 40kg,47,1, 
sac aliments pour betail nma khonte 40kg,97,17, 
sac lait alina petit dej 25kg,0,14.2, 
sac lait castle dairy ue 25kg,0,0.1, 
sac lait dairy 25kg,89,5.8, 
sac lait entier pura 25kg,0,0.1, 
sac lait karibu 25kg,0,0.1, 
sac lait lactimilk 25kg (fait du lait caillé),35,3.8, 
sac lait mixwell 25kg,0,0.1, 
sac lait mixwell blanc 10kg,0,0.1, 
sac lait simi 10kg  (fait du lait caillé),0,3.8, 
sac lait supercow 25kg,0,0.1, 
sac lait zelande 25kg,91,4.8, 
sac lait zelande gold 25kg,0,7.8, 
sac oignons importe 25kg,137,79.4, 
sac petit pois 20kg,106,8.1, 
sac riz bara bara 25kg,0,35.8, 
sac riz bara bara 50kg,0,19.1, 
sac riz bara bara dona oumou 25kg,0,0.1, 
sac riz bara bara dona oumou 50kg,1,0.1, 
sac riz big joe bara bara gold 25kg,68,37.4, 
sac riz big joe bara bara gold 50kg,302,14.1, 
sac riz big joe non parfumé rouge 50kg,959,222.2, 
sac riz non parfume birman phitimi 50kg,49,48.5, 
sac riz parfumé patron 25kg,971,17.4, 
sac riz parfumé patron 50kg,198,24, 
sac riz parfumé phitimi bleu 25kg,69,24.3, 
sac riz parfumé phitimi bleu 50kg,0,0.1, 
sac riz parfumé sangomar 25kg,0,0.1, 
sac riz phitimi aigle 25kg,897,184.1, 
sac riz phitimi aigle 50kg,874,237.7, 
sac riz supreme 25kg (tyson),653,51, 
sac riz supreme 50kg (tyson),384,17, 
sac riz tiep bi fine brisure valle 20kg,0,1, 
sac riz tiep bi riz brise vallee 20kg,106,1.6, 
sac riz tiep bi riz entier de la vallee 20kg,279,2.6, 
sac riz umbrella 25kg,0,0.1, 
sac riz umbrella 50kg,0,0.1, 
sac riz vallee karolina brisé 25kg,0,6.6, 
sac riz vallee karolina entier (long grain) 25kg,0,14.6, 
sac sucre 50kg css,0,0.1, 
sac sucre 50kg importé,-1,298.8, 
sac sucre 50kg importé css,0,0.1, 
sac tangal menthe fraiche 400g x20,101,10, 
sachet chocolat delia stick 12g x60,229,19.4, 
sachet mayonnaise diamo stick 18ml x25,43,2.7, 
sankhal jeyna 400g x10,0,0.1, 
sankhal maman thiaba 200g x20,297,28.5, 
sauce soja resto 100f 25ml x10,281,61.7, 
sauce soja resto 50f 12ml x10,0,0.1, 
sauce soja resto gm 750ml x12,50,6.4, 
sauce soja resto pm 150ml x12,41,4.1, 
savon bacteril classic 200g x6,459,20.1, 
seau beurre jadida 2.5kg,34,1.2, 
seau beurre jadida 5kg,28,4.6, 
seau bouillon tak tak poudre 5kg,0,0.1, 
seau chocolat chocopain 5kg,183,79.2, 
seau chocolat delia 5kg,166,12.4, 
seau chocolat mon choco 5kg,435,36.8, 
seau huile niani (arachide) dosette x60,5,0.3, 
seau mayonnaise ami 5l,0,0.1, 
seau mayonnaise chef aida 5l,398,28.2, 
seau mayonnaise diamo 5l,253,24.6, 
seau mayonnaise ekla 5l,214,42.3, 
seau mayonnaise jadida 5l,1426,123, 
seau mayonnaise kadi 5l,0,48.2, 
seau mayonnaise maynes 5l,0,0.1, 
seau mayonnaise mis 5l,0,6.4, 
seau moutarde chef aida 2kg,0,0.1, 
seau moutarde chef aida 5kg,-1,0.5, 
seau moutarde kadi 5kg,38,4.4, 
seau moutarde reine 5kg,269,27.2, 
serpillère blanc x1,182,57.4, 
serpillère noir x1,102,80.1, 
serviette de table lilas x1,0,57.2, 
serviette de table lilas x18,207,23.4, 
serviettes de table lys x18,181,14.3, 
serviettes hygieniques always maxi long x18,245,15.7, 
serviettes hygieniques perfect maxi night x12,0,17.6, 
serviettes hygieniques perfect maxi normal pocket x12,56,9.6, 
serviettes hygieniques perfect maxi super pocket x12,37,6.8, 
serviettes hygieniques softcare a+ jaune nouveau format x24,14,41, 
serviettes hygieniques softcare a+ rose x24,7,5.9, 
serviettes hygieniques softcare mauve x24,0,6.6, 
stylo bic bleu cristal original x10,531,49.1, 
stylo bic noir cristal original x10,273,15.8, 
stylo bic rouge cristal original x10,206,19.4, 
stylo bic vert cristal original x10,0,0.1, 
stylo long pen  bleu x50,1469,9.3, 
stylo tri grip bleu,302,9.4, 
sucre buchette st louis sachets 4g x125,11,1.1, 
sucre cristal bon appetit gm menthe 180g x30,48,4, 
sucre cristal bon appetit gm vanille 180g x30,112,10.1, 
sucre cristal bon appetit pm vanille 20g x10,342,20.3, 
sucre cristal gourmet vanille pm 20g x100,548,73.8, 
sucre morceaux beghin say 1kg x5,395,26.9, 
sucre morceaux bon appetit (importe) 1kg x5,440,18.4, 
sucre morceaux css 1kg x5,312,49, 
sucre morceaux daddy 1kg x5,1,3.7, 
sucre morceaux roux css 1kg x5,5,2.5, 
sucre morceaux souki 1kg x5,43,5.8, 
sucre morceaux st louis 1kg x5,235,24.2, 
sucre poudre sunu suker css 1kg x5,51,1.3, 
sucre vanille foster clark 6g x24,36,2.4, 
sucre vanille smartchef 20g x100,36,3, 
sunuton 380g x12,0,27.3, 
tablette chewing-gum hollywood x20,3837,216.1, 
tangal freegel bleu x12,72,10.7, 
tangal freegel noir x12,1618,122.4, 
tangal freegel vert x12,118,11.9, 
tangal royal fruits 100pcs,11879,56.4, 
tangal royal fruits 100pcs,11879,56.4, 
tangal royal ginger-fruit 100pcs,10728,17.1, 
tangal royal ginger-fruit 100pcs,10728,17.1, 
tangal royal mint 100pcs,14923,271.5, 
tangal royal mint 100pcs,14923,271.5, 
tangal sucettes rio pop cola 48,199,26.6, 
tangal sucettes rio pop fraise 48,338,43.7, 
tangal sucettes rio pop ice cream 48,201,16.3, 
tangal sucettes rio pop mega x24,206,16, 
tangal sucettes rio pop mix fruit x48,200,30.6, 
tangal super mint x50,34,6.8, 
tasses ataya x12,80,45.3, 
tasses à café + couvercles taille 8 x50,0,7.8, 
tasses à café taille 2 x50,0,0.1, 
"tasses à café taille 3,5 x50",0,114.8, 
tasses à café taille 4 x50,0,98.2, 
tasses à café taille 5 x50,478,25.1, 
tasses à café vitfé taille 4 x50,352,20.8, 
the lipton classique x100,0,27.6, 
the nour classique x100,15,7.2, 
thiouraye anti moustique x1,112,6.3, 
tomate concentree dieg bou diar 400g x12,106,10.4, 
tomate concentree dieg bou diar 800g x12,140,8.3, 
tomate concentree dieg bou diar sachet gm 60g x40,780,122.1, 
tomate concentree dieg bou diar sachet pm 30g x80,160,13.8, 
tomate concentree flora 2kg x6,0,0.1, 
tomate concentree linguere 350g x12,89,5.8, 
tomate concentree linguere 700g x12,116,1.9, 
tomate concentree linguere 800g x12,0,0.1, 
tomate concentree linguere sachet gm 60g x40,470,31.4, 
tomate concentree linguere sachet pm 30g x80,250,5.1, 
tomate concentree linguere seau 2kg x6,14,1.3, 
tomate concentree tama 2kg x6,608,59.2, 
tomate concentree tama 350g x12,159,12.8, 
tomate concentree tama 700g x12,0,0.1, 
tomate concentree tama sachet gm 60g x40,0,0.1, 
tomate dieg bou diar metal gm 2kg,0,0.1, 
tomate dieg bou diar plastique gm 2kg x6,2,14.4, 
tomate dieg bou diar plastique pm 350g x12,222,13.9, 
tomate rouge tomatina 800g x12,1,0.6, 
tomate sauce flora 400g x12,0,0.1, 
tomate sauce flora 800g x12,32,2.6, 
trousseau geometrique gm x1,400,47.9, 
trousseau geometrique pm x1,443,65.3, 
twins cake x24,0,78, 
vinaigre 3 lions gm blanc 1l x12,-1,1.1, 
vinaigre adja colore gm 1l x12,1934,43, 
vinaigre adja colore pm 25cl x24,0,0.1, 
vinaigre kadi colore gm 1l x12,88,19.3, 
vinaigre marin'or blanc gm 1l x12,82,6.3, 
vinaigre marin'or blanc pm 25cl x24,13,1.7, 
vinaigre marin'or coloré gm 1l x12,167,11.9, 
vinaigre marin'or coloré pm 25cl x24,134,6.2, 
vinaigre mis colore gm 1l x12,-204,10.6, 
vinaigre mis colore pm 25cl x24,0,11.2, 
vinaigre noor blanc gm 1l x12,7,2.1, 
vinaigre noor blanc pm 250ml x24,0,0.1, 
vinaigre noor rouge gm 1l x12,16,1.9, 
vinaigre noor rouge pm 250ml x24,20,3.4, 
wekhal en grains vitfé 7g x100,0,6.1, 
yewi ananas 450ml x12,215,14.8, 
yewi citron 450ml x12,104,8.7, 
yewi cocktail 450ml x12,157,9.5, 
yewi fruits rouges 450ml x12,302,16.3, 
yewi mangue 450ml x12,186,8.6, 
yewi orange 450ml x12,233,10.1, 
yewi pomme 450ml x12,103,6.1, 
1/2 carton biscuits chico miko chocolat gm 125g x12,18,0.7,23
1/2 carton biscuits chico miko fraise gm 125g x12,7,0.3, 
1/2 carton chocolat delia 1kg x3,16,1.5, 
1/2 carton chocolat delia 250g x6,53,3.4, 
1/2 carton chocolat delia 500g x6,12,3.5, 
1/2 carton huile niani (arachide) 1l x6,0,0.1, 
1/2 carton lait concentré hollandia 120g x12,0,0.1, 
1/2 carton lait concentré sucré cheri mama x12,0,0.1, 
1/2 carton lait en poudre lalia gm 400g x5,426,2.7, 
1/2 carton lait en poudre lalia pm 20g x50,0,1.4, 
1/2 carton lait evaporé laicran pot 170g x12,0,0.1, 
1/2 carton mayonnaise chef aida 225ml x6,0,0.7, 
1/2 carton moutarde chef aida 450ml x3,0,0.1, 
1/2 carton pates amira macaroni lisse 250g x12,0,0.1, 
1/2 carton pates amira macaroni lisse 500g x10,0,0.1, 
1/2 carton pates amira macaroni lisse 500g x6,237,3.8, 
1/2 carton pates amira macaroni rayé 500g x6,24,4.7, 
1/2 carton pates amira spaghetti gm 500g x10,259,19.7, 
1/2 carton pates amira spaghetti pm 250g x20,401,41.3, 
1/2 carton pates amira torsades 500g x10,0,0.1, 
1/2 carton pates amira torsades 500g x6,0,0.1, 
1/2 demi carton adja epices 12g x360,482,17.6, 
1/2 demi carton adja epices 60g x60,-3,36.5, 
1/2 demi carton adja super 12g x360,259,7.8, 
1/2 demi carton adja super 60g x60,153,15, 
1/2 demi carton adja tomate 12g x360,187,7.3, 
1/2 demi carton adja tomate 60g x60,124,12.4, 
1/2 demi carton batterie duracell moyen aa x10,0,0.1, 
1/2 demi carton bicarbonate 90g x50,253,22.9, 
1/2 demi carton cafe teranga 100g x12,0,0.1, 
1/2 demi carton cafe teranga 200g x12,0,0.1, 
1/2 demi carton cafe teranga 50g x24,-1,10.1, 
1/2 demi carton fromage vache qui rit 24 portions x12,0,19.5, 
1/2 demi carton fromage vache qui rit 8 portions x36,147,18, 
1/2 demi carton joker epices 12g x240,137,4.7, 
1/2 demi carton joker epices 60g x60,81,6.9, 
1/2 demi carton joker super 12g x240,21,23.9, 
1/2 demi carton joker super 60g x60,39,25.5, 
1/2 demi carton joker tomate 12g x240,0,15.6, 
1/2 demi carton joker tomate 60g x60,34,5, 
1/2 demi carton jumbo arome cube x12x24,198,3.9, 
1/2 demi carton jumbo cube x12x24,216,4.3, 
1/2 demi carton kadi epices 10g x360,0,0.1, 
1/2 demi carton kadi epices 12g x360,38,2.4, 
1/2 demi carton kadi epices 60g x60,316,25.5, 
1/2 demi carton lait bridel gm 50cl x12,132,37.8, 
1/2 demi carton lait bridel pm 25cl x12,127,19.3, 
1/2 demi carton lait concentre gloria pot gm 370g x24,43,7, 
1/2 demi carton lait concentré sucré nour1kg x12,0,3.9, 
1/2 demi carton lait en poudre halib gm 400g x5,60,7.4, 
1/2 demi carton lait en poudre laclait gm 400g x5,28,5.1, 
1/2 demi carton lait en poudre nour animal gm 350g x5,53,0.3, 
1/2 demi carton lait en poudre nour végétal gm 400g x5,38,0.8, 
1/2 demi carton maggi arome liquide gm 250ml x12,0,0.1, 
1/2 demi carton maggi arome liquide pm 138ml x14,14,4.5, 
1/2 demi carton mameum epices maggi sticks 15g,144,18.1, 
1/2 demi carton mouchoir lotus 100f x20,178,15.1, 
1/2 demi carton mouchoir smiley 100f x15x5,268,9.3, 
1/2 demi carton moutarde extra forte 25g x12x20,0,4.4, 
1/2 demi carton nescafé pot 100g x12,116,6.2, 
1/2 demi carton nescafé pot 200g x6,64,3, 
1/2 demi carton nescafé pot 50g x24,130,5.9, 
1/2 demi carton oro insecticide gm pompe double action 750ml x12,37,4.7, 
1/2 demi carton oro insecticide pm pompe double action 300ml x12,60,15.1, 
1/2 demi carton papier mouchoir de poche lucart x12,0,0.1, 
1/2 demi carton pates amira vermicelles gm 500g x6,17,1.1, 
1/2 demi carton pates amira vermicelles pm 250g x12,39,2, 
1/2 demi carton sardines 125g x25,34,21.7, 
1/2 demi carton sel raffine selbe 250g x50,0,10.9, 
1/2 demi carton sticks reine 15g x150,0,0.1, 
1/2 demi carton sticks reine 25g x150,0,0.1, 
1/2 demi carton tablette maggi arome x24,76,11.3, 
1/2 demi carton tablette maggi x24,230,30.3, 
1/2 demi carton the flecha noir pm 25g x100,28,4.4, 
1/2 demi carton the flecha vert gm 200g x50,44,3, 
1/2 demi carton the flecha vert pm 25g x100,928,84.8, 
1/2 demi carton the koutam pm 25g x100,140,25, 
1/2 demi carton vitfe pompe insecticide x12,103,13.1, 
1/2 demi carton yotox insecticide pm 400ml x12,198,10.9, 
1/2 mayonnaise chef aida 1l x3,0,0.1, 
1/2 mayonnaise chef aida 450ml x6,0,0.1, 
1/2 moutarde chef aida 225ml x6,0,0.4, 
1/2 sachet sucre poudre css sunu suker 250g x20,0,0.1, 
1/2 sachet sucre poudre souki 250g x20,0,0.3, 
1/4 rasoirs bic x5 sachet x10,153,17.2, 
1/4 rasoirs laser platinum double 2 x10,52,5.4, 
ail carton 10kg,46,62.8, 
allumettes baobab pm x100,183,7.3, 
allumettes palm tree moyen 3 x12,0,12.5, 
allumettes palm tree pm x100,2,24, 
araw jeyna 400g x10,0,0.1, 
arome chapelet jumbo liquide sachets pm x20,4104,103, 
arome sauce  soralé pm 340ml x12,20,1.7, 
babylac pot blé et lait cereales 300g x12,72,5.8, 
balai abc x1,0,0.1, 
balai x1,0,30.7, 
balle dalle adidas x1,83,20.3, 
balle dalle thiarakh marron x6,27,14.4, 
balle dalle thiarakh x6,0,12.8, 
balle journal 15kg x1,0,24.5, 
balle plastique x6,27,5.9, 
balle tangsi x12,7,4.6, 
bama mayonnaise stick 17ml x100,0,0.1, 
barbecue linguere 220g x24,0,0.1, 
barquette aluminium 1kg x125,20,7.4, 
batterie kk dido x12,6,5, 
bec à gaz original,9,26.8, 
beignets crevettes prima multi colores 170g x1,792,54.2, 
beurre jadida 1kg x6,72,3.8, 
beurre jadida 500g x12,191,18.9, 
beurre kadi 500g x12,40,1, 
beurre sofia sachets 20g x100,280,32.9, 
bic feutre vitfé x13,696,23.4, 
bic feutre x12,0,9.3, 
biscuit bisking 30g x50,283,61.7, 
biscuits a break cacao 37g x24,59,7.9, 
biscuits a break plain 37g x24,64,4.7, 
biscuits baba x50,1364,118.1, 
biscuits be -breton 48g x30,14,1.1, 
biscuits be -fun choco 60g x30,9,1.4, 
biscuits be -top 52g x30,19,1.6, 
biscuits be cake fluffy 40g x36,34,4, 
biscuits be cooky 68g x24,78,10.9, 
biscuits be donut 40g x36,73,11.5, 
biscuits bisko chocolat sachets x50,968,36.5, 
biscuits bisko fourio max chocolat 48g x24,49,3, 
biscuits bisko fourio max vanille 48g x24,45,0.1, 
biscuits bisko l'original pm sachets x50,3244,474, 
biscuits biskrem pm 40g x24,937,91.4, 
biscuits bissrol mozaik 45g x24,0,0.1, 
biscuits bissrol mozaik nouveau 45g x24,0,0.1, 
biscuits bonita coco  x100,42,15.8, 
biscuits boom choco x24,769,51.4, 
biscuits boom vanille x24,494,18.6, 
biscuits carnaval gm banane 40g x24,146,5.4, 
biscuits carnaval gm cacao 40g x24,55,10.5, 
biscuits carnaval gm fraise 40g x24,176,5.7, 
biscuits carnaval gm vanille 40g x24,76,9.7, 
biscuits carnaval pm banane 22g x24,235,16.4, 
biscuits carnaval pm cacao 22g x24,865,46.1, 
biscuits carnaval pm fraise 22g x24,13,21.8, 
biscuits carnaval pm lait 22g x24,658,38.2, 
biscuits chico miko chocolat pm 30g x24,39,2, 
biscuits chico miko fraise pm 30g x24,28,1.4, 
biscuits cookie boom nature 36g x24,0,5.6, 
biscuits deemah x24,84,7.5, 
biscuits empire gm cacao 100g x12,-1,12.6, 
biscuits empire gm plain 100g x12,201,12.8, 
biscuits empire pm cacao 40g x24,290,17.8, 
biscuits empire pm plain 40g x24,172,24.6, 
biscuits exelo eyo'o cover 48g x30,40,2.7, 
biscuits exelo king cookies 48g x30,1,1.9, 
biscuits fiarino chocolat 40g x24,0,0.1, 
biscuits fiarino vanille 40g x24,0,0.1, 
biscuits go7 gm vanille 37g x24,30,2, 
biscuits good time x24,41,9.5, 
biscuits harmony maxi gm cacao 40g x24,92,5, 
biscuits harmony maxi gm vanille 40g x24,113,4.8, 
biscuits harmony pm vanille 17g x24,51,4.3, 
biscuits hay hay caramel x24,887,33.7, 
biscuits hay hay chocolat x24,5845,56.7, 
biscuits hay hay fraise x24,839,34.5, 
biscuits hi hello x24,151,12.5, 
biscuits ikram 58g x36,1347,112, 
biscuits klas 40g x24,0,0.1, 
biscuits limousine banane 45g x24,0,0.1, 
biscuits limousine chocolat 45g x24,244,15.2, 
biscuits limousine vanille 45g x24,226,11.4, 
biscuits manga white chocolat pm15g x24,62,3, 
biscuits milk x24,886,137.2, 
biscuits milkano x24,0,0.1, 
biscuits mon goffi pm chocolat 17g x24,50,5.4, 
biscuits ndeki sachets x50,168,8.1, 
biscuits nouveau harmony pm banane 17g x24,166,5.7, 
biscuits nouveau harmony pm cacao 17g x24,94,3.1, 
biscuits nutro x24,82,8.4, 
biscuits selfy 40g x24,0,0.1, 
biscuits warr bi gm 100f x50,175,0.1, 
biscuits zina bar pm chocolat 10g x100,34,4.3, 
biscuits zina bar pm fraise 10g x100,37,4.1, 
biscuits zina bar pm vanille 10g x100,65,4.1, 
biscuits zina duo choco 40g x24,39,1.4, 
biscuits zina duo fraise 40g x24,37,3.5, 
biscuits zina duo vanille 40g x24,39,4.4, 
bleu sachet 7g x50,0,13.9, 
bougie 100f x10,1078,52.6, 
bougie 50f x6,-4,70, 
briquets bic pm j3 moyen x50,0,0.1, 
briquets bic pm j5 mini x50,24,1.6, 
briquets blanc pm x50,1,12.9, 
briquets pm x50,0,11.6, 
brosse a dents colgate  deep clean x12,83,5.3, 
brosse a dents colgate  double action x12,37,4, 
brosse a dents enfant x12,0,7.3, 
brosse a dents vitfé 300f x12,76,4.3, 
brosse jean x6,29,6.5, 
cable usb 1m bamba fepp x5,0,3.8, 
cable usb 1m iphone x5,4,2.9, 
cable usb 1m type c x5,25,2.6, 
"café carte noire stick 1,8g x25",0,0.1, 
"café l'or stick 1,8g x25",0,0.1, 
"café maxwell house 1,8g x100",0,13.3, 
"café maxwell house 1,8g x25",0,0.1, 
café nescafé sachets pm 100g x8,62,5.5, 
café nescafé stick 1.5g x150,4142,339.1, 
café touba bakhdad 45g sachet x40,1637,102.9, 
cahier 100 pages x10,5,54.9, 
cahier 200 pages x5,10,49.6, 
cahier 48 pages x24,82,36.2, 
cahier double ligne,0,16.2, 
cahier protege100 pages x10,0,51.7, 
cahier protège 200 pages x5,0,45.7, 
cake trilex  x24,0,16.8, 
calculatrice scientifique x 1,0,15.8, 
can 3x energy ginger gm 50cl x24,0,0.1, 
can 3x energy ginger moyen 33cl x24,0,0.1, 
can 3x energy gm 50cl x24,1046,83.5, 
can 3x energy malt moyen 33cl x24,0,0.1, 
can 3x energy moyen 33cl x24,541,203.1, 
can 3x energy moyen zero 33cl x24,0,0.1, 
can 3x energy pm 25cl x24,0,52.6, 
can 7up 33cl x24,0,0.1, 
can black power gm 50cl x24,0,0.1, 
can black power moyen 33cl x24,0,0.1, 
can black power pm 25cl x24,137,13.5, 
can coca cola 33cl x24,4,61.8, 
can coca cola zero 33cl x24,1,0.1, 
can energie agrumes hora pm 25cl x24,59,3, 
can fanta ananas 33cl x24,148,46.7, 
can fanta fruits rouge 33cl x24,1,0.1, 
can fanta orange 33cl x24,2,54.4, 
can ira ananas gm 320ml x24,0,0.1, 
can ira ananas pm 235ml x24,0,39.7, 
can ira cocktail gm 320ml x24,0,0.1, 
can ivorio ananas pm 33cl x24,0,0.1, 
can jus de coco a la pulpe gm 330ml x24,0,0.1, 
can jus de coco foco gm 520 ml x24,0,0.1, 
can jus de coco foco moyen 350 ml x24,0,0.1, 
can lait de coco divino gm 330ml x24,338,23, 
can minute maid mangue 25cl x24,0,0.1, 
can minute maid orange 25cl x24,0,0.1, 
can minute maid tropical 25cl x24,0,0.1, 
can mirinda fruity 25cl x24,56,7, 
can mixte 33cl x24,2,0.1, 
can n'wely ananas 24cl x24,0,0.1, 
can n'wely cocktail 24cl x24,0,0.1, 
can n'wely coco ananas 24cl x24,0,0.1, 
can n'wely goyave 24cl x24,0,0.1, 
can n'wely mangue 24cl x24,0,0.1, 
can pepsi 25cl x24,8,10, 
can pepsi max 25cl x24,1,4, 
can pepsi zero 25cl x24,1,0.1, 
can pressea coco ananas 25cl x24,97,57.2, 
can pressea goyave 25cl x24,0,37, 
can pressea mangue 25cl x24,2,26.1, 
can pressea orange 25cl x24,0,12, 
can pressea tropical 25cl x24,1,22.8, 
can rani ananas 24cl x24,0,0.1, 
can rani banane 24cl x24,0,0.1, 
can rani cocktail blanc 24cl x24,3,0.1, 
can rani cocktail pulpe 24cl x24,0,0.1, 
can rani coco ananas x24,0,0.1, 
can rani fraise banane 24cl x24,6,0.1, 
can rani goyave 24cl x24,0,0.1, 
can rani mangue 24cl x24,0,0.1, 
can rani mixte pack 24cl x24,0,0.1, 
can rani orange 24cl x24,6,0.1, 
can rani peche 24cl x24,1,0.1, 
can redbull 25cl x24,0,0.1, 
can schweppes agrumes 25cl x24,1,77.1, 
can schweppes citron 25cl x24,36,16.8, 
can schweppes mix agrumes et citron 25cl x24,88,27.7, 
can schweppes tonic 25cl x24,0,16, 
can sprite 33cl x24,0,53.6, 
can treme x gm 50cl x24,0,0.1, 
can treme x pm 33cl x24,0,0.1, 
can vicco malt 33cl x24,0,0.1, 
can vimto 33cl x24,341,42.1, 
can vimto malt 33cl x24,222,27.3, 
can world cola 33cl x24,0,0.1, 
can xl 50cl x24,0,0.1, 
can zisan eau coconut 33cl x24,0,0.1, 
can zisan extra power energy moyen 33cl x24,0,0.1, 
can zisan goyave 33cl x24,0,0.1, 
can zisan malt 33cl x24,0,0.1, 
can zisan tamarind 33cl x24,0,0.1, 
casamançaise le jus ananas 1l x6,293,32.4, 
casamançaise le jus bissap menthe 1l x6,460,40.5, 
casamançaise le jus bouye gingembre 1l x6,0,0.1, 
casamançaise le jus ditakh 1l x6,52,0.1, 
casamançaise le jus mad mangue 1l x6,0,0.1, 
casamançaise le jus mini ananas 200ml x24,491,20.6, 
casamançaise le jus mini bissap menthe 200ml x24,0,33.9, 
casamançaise le jus mini ditakh 200ml x24,0,0.1, 
casamançaise le jus mini mad mangue 200ml x24,0,0.1, 
casamançaise le jus mini orange 200ml x24,0,17.2, 
casamançaise le jus mini tropical 200ml x24,0,16.3, 
casamançaise le jus orange 1l x6,298,17.8, 
casamançaise le jus tropical 1l x6,317,40.1, 
cerelac 3 fruits sachets 50g x80,57,5.2, 
cerelac pot blé avec lait cereales 400g x12,24,2.7, 
cerelac sachets blé cereales 50g x80,59,14.1, 
chapelet lait en poudre halib pm 20g x10,1,96, 
chapelet lait en poudre laclait pm 20g x10,0,3.6, 
chapelet lait en poudre lalia pm 20g x 10,1448,75.1, 
chapelet levure boulangere saf 11g x12,46,4.4, 
chargeur bamba fepp x5,26,3.7, 
chargeur iphone x 5,9,2.4, 
chargeur type c x 5,49,2.1, 
chef aida mayonnaise 2.5l,0,0.1, 
chef aida mayonnaise 25ml x144,11,1, 
chef aida moutarde 1kg x6,0,0.1, 
chewing-  icy mint pot x100,181,12.8, 
chewing-gum boule x1,9,23, 
chewing-gum mentos pot x100,950,94.1, 
chips buggy barbecue x24,473,18.9, 
chips buggy fromage x24,234,8.9, 
chips buggy guud puff barbecue x24,128,15.7, 
chips buggy guud puff fromage x24,172,17.4, 
chips buggy jakarta ketchup x48,118,5.3, 
chips buggy ketchup x24,192,7.7, 
chips buggy oignons x24,40,10.4, 
chips buggy potato sel x24,-1,5.5, 
chips buggy sweet chili x24,52,10.9, 
chips coco meew 35g x24,0,0.1, 
chips fiesta foot ball x24,0,0.1, 
chips fiesta meew 30g x24,196,12.2, 
chips fiesta meew vanille 50f 15g x48,48,5.8, 
chips fiesta puffs fromage,141,19.6, 
chips meew corn toon 100f 35g x24,0,7.9, 
chips mini fiesta potato stick x50,448,16.5, 
chips moda fromage x24,141,16, 
chips moda ketchup x24,153,9.7, 
chips moda poulet x24,263,13, 
chips moda sel x24,195,26.7, 
chips potata 15g x50,129,11.8, 
chips potata 80g x48,195,14.4, 
chips potata epicé 30g x48,54,4.3, 
chips potata oignon 30g x48,0,0.1, 
chips pringles pm x12,32,7.9, 
chips sama doom x48,212,19.1, 
chocolat chocopain 1kg x6,106,17.7, 
chocolat chocopain 250g x24,64,8, 
chocolat chocopain 500g x12,161,25.6, 
chocolat mon choco 1kg x6,30,3.2, 
chocolat mon choco 250g x12,24,2.9, 
chocolat mon choco 500g x12,59,6.4, 
chocolat nutella 350g x5,0,0.1, 
chocolat poudre kangoo sachets 10g x60,-4,73, 
colle crazy super glue x10,1,37.4, 
conserves ananas morceaux dianor 565g x12,121,12.2, 
conserves ananas morceaux prima 565g x12,78,13.4, 
conserves ananas morceaux sofia 565g x12,0,0.1, 
conserves macedoine de legumes avril 400g x12,0,3.8, 
conserves maïs avril 300g x12,39,2.5, 
conserves petit pois amor gm 800g x12,100,6.5, 
conserves petit pois amor pm 400g x24,72,6.9, 
conserves petit pois avril doux garden 400g x12,18,5.9, 
conserves petit pois dieg gm 800g x12,9,0.9, 
conserves petit pois dieg pm 400g x12,13,1.5, 
conserves petit pois mis gm 800g x12,45,6.3, 
conserves petit pois mis pm 400g x24,0,7.5, 
corned boeuf - boeuf pm rond 200g x24,0,0.1, 
corned boeuf - boeuf sara gm 340g x24,300,35.7, 
corned boeuf - boeuf sara pm 190g x24,312,27.7, 
corned boeuf - poulet sara gm 340g x24,681,19.4, 
corned boeuf - poulet sara pm 190g x24,211,27.9, 
coton tige x24,51,18.1, 
couches lilas taille 2 - x5,27,2.5, 
couches lilas taille 3 - x5,45,8.6, 
couches lilas taille 4 - x5,154,21.8, 
couches softcare blanc taille 3 - x5 nouveau format,162,12.5, 
couches softcare blanc taille 4 - x5 nouveau format,0,38, 
couches softcare bleu taille 4 - x5,161,121.6, 
couches softcare taille 2 - x5,98,21, 
couches softcare taille 3 - x5,87,49.5, 
couscous brio fin gm 1kg x12,0,0.1, 
couscous brio fin pm 500g x24,0,0.1, 
couscous brio moyen gm 1kg x12,0,0.1, 
couscous brio moyen pm 500g x24,0,0.1, 
couscous fin diari gm 1kg x10,74,2.9, 
couscous fin kayna gm 1kg x12,332,22.1, 
couscous fin kayna pm 500g x20,528,28.1, 
couscous fin mis gm 1kg x10,0,0.1, 
couteau 100f x12,72,17.7, 
couteau 200f x6,160,30.8, 
crayon noir sans gomme x1,0,0.1, 
crème défrisante vitalys 120ml x6,61,5.4, 
cuillère x12,404,39.9, 
cure dent x12,0,13.9, 
dentifrice colgate 140g x12,112,9.5, 
dentifrice colgate 35g x12,74,2.4, 
dentifrice colgate charbon 120g x12,0,0.1, 
dentifrice colgate herbal 150g x12,34,1.5, 
dentifrice colgate max fresh rouge 130g x12,261,20.7, 
dentifrice mediann gm 100g x12,2,6.5, 
dentifrice mediann gm 150g x6,25,1.5, 
dentifrice mediann max gm 120g x12,27,1, 
dentifrice mediann pm 40g x12,81,5.7, 
dentifrice medident gm 150g x12,17,1, 
dentifrice mera 120g x12,5,10.6, 
désodorisant  nova 500 ml x6,58,6.7, 
désodorisant belair ananas coco 400 ml x6,0,0.1, 
désodorisant belair vanille 400 ml x6,0,0.1, 
eau - casamancaise pm 33cl x12,0,189.9, 
eau - casamançaise 10l,0,24.4, 
eau - casamançaise gm 1.5l x6,971,59.9, 
eau - casamançaise moyen 50cl x12,0,15.3, 
eau - diana pm 35cl x12,0,0.1, 
eau - kayar pm 35cl x12,0,0.1, 
eau - kirène 10l,100,42.4, 
eau - kirène gm 1.5l x6,925,66.1, 
eau - kirène pm 33cl x12,1333,178.2, 
eau - o'royal 10l,0,0.1, 
eau - o'royal gm 1.25l x6,593,95.3, 
eau - o'royal moyen 50cl x12,0,0.1, 
eau - o'royal pm 33cl x12,0,0.1, 
eau - olympia 33cl x12,247,174.6, 
eau - seo 1.5l x6,-2,27.1, 
eau - seo 10l,0,32.1, 
eau - seo 4.5l,0,43.9, 
eau - seo pm 35cl x12,-66,3669.5, 
eau - walo pm 33cl x12,0,0.1, 
eau de fleur d'oranger 3 lions gm 125ml x12,35,9.4, 
eau de fleur d'oranger 3 lions pm 65ml x12,54,11.2, 
eau de fleur d'oranger gourmet gm 250ml x6,30,3.4, 
eau de fleur d'oranger gourmet moyen 125ml x6,67,4.6, 
eau de fleur d'oranger gourmet pm 100ml x6,134,7.7, 
ecouteur iphone x5,0,1.1, 
ecouteur x1,70,2.6, 
ensemble geometrique x1,120,23.1, 
epices bara muso ail x50,51,6.5, 
epices bara muso laurier x50,41,3.2, 
epices bara muso moutarde x50,0,0.1, 
epices bara muso muscade x50,0,0.1, 
epices bara muso piment aromatisé x50,81,13.7, 
epices bara muso piment x50,141,24.4, 
epices bara muso poivre x50,116,33.2, 
epices bara muso poivre épicé x50,187,16.6, 
epices bara muso soumbala x50,308,29.1, 
epices bara muso tchin bi x50,42,1.4, 
epices poivre antiz x50,280,27.3, 
essence aromes 3 lions banane 30ml x12,33,7.5, 
essence aromes 3 lions coco 30ml x12,56,5.1, 
essence aromes 3 lions corossol 30ml x12,10,3.3, 
essence aromes 3 lions fraise 30ml x12,20,3.5, 
essence aromes 3 lions menthe 30ml x12,31,4.1, 
essence aromes 3 lions vanille 30ml x12,40,15.9, 
essence foster clark ananas 28ml x12,8,0.4, 
essence foster clark banane 28ml x12,18,1, 
essence foster clark coco 28ml x12,3,0.6, 
essence foster clark exotic 28ml x12,0,0.1, 
essence foster clark fraise 28ml x12,0,0.1, 
essence foster clark menthe 28ml x12,18,1.5, 
essence foster clark vanille 28ml x12,11,1.3, 
essence gourmet banane 30ml x12,12,1.7, 
essence gourmet vanille 30ml x12,44,4, 
farine de blé fati 250g x48,339,21.9, 
farine de blé nma 1kg x10,0,0.1, 
farine mère beignet 10kg type 55,74,7.1, 
farine patissière gmd 1kg x10,53,11.8, 
garabe yo x5,0,30.6, 
gauffrette fiarino chocolat 40g x24,0,0.1, 
gel douche nova  750 ml x4,25,1.3, 
gm 7up pet 1l x6,0,0.1, 
gm coca cola 1.25l x6,476,124.3, 
gm coca cola diouf 1.25l x6,-7,0.1, 
gm coca cola zero 1.25l x6,0,0.1, 
gm energie maca plus  x12,0,0.1, 
gm fanta ananas 1.25l x6,1,31.8, 
gm fanta fruits rouge 1.25l x6,0,0.1, 
gm fanta orange 1.25l x6,0,47, 
gm gazelle ananas 1l x6,767,78.8, 
gm gazelle limonade 1l x6,7,5.3, 
gm gazelle pomme 1l x6,197,21.3, 
gm jet 7 ananas 1.25l x6,0,0.1, 
gm jet 7 cola 1.25l x6,11,2.6, 
gm jet 7 fruit rouge 1.25l x6,0,0.1, 
gm jet 7 orange 1.25l x6,0,0.1, 
gm jet 7 sprite 1.25l x6,0,0.8, 
gm king ananas 1.25l x6,55,6.5, 
gm king fruits rouge 1.25l x6,85,6.7, 
gm king orange 1.25l x6,33,6.3, 
gm king sprite 1.25l x6,103,4, 
gm mirinda fruity pet 1l x6,0,0.1, 
gm mirinda orange pet 1l x6,0,0.1, 
gm pepsi max pet 1l x6,0,0.7, 
gm pepsi pet 1l x6,61,6.3, 
gm pressea fresh mangue coco 1l x6,0,0.1, 
gm pressea fresh orange 1l x6,0,0.1, 
gm pressea fresh tropical 1l x6,0,0.1, 
gm schweppes agrumes 1.25l x6,299,89.9, 
gm schweppes citron 1.25l x6,0,0.1, 
gm schweppes tonic 1.25l x6,-1,0.1, 
gm sprite 1.25l x6,745,89.8, 
gm tampico bouteille citrus 1l x6,0,41.1, 
gm top ananas 1l x6,0,0.1, 
gm top orange 1l x6,731,11.2, 
gm vimto 1l x6,300,141.4, 
gm world cola 1l x6,0,0.1, 
gm youzou limonade 1.5l x6,0,0.1, 
huile bidon  turkey 20l,0,0.1, 
huile bidon 20l diery,1991,446.8, 
huile bidon 20l mis,0,0.1, 
huile bidon 20l oki,0,0.1, 
huile bidon 20l zita,1,368.3, 
huile bidon arachide 20l,0,0.4, 
huile bidon importé 20l avena,1704,0.1, 
huile de palme zita 1l x12,0,0.1, 
huile de palme zita 5l x4,0,1.1, 
huile jadida soja 1l x12,10,20.4, 
huile jadida soja 250ml x24,0,0.1, 
huile jadida soja 5l x4,309,39, 
huile jadida soja bidon 5l x1,0,0.1, 
huile machine 90ml x6,164,12.2, 
huile niani (arachide) 5l x1,0,0.1, 
huile soja niinal 1l x12,0,0.1, 
huile soja niinal 5l x4,383,57.9, 
huile tournesol bon appétit 250ml x48,135,11.1, 
huile tournesol kadi 5l x4,0,0.1, 
huile tournesol sangomar 1l x12,0,0.1, 
huile zita 250ml x48,49,9, 
insectide vitfe spirale,0,0.1, 
insectide vitfe thiouraye baton x12,343,38, 
javel en grains vitfé 7g x100,5,4.1, 
jus bole brique goyave 1l x8,0,0.1, 
jus bole brique mangue 1l x8,0,0.1, 
jus bole brique orange 1l x8,0,0.1, 
jus bole brique tropical 1l x8,0,0.1, 
jus chivita active agrume 125ml x24,0,0.1, 
jus chivita cocktail 1l x10,0,0.1, 
jus chivita exoctic coco ananas 315 ml x12,0,0.1, 
jus chivita exotic coco ananas 125ml x24,0,0.1, 
jus chivita exotic coco ananas 1l x10,0,0.1, 
jus chivita orange 125ml x24,0,0.1, 
jus chivita premium ananas 1l x10,1,0.1, 
jus chivita premium orange 1l x10,0,0.1, 
jus chivita premium pomme 1l x10,0,0.1, 
jus chivita premium raisin rouge 1l x10,0,0.1, 
jus delice brique ananas 1l x6,9,0.6, 
jus delice brique mangue 1l x6,4,0.4, 
jus delice brique mix 1l x6,4,0.7, 
jus delice brique mojito 1l x6,0,0.1, 
jus delice brique multivitamine 1l x6,11,0.5, 
jus delice brique orange 1l x6,5,0.4, 
jus delice brique poire 1l x6,12,0.8, 
jus delice brique raisin 1l x6,6,1.1, 
jus delice brique tropical 1l x6,7,1.1, 
jus fada bouteille gm 410ml x15,0,12.6, 
jus fada bouteille pm 230ml x24,6,14.7, 
jus fada brique 200ml x28,294,189.4, 
jus fada orange brique 200ml x28,0,0.1, 
jus fada pot 235ml x30,155,14.2, 
jus fada pot 50fr 120ml x56,1,35.4, 
jus fada sachet gm 220ml x36,4,0.1, 
jus fada sachet pm 120ml x60,37,23.8, 
jus fada stick pm 65ml x100,55,49.3, 
jus foster clark ananas 20g x15,86,14.8, 
jus foster clark ananas/gingembre 20g x15,80,9.6, 
jus foster clark fruit rouge 20g x15,142,14.3, 
jus foster clark goyave 20g x15,0,0.1, 
jus foster clark lemon 20g x15,0,4.4, 
jus foster clark mangue 20g x15,31,11.3, 
jus foster clark orange 20g x15,40,16.5, 
jus junior 125ml x24,0,11.3, 
jus jutos cocktail brique 1l x6,33,0.5, 
jus jutos orange brique 1l x6,34,0.3, 
jus lana bouteille (100f),300,23.7, 
jus lana bouteille 200f 39cl x15,300,14.8, 
jus lana bouteille ananas 45cl x12,0,4.1, 
jus lana bouteille orange 45cl x12,-1,0.1, 
jus lana brique 100f,500,33.1, 
jus lana pot (100f) 245ml x28,112,20.8, 
jus lana pot (50f) 120ml x56,300,24.1, 
jus lana stick 25f,199,10.6, 
"jus naturel bissap blanc pet 1,2l x6",8,0.3, 
"jus naturel bissap mix rouge blanc pet 1,2l x6",0,0.5, 
"jus naturel bissap rouge pet 1,2l x6",3,0.5, 
jus press up ananas brique 1l x6,8,4.3, 
jus press up mangue brique 1l x6,39,2.6, 
jus press up orange brique 1l x6,32,1.2, 
jus press up peche brique 1l x6,35,1.2, 
jus press up poire brique 1l x6,20,1.1, 
jus press up pomme brique 1l x6,17,1.5, 
jus press up raisins rouges brique 1l x6,41,3.7, 
jus pressea brique ananas 1l x12,1,0.1, 
jus pressea brique ananas gingembre 1l x12,0,0.1, 
jus pressea brique bissap 1l x12,28,3.5, 
jus pressea brique cocktail 1l x12,275,32.4, 
jus pressea brique cocktail light 1l x12,0,8.7, 
jus pressea brique cocktail mango 1l x12,0,0.1, 
jus pressea brique coco ananas 1l x12,605,72.4, 
jus pressea brique goyave 1l x12,395,57.4, 
jus pressea brique mango passion 1l x12,0,0.1, 
jus pressea brique mangue 1l x12,183,17.6, 
jus pressea brique orange 1l x12,115,12.3, 
jus pressea brique pomme 1l x12,23,3.4, 
jus pressea mini ananas 200ml x24,157,12.3, 
jus pressea mini cocktail 200ml x24,160,11.8, 
jus pressea mini orange 200ml x24,100,6.8, 
jus pressea mini pomme 200ml x24,95,5.9, 
jus primo bouteille 100f 230ml x24,-2,61.8, 
jus primo pot (50f) 120ml x56,0,36.1, 
jus sun top gm orange 1l x12,5,0.5, 
jus sun top gm pomme 1l x12,10,0.3, 
jus sun top gm tropical 1l x12,0,0.1, 
jus sun top mangue 125ml x24,50,9.4, 
jus sun top orange 125ml x24,159,9.5, 
jus sun top pm citron 125ml x24,2,1.2, 
jus sun top pm cocktail 125ml x24,207,25.9, 
jus sun top pm goyave 125ml x24,0,0.1, 
jus tampico pot x24,0,0.1, 
jus tampico sachet 200ml x30,0,63, 
jus zoom pot 20cl x28,0,0.1, 
keppou 12 x6,303,28.6, 
ketchup dieg bou diar bidon 1kg x12,0,0.1, 
ketchup dieg bou diar bidon 5kg,126,27.7, 
ketchup dieg bou diar sachets 50g x40,47,2.8, 
ketchup linguere 340g x24,90,9, 
ketchup linguere bidon 5kg,251,22.4, 
ketchup linguere stick 10g x500,0,0.1, 
ketchup tama bidon 5kg,222,16, 
kidilac cereales blé sachets 50g x100,0,0.2, 
kidilac cereales pot blé 400g x12,0,0.1, 
kidilon cereales pot mais 210g x12,7,0.2, 
kidilon cereales pot multi cereales 210g x12,0,0.4, 
lait - candia gm demi-ecreme 1l x12,64,22.7, 
lait - candia moyen demi-ecreme 50cl x12,0,27.5, 
lait - candia pm brique demi-ecreme 20cl x24,1179,86.4, 
lait - candia pm brique vanille 20cl x24,934,122.1, 
lait - jet lait 20cl x30,62,54.5, 
lait - laicran moyen entier 50cl x12,179,10.6, 
lait - nutri ananas 210ml x24,2,0.1, 
lait - nutri-milk choco 400ml x12,0,0.1, 
lait - nutri-milk orange 210ml x24,0,0.1, 
lait - nutri-milk pomme 210ml x24,-1,0.1, 
lait - nutri-milk pomme 500ml x12,-8,0.1, 
lait - nutri-milk vanille 210ml x24,4,0.1, 
lait concentre gloria non sucre pot pm 160g x24,63,24.5, 
lait concentré hollandia 120g x24,0,0.1, 
lait concentré hollandia 50g x48,0,0.1, 
lait corporel coco pulp 250ml x6,0,0.1, 
lait en poudre dano quotidien 20g x100,0,0.1, 
lait en poudre dano quotidien 400g x10,0,0.1, 
lait en poudre diamo pm 20g x100,0,0.1, 
lait en poudre gloria gm 400g x12,0,0.1, 
lait en poudre gloria pm 16g x120,80,11.1, 
lait en poudre halib gm 400g x10,0,0.1, 
lait en poudre halib pm 20g x100,100,9.4, 
lait en poudre laclait gm 400g x10,24,0.6, 
lait en poudre laclait pm 20g x100,10,0.1, 
lait en poudre laicran gm 400g x10,238,24.2, 
lait en poudre laicran pm 20g x100,1318,144.9, 
lait en poudre laity pm 20g x100,0,0.1, 
lait en poudre lalia gm 400g x10,0,0.1, 
lait en poudre mixwell gm 400g x10,0,0.1, 
lait en poudre mixwell pm 18g x100,0,0.1, 
lait en poudre nido gm 400g x12,0,0.1, 
lait en poudre nido pm 16g x120,77,10, 
lait en poudre sibon pm 18g x100,0,0.1, 
lait evaporé laicran pot 170g x24,-1,0.4, 
lait evaporé laicran pot 170g x48,70,2.9, 
lait evaporé lalia pot pm 160g x48,29,18.6, 
lait evaporé matinal pot pm 170g x48,124,12.6, 
lait evaporé miwa pot pm 160g x48,11,5.1, 
lait evaporé nour pot 160g x48,76,8.7, 
lait ideal men 200 ml x6,3,2.3, 
lait ideal skin 200 ml x6,16,3, 
lait jaouda gm entier 1l x6,45,4.5, 
lait nova derma 250ml x4,58,2.6, 
lait rose gm 500ml x12,138,17.9, 
lait rose pm 200ml x21,31,7.5, 
lait soft skin 220 ml x6,49,1.8, 
lait vitalait liquide 18cl x24,0,0.1, 
lait vitalait liquide 50cl x6,0,0.1, 
lait yaourt milkana mangue 100g x24,0,0.1, 
lame vitfé x100,0,33.9, 
lampe économique x10,21,1.9, 
levure smart chef x100,211,13.6, 
lingette bébé lilas x1,3523,1, 
mayonnaise calvé 1l x6,0,0.1, 
mayonnaise calvé 225ml x12,0,0.1, 
mayonnaise calvé 450ml x12,0,0.1, 
mayonnaise jadida 1l x6,51,2.9, 
mayonnaise jadida 250ml x12,97,6.2, 
mayonnaise jadida 500ml x12,62,4.4, 
mayonnaise kadi 1l x6,1,0.1, 
mayonnaise kadi 250ml x12,0,0.1, 
mayonnaise kadi 500 ml x12,0,0.1, 
mayonnaise maynes gm 946ml x6,0,0.1, 
mayonnaise maynes moyen 473ml x12,0,0.1, 
mayonnaise maynes pm 237ml x12,0,0.1, 
mayonnaise sofia sachets 20g x120,100,5.5, 
mayonnaise top mayo 3.8l,98,3.1, 
mbomb 100f x6,0,61.7, 
mbomb 200f x4,23,21.4, 
melolac sachets cereales avec lait 50g x50,377,21.8, 
moukhamsa plomb kayna gm 500g x20,31,2.7, 
moukhamsa plomb kayna pm 250g x40,187,11.1, 
moukhamsa plomb pastami gm 500g x12,0,0.1, 
moukhamsa plomb pastami pm 250g x24,105,3, 
moukhamsa plomb rose blanche pm 250g x48,11,9.9, 
moukhamsa tiep rose blanche pm 250g x48,1,0.1, 
moutarde kadi 1kg x6,0,0.6, 
moutarde kadi verre 370g x6,0,0.1, 
moutarde packfood 850g x6,0,0.1, 
moutarde pathial pathial gm 1l x6,104,15.5, 
moutarde pathial pathial pm 330ml x12,46,14.8, 
moutarde reine flacon 340g x12,0,0.1, 
moutarde reine seaux 1kg x6,0,0.1, 
moutarde reine verre 370g x6,27,17.7, 
moutarde reine verre 850g x6,49,4.4, 
net - acide noura flash 1l x12,88,11, 
net - eau de javel armonia gm 1l x12,0,2.5, 
net - eau de javel la croix gm 800ml x15,4,1.3, 
net - eau de javel madar gm 900ml x12,29,26.6, 
net - eau de javel madar seau 65ml x100,138,36.5, 
net - eau de javel vitfe 65ml x100,0,0.1, 
net - lave vitre armonia 750ml x12,56,1.5, 
net - lave vitre madar 1l x12,0,2.1, 
net - lave vitre madar 750ml x12,16,3.5, 
net - lave vitre novelas 750ml x12,19,1.8, 
net - liquide madar gm platinum 900ml x12,0,21.5, 
net - liquide madar gm premium violet 900ml x12,39,11.9, 
net - liquide madar gm renzo 900ml x12,-150,18, 
net - liquide madar moyen 400ml x12,13,15.9, 
net - liquide madar pm platinum 200ml x24,67,20.9, 
net - liquide madar pm renzo 200ml x24,15,17.3, 
net - liquide madar seau renzo 40ml x125,0,18.8, 
net - poudre get 11kg,0,13.6, 
net - poudre madar 100cfa 60g x80,68,23.2, 
net - poudre madar 200cfa 185g x12,124,58.6, 
net - poudre madar 25cfa 15g x180,0,8.4, 
net - poudre madar 400g x10,-1,16, 
net - poudre madar 50cfa 25g x90,8,9.9, 
net - poudre madar 900g x10,272,7.7, 
net - poudre madar platinum 10 kg,0,0.1, 
net - poudre madar platinum 160g x12,0,0.1, 
net - poudre madar platinum 800g x10,0,0.1, 
net - poudre noura 10kg,0,9.5, 
net - poudre novelas 100cfa 60g x80,34,2.8, 
net - poudre novelas 200cfa 170g x40,0,1.8, 
net - poudre novelas floral 15g x180,26,3.2, 
net - poudre novelas floral 50cfa 30g x90,7,2, 
net - poudre saba 100cfa 60g x80,0,10.7, 
net - poudre saba 200cfa 160g x40,0,42.4, 
net - poudre saba 25cfa 15g x180,0,3.2, 
net - poudre saba 400g x10,0,22, 
net - poudre saba 50cfa 25g x90,0,2.9, 
net - poudre saba floral 850g x12,0,0.1, 
net - poudre so'klin 25cfa 15g x300,0,0.1, 
net - poudre so'klin 50cfa 25g x150,0,0.1, 
net - poudre zenta 170g x40,0,10, 
net - poudre zenta 400g x12,0,3.3, 
net - sabou la main x18,0,0.1, 
net - savon bienco gm x24,99,20.6, 
net - savon bienco pm x60,156,12.9, 
net - savon diam 250g x18,114,8.9, 
net - savon fanico gm 300g x24,0,0.1, 
net - savon la main x18,1943,83.2, 
net - savon larissa carotte x1,0,0.1, 
net - savon madar multi-usage blanc 250g x18,29,2.7, 
net - savon madar multi-usage bleu 250g x18,0,2.3, 
net - savon madar multi-usage jaune 250g x18,18,3.4, 
net - savon madar ordinaire 400g x24,0,0.1, 
net - savon ordinaire 275g x18,292,50.8, 
net - savon pharmapur classique 150g x12,51,1.7, 
net - savon pharmapur fresh 150g x12,36,1, 
net - savon pharmapur herbal 150g x12,8,3.6, 
net - savon saba 275g x18,0,0.1, 
net - savon santex rouge 90g x6,0,0.1, 
nouilles jollof chicken golden penny 70g x40,0,15.1, 
nouilles poulet golden penny 70g x40,0,0.1, 
nutribom boite avoine 300g x16,17,0.3, 
nutribom boite banane pomme 300g x16,12,0.8, 
nutribom boite maïs 300g x16,14,0.7, 
nutribom boite miel 300g x16,9,0.9, 
nutribom boite multicereales 300g x16,9,1.1, 
nutribom boite riz 300g x16,17,0.4, 
nutrilac pot 3 fruits 360g x12,1,1.3, 
nutrilac pot banane 360g x12,17,0.4, 
nutrilac pot blé avec lait cereales 400g x12,0,5.4, 
nutrilac pot miel 360g x12,12,0.8, 
nutrilac sachets blé avec lait cereales 50g x100,9,1.1, 
olives vertes entieres 370g x12,0,4.3, 
papier essuie -tout style jumbo x9,0,1.8, 
papier essuie tout lilas jumbo x6,295,23.9, 
papier essuie tout lilas xl x6,271,24.4, 
papier essuie tout lys xl x6,74,6.1, 
papier essuie tout lys xxl maxi 600f - x6,79,5.7, 
papier marabout x100,15,17.5, 
papier toilette lys x12,65,3.6, 
paquet ardoise abc x12,0,11, 
paquet ardoise simple x12,241,5.1, 
paquet batonnet x1,218,62.1, 
paquet batterie royal pm r3 x12,32,7.4, 
paquet blanco pour cahier x12,4,14, 
paquet boyale x48,219,24.8, 
paquet cadenas 25mm x12,0,4.8, 
paquet caleçon homme x1,0,0.1, 
paquet compas plastique x24,0,8.2, 
paquet confo x12,0,8.6, 
paquet craie blanche lisse x1,30,27.8, 
paquet craie blanche ordinaire x1,504,8.4, 
paquet crayon couleur gm x12,0,2.9, 
paquet crayon couleur moy x12,61,7.8, 
paquet crayon couleur pm x 24,42,12.8, 
paquet crayon noir x12,0,52.2, 
paquet double decimetre x24,0,15.9, 
paquet enveloppe 100f x50,5,4.9, 
paquet enveloppe 15f x50,15,6.3, 
paquet eponge x24,27,4.6, 
paquet equerre x48,22,10.9, 
paquet gomme x30,124,11.1, 
paquet kawass coupe blanc x12,0,7.4, 
paquet kawass coupe noir x12,0,8.9, 
paquet kawass long blanc x12,100,0.1, 
paquet kawass long noir x12,8,12.8, 
paquet masque bleu x 1,0,6.1, 
paquet masque noir x 1,36,3.1, 
paquet mbouss 250g x50,20,0.4, 
paquet mentholatum pm x6,21,7.1, 
paquet muscade sachet x100,20,7.8, 
paquet rapporteur x48,36,8.6, 
paquet rob pm x6,36,3.1, 
paquet scotch italia gm x6,0,6.2, 
paquet scotch khaliss pm x12,0,5.7, 
paquet scotch noir pm x12,25,5.1, 
paquet sous vêtements x10,5,1.5, 
paquet the zeum pm 25g x10,114,92.1, 
parfum life in colors 50ml x6,43,3.9, 
parfum style 75ml x6,79,8.4, 
pastilles valda boite x10,8,57.4, 
pastilles valda sachet x100,0,0.1, 
pates amira macaroni lisse 250g x24,-1,0.1, 
pates amira macaroni lisse 500g x20,-1,0.1, 
pates amira macaroni rayé 500g x12,16,1.4, 
pates amira petite macaroni lisse sac 5kg,0,0.1, 
pates amira spaghetti pm 250g x40,0,0.1, 
pates amira vermicelles gm 500g x12,50,0.1, 
pates amira vermicelles pm 250g x24,-1,0.1, 
pates amira vermicelles sac 5kg,53,6.7, 
pates auntie b spaghetti slim gm 400cfa 400g x20,1478,22.5, 
pates auntie b spaghetti slim gm 400cfa 400g x20,1478,22.5, 
pates auntie b spaghetti slim gm 400cfa 400g x20,1478,22.5, 
pates auntie b spaghetti slim pm 200cfa 200g x40,2767,39.2, 
pates auntie b spaghetti slim pm 200cfa 200g x40,2767,39.2, 
pates auntie b spaghetti slim pm 200cfa 200g x40,2767,39.2, 
pates generique macaroni sac 5kg,0,7.7, 
pates generique vermicelles sac 5kg,0,1.6, 
pates kayna macaroni coquillette 500g x12,46,4, 
pates kayna spaghetti gm 500g x20,0,0.1, 
pates kayna spaghetti pm 250g x40,0,21.1, 
pates kayna vermicelles 500g x12,167,15.2, 
pates kayna vermicelles sac 5kg,173,37.3, 
pates maman spaghetti gm 500g x20,53,3.8, 
pates maman spaghetti pm 250g x40,39,7.8, 
pates pastami macaroni gm 500g x12,27,1.4, 
pates pastami macaroni pm 250g x24,77,4.6, 
pates pastami macaroni sac 5kg,278,19.4, 
pates pastami spaghettis fins gm 500g x20,200,11.1, 
pates pastami spaghettis fins pm 250g x40,0,0.1, 
pates pastami vermicelles gm 500g x12,0,0.1, 
pates pastami vermicelles pm 250g x24,0,0.1, 
pates pastami vermicelles sac 5kg,0,0.1, 
pilote blanc x12,1,3.75, 
pilote noir x12,0,11.4, 
piment liquide diamo 250ml x12,40,3.2, 
piment liquide pika pika 360ml x12,148,7.7, 
piment liquide zafi 340ml x12,0,0.1, 
piment pathial pathial pm 350ml x12,21,14.7, 
piment pika pika bidon 2kg,184,9.6, 
pinton gm 750g x12,0,0.1, 
pinton pm 380g x24,272,42.7, 
pm 7up pet 33cl x12,0,0.1, 
pm 7up zéro sucre pet 33cl x12,5,0.1, 
pm american cola 33cl x12,150,23.2, 
pm black power pet 50cl x12,0,0.1, 
pm boisson ya coco x12,5061,759.3, 
pm bubble up lemon 33cl x12,257,9.3, 
pm coca cola 30cl x12,119,86.9, 
pm coca cola zero 30cl x12,1,0.1, 
pm energie maca plus  x12,0,0.1, 
pm energie x-men 33cl x12,544,54.9, 
pm energie xxl 33cl x12,425,23.2, 
pm fanta ananas 30cl x12,72,31.9, 
pm fanta fruits rouge 30cl x12,0,0.1, 
pm fanta orange 30cl x12,44,35.9, 
pm gazelle ananas 30cl x12,370,58.5, 
pm gazelle limonade 30cl x12,0,0.1, 
pm gazelle pomme 30cl x12,195,40.3, 
pm gazelle tonic 30cl x12,139,67.7, 
pm jet 7 ananas 35cl x12,283,30.3, 
pm jet 7 cola 35cl x12,470,59.8, 
pm jet 7 energy drink 35cl x12,397,78, 
pm jet 7 fruit rouge 35cl x12,897,90.6, 
pm jet 7 orange 35cl x12,224,26.9, 
pm jet 7 peche 35cl x12,159,29, 
pm jet 7 pomme 35cl x12,156,10.6, 
pm jet 7 sprite 35cl x12,315,51.1, 
pm juko 100cfa ananas 23cl x24,294,27.7, 
pm juko 100cfa cocktail 23cl x24,308,16.8, 
pm juko 100cfa fruits rouges 23cl x24,4,13.1, 
pm juko 100cfa mangue 23cl x24,194,17.7, 
pm juko 100cfa orange 23cl x24,319,18.4, 
pm juko 100cfa pomme 23cl x24,169,12, 
pm king ananas 33cl x12,168,24.5, 
pm king café 33cl x12,0,0.1, 
pm king cocktail 33cl x12,126,14.1, 
pm king cola 33cl x12,44,16.6, 
pm king fruit rouge 33cl x12,242,32.6, 
pm king mojito 33cl x12,0,0.1, 
pm king orange 33cl x12,211,17.4, 
pm king pomme 33cl x12,83,9.2, 
pm king sprite 33cl x12,170,26.9, 
pm mirinda fruity pet 33cl x12,0,0.1, 
pm mirinda orange pet 33cl x12,0,0.1, 
pm pepsi max pet 33cl x12,1,0.1, 
pm pepsi pet 33cl x12,22,89.5, 
pm planet ananas 35cl x12,327,17.9, 
pm planet orange 35cl x12,177,16.2, 
pm planet pomme 35cl x12,280,22.2, 
pm planet redmix 35cl x12,93,26.5, 
pm planet tropical 35cl x12,181,24.4, 
pm pressea fresh ananas coco 33cl x12,2,152.1, 
pm pressea fresh mangue coco 33cl x12,4,113.9, 
pm pressea fresh tropical 33cl x12,4,0.1, 
pm primo ananas 33cl x12,-3,89.7, 
pm primo cola 33cl x12,0,0.1, 
pm primo energy 33cl x12,0,0.1, 
pm primo fruit rouge 33cl x12,332,124.6, 
pm primo orange 33cl x12,210,79.3, 
pm primo pomme 33cl x12,230,72.9, 
pm primo sprite 33cl x12,374,69.1, 
pm punch ananas 33cl x12,0,0.1, 
pm punch ananas coco 33cl x12,0,0.1, 
pm punch cola 33cl x12,0,0.1, 
pm punch fruit rouge 33cl x12,0,0.1, 
pm punch limonade 33cl x12,0,0.1, 
pm punch mangue 33cl x12,0,0.1, 
pm punch orange 33cl x12,0,0.1, 
pm punch pomme 33cl x12,0,0.1, 
pm schweppes agrumes 30cl x12,6,121.1, 
pm schweppes citron 30cl x12,0,0.1, 
pm sprite 30cl x12,151,59.5, 
pm tampico bouteille citrus 33cl x12,5,199.1, 
pm top ananas 30cl x12,236,49.4, 
pm top orange 30cl x12,369,86.9, 
pm top tropical 30cl x12,0,0.1, 
pm vimto 30cl x12,419,100.1, 
pm world cola 30cl x12,0,0.1, 
pm x-plus 33cl x12,0,0.1, 
pm youzou limonade 30cl x12,0,0.1, 
pommade frotté vitfe pm x6,146,63.7, 
pot gomme x80,0,11.5, 
pot taille crayon x36,0,8.2, 
protege cahier bleu x1,36,8.5, 
protege cahier jaune x1,61,8.4, 
protege cahier marron x1,0,6, 
protege cahier noir x1,6,6.6, 
protege cahier rouge x1,4,9.3, 
protege cahier vert x1,18,8.4, 
puree pomme de terre maman gm 400g x10,92,4, 
puree pomme de terre maman pm 30g x80,463,18.4, 
rallonge 10m x1,0,9.2, 
rallonge 5m x1,0,10.9, 
rasoir fer x12,0,4.9, 
rasoirs lame bic deb double tranchante x100,127,12.5, 
rasoirs lord double 2 x10x9,20,1.4, 
rasoirs racer  double 2 x10x9,8,1.1, 
ressal gum sachet ginger lemon x100,30,9.1, 
ressal gum sachet ice mint x100,106,27.8, 
ressal gum sachet modou gum x100,168,12.1, 
royal puree pm 30g x80,0,0.1, 
sac aliments de betail yafal 40kg,35,1.6, 
sac aliments de betail yafal ladoum 40kg,47,1, 
sac aliments pour betail nma khonte 40kg,97,17, 
sac lait alina petit dej 25kg,0,14.2, 
sac lait castle dairy ue 25kg,0,0.1, 
sac lait dairy 25kg,89,5.8, 
sac lait entier pura 25kg,0,0.1, 
sac lait karibu 25kg,0,0.1, 
sac lait lactimilk 25kg (fait du lait caillé),35,3.8, 
sac lait mixwell 25kg,0,0.1, 
sac lait mixwell blanc 10kg,0,0.1, 
sac lait simi 10kg  (fait du lait caillé),0,3.8, 
sac lait supercow 25kg,0,0.1, 
sac lait zelande 25kg,91,4.8, 
sac lait zelande gold 25kg,0,7.8, 
sac oignons importe 25kg,137,79.4, 
sac petit pois 20kg,106,8.1, 
sac riz bara bara 25kg,0,35.8, 
sac riz bara bara 50kg,0,19.1, 
sac riz bara bara dona oumou 25kg,0,0.1, 
sac riz bara bara dona oumou 50kg,1,0.1, 
sac riz big joe bara bara gold 25kg,68,37.4, 
sac riz big joe bara bara gold 50kg,302,14.1, 
sac riz big joe non parfumé rouge 50kg,959,222.2, 
sac riz non parfume birman phitimi 50kg,49,48.5, 
sac riz parfumé patron 25kg,971,17.4, 
sac riz parfumé patron 50kg,198,24, 
sac riz parfumé phitimi bleu 25kg,69,24.3, 
sac riz parfumé phitimi bleu 50kg,0,0.1, 
sac riz parfumé sangomar 25kg,0,0.1, 
sac riz phitimi aigle 25kg,897,184.1, 
sac riz phitimi aigle 50kg,874,237.7, 
sac riz supreme 25kg (tyson),653,51, 
sac riz supreme 50kg (tyson),384,17, 
sac riz tiep bi fine brisure valle 20kg,0,1, 
sac riz tiep bi riz brise vallee 20kg,106,1.6, 
sac riz tiep bi riz entier de la vallee 20kg,279,2.6, 
sac riz umbrella 25kg,0,0.1, 
sac riz umbrella 50kg,0,0.1, 
sac riz vallee karolina brisé 25kg,0,6.6, 
sac riz vallee karolina entier (long grain) 25kg,0,14.6, 
sac sucre 50kg css,0,0.1, 
sac sucre 50kg importé,-1,298.8, 
sac sucre 50kg importé css,0,0.1, 
sac tangal menthe fraiche 400g x20,101,10, 
sachet chocolat delia stick 12g x60,229,19.4, 
sachet mayonnaise diamo stick 18ml x25,43,2.7, 
sankhal jeyna 400g x10,0,0.1, 
sankhal maman thiaba 200g x20,297,28.5, 
sauce soja resto 100f 25ml x10,281,61.7, 
sauce soja resto 50f 12ml x10,0,0.1, 
sauce soja resto gm 750ml x12,50,6.4, 
sauce soja resto pm 150ml x12,41,4.1, 
savon bacteril classic 200g x6,459,20.1, 
seau beurre jadida 2.5kg,34,1.2, 
seau beurre jadida 5kg,28,4.6, 
seau bouillon tak tak poudre 5kg,0,0.1, 
seau chocolat chocopain 5kg,183,79.2, 
seau chocolat delia 5kg,166,12.4, 
seau chocolat mon choco 5kg,435,36.8, 
seau huile niani (arachide) dosette x60,5,0.3, 
seau mayonnaise ami 5l,0,0.1, 
seau mayonnaise chef aida 5l,398,28.2, 
seau mayonnaise diamo 5l,253,24.6, 
seau mayonnaise ekla 5l,214,42.3, 
seau mayonnaise jadida 5l,1426,123, 
seau mayonnaise kadi 5l,0,48.2, 
seau mayonnaise maynes 5l,0,0.1, 
seau mayonnaise mis 5l,0,6.4, 
seau moutarde chef aida 2kg,0,0.1, 
seau moutarde chef aida 5kg,-1,0.5, 
seau moutarde kadi 5kg,38,4.4, 
seau moutarde reine 5kg,269,27.2, 
serpillère blanc x1,182,57.4, 
serpillère noir x1,102,80.1, 
serviette de table lilas x1,0,57.2, 
serviette de table lilas x18,207,23.4, 
serviettes de table lys x18,181,14.3, 
serviettes hygieniques always maxi long x18,245,15.7, 
serviettes hygieniques perfect maxi night x12,0,17.6, 
serviettes hygieniques perfect maxi normal pocket x12,56,9.6, 
serviettes hygieniques perfect maxi super pocket x12,37,6.8, 
serviettes hygieniques softcare a+ jaune nouveau format x24,14,41, 
serviettes hygieniques softcare a+ rose x24,7,5.9, 
serviettes hygieniques softcare mauve x24,0,6.6, 
stylo bic bleu cristal original x10,531,49.1, 
stylo bic noir cristal original x10,273,15.8, 
stylo bic rouge cristal original x10,206,19.4, 
stylo bic vert cristal original x10,0,0.1, 
stylo long pen  bleu x50,1469,9.3, 
stylo tri grip bleu,302,9.4, 
sucre buchette st louis sachets 4g x125,11,1.1, 
sucre cristal bon appetit gm menthe 180g x30,48,4, 
sucre cristal bon appetit gm vanille 180g x30,112,10.1, 
sucre cristal bon appetit pm vanille 20g x10,342,20.3, 
sucre cristal gourmet vanille pm 20g x100,548,73.8, 
sucre morceaux beghin say 1kg x5,395,26.9, 
sucre morceaux bon appetit (importe) 1kg x5,440,18.4, 
sucre morceaux css 1kg x5,312,49, 
sucre morceaux daddy 1kg x5,1,3.7, 
sucre morceaux roux css 1kg x5,5,2.5, 
sucre morceaux souki 1kg x5,43,5.8, 
sucre morceaux st louis 1kg x5,235,24.2, 
sucre poudre sunu suker css 1kg x5,51,1.3, 
sucre vanille foster clark 6g x24,36,2.4, 
sucre vanille smartchef 20g x100,36,3, 
sunuton 380g x12,0,27.3, 
tablette chewing-gum hollywood x20,3837,216.1, 
tangal freegel bleu x12,72,10.7, 
tangal freegel noir x12,1618,122.4, 
tangal freegel vert x12,118,11.9, 
tangal royal fruits 100pcs,11879,56.4, 
tangal royal fruits 100pcs,11879,56.4, 
tangal royal ginger-fruit 100pcs,10728,17.1, 
tangal royal ginger-fruit 100pcs,10728,17.1, 
tangal royal mint 100pcs,14923,271.5, 
tangal royal mint 100pcs,14923,271.5, 
tangal sucettes rio pop cola 48,199,26.6, 
tangal sucettes rio pop fraise 48,338,43.7, 
tangal sucettes rio pop ice cream 48,201,16.3, 
tangal sucettes rio pop mega x24,206,16, 
tangal sucettes rio pop mix fruit x48,200,30.6, 
tangal super mint x50,34,6.8, 
tasses ataya x12,80,45.3, 
tasses à café + couvercles taille 8 x50,0,7.8, 
tasses à café taille 2 x50,0,0.1, 
"tasses à café taille 3,5 x50",0,114.8, 
tasses à café taille 4 x50,0,98.2, 
tasses à café taille 5 x50,478,25.1, 
tasses à café vitfé taille 4 x50,352,20.8, 
the lipton classique x100,0,27.6, 
the nour classique x100,15,7.2, 
thiouraye anti moustique x1,112,6.3, 
tomate concentree dieg bou diar 400g x12,106,10.4, 
tomate concentree dieg bou diar 800g x12,140,8.3, 
tomate concentree dieg bou diar sachet gm 60g x40,780,122.1, 
tomate concentree dieg bou diar sachet pm 30g x80,160,13.8, 
tomate concentree flora 2kg x6,0,0.1, 
tomate concentree linguere 350g x12,89,5.8, 
tomate concentree linguere 700g x12,116,1.9, 
tomate concentree linguere 800g x12,0,0.1, 
tomate concentree linguere sachet gm 60g x40,470,31.4, 
tomate concentree linguere sachet pm 30g x80,250,5.1, 
tomate concentree linguere seau 2kg x6,14,1.3, 
tomate concentree tama 2kg x6,608,59.2, 
tomate concentree tama 350g x12,159,12.8, 
tomate concentree tama 700g x12,0,0.1, 
tomate concentree tama sachet gm 60g x40,0,0.1, 
tomate dieg bou diar metal gm 2kg,0,0.1, 
tomate dieg bou diar plastique gm 2kg x6,2,14.4, 
tomate dieg bou diar plastique pm 350g x12,222,13.9, 
tomate rouge tomatina 800g x12,1,0.6, 
tomate sauce flora 400g x12,0,0.1, 
tomate sauce flora 800g x12,32,2.6, 
trousseau geometrique gm x1,400,47.9, 
trousseau geometrique pm x1,443,65.3, 
twins cake x24,0,78, 
vinaigre 3 lions gm blanc 1l x12,-1,1.1, 
vinaigre adja colore gm 1l x12,1934,43, 
vinaigre adja colore pm 25cl x24,0,0.1, 
vinaigre kadi colore gm 1l x12,88,19.3, 
vinaigre marin'or blanc gm 1l x12,82,6.3, 
vinaigre marin'or blanc pm 25cl x24,13,1.7, 
vinaigre marin'or coloré gm 1l x12,167,11.9, 
vinaigre marin'or coloré pm 25cl x24,134,6.2, 
vinaigre mis colore gm 1l x12,-204,10.6, 
vinaigre mis colore pm 25cl x24,0,11.2, 
vinaigre noor blanc gm 1l x12,7,2.1, 
vinaigre noor blanc pm 250ml x24,0,0.1, 
vinaigre noor rouge gm 1l x12,16,1.9, 
vinaigre noor rouge pm 250ml x24,20,3.4, 
wekhal en grains vitfé 7g x100,0,6.1, 
yewi ananas 450ml x12,215,14.8, 
yewi citron 450ml x12,104,8.7, 
yewi cocktail 450ml x12,157,9.5, 
yewi fruits rouges 450ml x12,302,16.3, 
yewi mangue 450ml x12,186,8.6, 
yewi orange 450ml x12,233,10.1, 
yewi pomme 450ml x12,103,6.1, 
1/2 carton biscuits chico miko chocolat gm 125g x12,18,0.7, 
1/2 carton biscuits chico miko fraise gm 125g x12,7,0.3, 
1/2 carton chocolat delia 1kg x3,16,1.5, 
1/2 carton chocolat delia 250g x6,53,3.4, 
1/2 carton chocolat delia 500g x6,12,3.5, 
1/2 carton huile niani (arachide) 1l x6,0,0.1, 
1/2 carton lait concentré hollandia 120g x12,0,0.1, 
1/2 carton lait concentré sucré cheri mama x12,0,0.1, 
1/2 carton lait en poudre lalia gm 400g x5,426,2.7, 
1/2 carton lait en poudre lalia pm 20g x50,0,1.4, 
1/2 carton lait evaporé laicran pot 170g x12,0,0.1, 
1/2 carton mayonnaise chef aida 225ml x6,0,0.7, 
1/2 carton moutarde chef aida 450ml x3,0,0.1, 
1/2 carton pates amira macaroni lisse 250g x12,0,0.1, 
1/2 carton pates amira macaroni lisse 500g x10,0,0.1, 
1/2 carton pates amira macaroni lisse 500g x6,237,3.8, 
1/2 carton pates amira macaroni rayé 500g x6,24,4.7, 
1/2 carton pates amira spaghetti gm 500g x10,259,19.7, 
1/2 carton pates amira spaghetti pm 250g x20,401,41.3, 
1/2 carton pates amira torsades 500g x10,0,0.1, 
1/2 carton pates amira torsades 500g x6,0,0.1, 
1/2 demi carton adja epices 12g x360,482,17.6, 
1/2 demi carton adja epices 60g x60,-3,36.5, 
1/2 demi carton adja super 12g x360,259,7.8, 
1/2 demi carton adja super 60g x60,153,15, 
1/2 demi carton adja tomate 12g x360,187,7.3, 
1/2 demi carton adja tomate 60g x60,124,12.4, 
1/2 demi carton batterie duracell moyen aa x10,0,0.1, 
1/2 demi carton bicarbonate 90g x50,253,22.9, 
1/2 demi carton cafe teranga 100g x12,0,0.1, 
1/2 demi carton cafe teranga 200g x12,0,0.1, 
1/2 demi carton cafe teranga 50g x24,-1,10.1, 
1/2 demi carton fromage vache qui rit 24 portions x12,0,19.5, 
1/2 demi carton fromage vache qui rit 8 portions x36,147,18, 
1/2 demi carton joker epices 12g x240,137,4.7, 
1/2 demi carton joker epices 60g x60,81,6.9, 
1/2 demi carton joker super 12g x240,21,23.9, 
1/2 demi carton joker super 60g x60,39,25.5, 
1/2 demi carton joker tomate 12g x240,0,15.6, 
1/2 demi carton joker tomate 60g x60,34,5, 
1/2 demi carton jumbo arome cube x12x24,198,3.9, 
1/2 demi carton jumbo cube x12x24,216,4.3, 
1/2 demi carton kadi epices 10g x360,0,0.1, 
1/2 demi carton kadi epices 12g x360,38,2.4, 
1/2 demi carton kadi epices 60g x60,316,25.5, 
1/2 demi carton lait bridel gm 50cl x12,132,37.8, 
1/2 demi carton lait bridel pm 25cl x12,127,19.3, 
1/2 demi carton lait concentre gloria pot gm 370g x24,43,7, 
1/2 demi carton lait concentré sucré nour1kg x12,0,3.9, 
1/2 demi carton lait en poudre halib gm 400g x5,60,7.4, 
1/2 demi carton lait en poudre laclait gm 400g x5,28,5.1, 
1/2 demi carton lait en poudre nour animal gm 350g x5,53,0.3, 
1/2 demi carton lait en poudre nour végétal gm 400g x5,38,0.8, 
1/2 demi carton maggi arome liquide gm 250ml x12,0,0.1, 
1/2 demi carton maggi arome liquide pm 138ml x14,14,4.5, 
1/2 demi carton mameum epices maggi sticks 15g,144,18.1, 
1/2 demi carton mouchoir lotus 100f x20,178,15.1, 
1/2 demi carton mouchoir smiley 100f x15x5,268,9.3, 
1/2 demi carton moutarde extra forte 25g x12x20,0,4.4, 
1/2 demi carton nescafé pot 100g x12,116,6.2, 
1/2 demi carton nescafé pot 200g x6,64,3, 
1/2 demi carton nescafé pot 50g x24,130,5.9, 
1/2 demi carton oro insecticide gm pompe double action 750ml x12,37,4.7, 
1/2 demi carton oro insecticide pm pompe double action 300ml x12,60,15.1, 
1/2 demi carton papier mouchoir de poche lucart x12,0,0.1, 
1/2 demi carton pates amira vermicelles gm 500g x6,17,1.1, 
1/2 demi carton pates amira vermicelles pm 250g x12,39,2, 
1/2 demi carton sardines 125g x25,34,21.7, 
1/2 demi carton sel raffine selbe 250g x50,0,10.9, 
1/2 demi carton sticks reine 15g x150,0,0.1, 
1/2 demi carton sticks reine 25g x150,0,0.1, 
1/2 demi carton tablette maggi arome x24,76,11.3, 
1/2 demi carton tablette maggi x24,230,30.3, 
1/2 demi carton the flecha noir pm 25g x100,28,4.4, 
1/2 demi carton the flecha vert gm 200g x50,44,3, 
1/2 demi carton the flecha vert pm 25g x100,928,84.8, 
1/2 demi carton the koutam pm 25g x100,140,25, 
1/2 demi carton vitfe pompe insecticide x12,103,13.1, 
1/2 demi carton yotox insecticide pm 400ml x12,198,10.9, 
1/2 mayonnaise chef aida 1l x3,0,0.1, 
1/2 mayonnaise chef aida 450ml x6,0,0.1, 
1/2 moutarde chef aida 225ml x6,0,0.4, 
1/2 sachet sucre poudre css sunu suker 250g x20,0,0.1, 
1/2 sachet sucre poudre souki 250g x20,0,0.3, 
1/4 rasoirs bic x5 sachet x10,153,17.2, 
1/4 rasoirs laser platinum double 2 x10,52,5.4, 
ail carton 10kg,46,62.8, 
allumettes baobab pm x100,183,7.3, 
allumettes palm tree moyen 3 x12,0,12.5, 
allumettes palm tree pm x100,2,24, 
araw jeyna 400g x10,0,0.1, 
arome chapelet jumbo liquide sachets pm x20,4104,103, 
arome sauce  soralé pm 340ml x12,20,1.7, 
babylac pot blé et lait cereales 300g x12,72,5.8, 
balai abc x1,0,0.1, 
balai x1,0,30.7, 
balle dalle adidas x1,83,20.3, 
balle dalle thiarakh marron x6,27,14.4, 
balle dalle thiarakh x6,0,12.8, 
balle journal 15kg x1,0,24.5, 
balle plastique x6,27,5.9, 
balle tangsi x12,7,4.6, 
bama mayonnaise stick 17ml x100,0,0.1, 
barbecue linguere 220g x24,0,0.1, 
barquette aluminium 1kg x125,20,7.4, 
batterie kk dido x12,6,5, 
bec à gaz original,9,26.8, 
beignets crevettes prima multi colores 170g x1,792,54.2, 
beurre jadida 1kg x6,72,3.8, 
beurre jadida 500g x12,191,18.9, 
beurre kadi 500g x12,40,1, 
beurre sofia sachets 20g x100,280,32.9, 
bic feutre vitfé x13,696,23.4, 
bic feutre x12,0,9.3, 
biscuit bisking 30g x50,283,61.7, 
biscuits a break cacao 37g x24,59,7.9, 
biscuits a break plain 37g x24,64,4.7, 
biscuits baba x50,1364,118.1, 
biscuits be -breton 48g x30,14,1.1, 
biscuits be -fun choco 60g x30,9,1.4, 
biscuits be -top 52g x30,19,1.6, 
biscuits be cake fluffy 40g x36,34,4, 
biscuits be cooky 68g x24,78,10.9, 
biscuits be donut 40g x36,73,11.5, 
biscuits bisko chocolat sachets x50,968,36.5, 
biscuits bisko fourio max chocolat 48g x24,49,3, 
biscuits bisko fourio max vanille 48g x24,45,0.1, 
biscuits bisko l'original pm sachets x50,3244,474, 
biscuits biskrem pm 40g x24,937,91.4, 
biscuits bissrol mozaik 45g x24,0,0.1, 
biscuits bissrol mozaik nouveau 45g x24,0,0.1, 
biscuits bonita coco  x100,42,15.8, 
biscuits boom choco x24,769,51.4, 
biscuits boom vanille x24,494,18.6, 
biscuits carnaval gm banane 40g x24,146,5.4, 
biscuits carnaval gm cacao 40g x24,55,10.5, 
biscuits carnaval gm fraise 40g x24,176,5.7, 
biscuits carnaval gm vanille 40g x24,76,9.7, 
biscuits carnaval pm banane 22g x24,235,16.4, 
biscuits carnaval pm cacao 22g x24,865,46.1, 
biscuits carnaval pm fraise 22g x24,13,21.8, 
biscuits carnaval pm lait 22g x24,658,38.2, 
biscuits chico miko chocolat pm 30g x24,39,2, 
biscuits chico miko fraise pm 30g x24,28,1.4, 
biscuits cookie boom nature 36g x24,0,5.6, 
biscuits deemah x24,84,7.5, 
biscuits empire gm cacao 100g x12,-1,12.6, 
biscuits empire gm plain 100g x12,201,12.8, 
biscuits empire pm cacao 40g x24,290,17.8, 
biscuits empire pm plain 40g x24,172,24.6, 
biscuits exelo eyo'o cover 48g x30,40,2.7, 
biscuits exelo king cookies 48g x30,1,1.9, 
biscuits fiarino chocolat 40g x24,0,0.1, 
biscuits fiarino vanille 40g x24,0,0.1, 
biscuits go7 gm vanille 37g x24,30,2, 
biscuits good time x24,41,9.5, 
biscuits harmony maxi gm cacao 40g x24,92,5, 
biscuits harmony maxi gm vanille 40g x24,113,4.8, 
biscuits harmony pm vanille 17g x24,51,4.3, 
biscuits hay hay caramel x24,887,33.7, 
biscuits hay hay chocolat x24,5845,56.7, 
biscuits hay hay fraise x24,839,34.5, 
biscuits hi hello x24,151,12.5, 
biscuits ikram 58g x36,1347,112, 
biscuits klas 40g x24,0,0.1, 
biscuits limousine banane 45g x24,0,0.1, 
biscuits limousine chocolat 45g x24,244,15.2, 
biscuits limousine vanille 45g x24,226,11.4, 
biscuits manga white chocolat pm15g x24,62,3, 
biscuits milk x24,886,137.2, 
biscuits milkano x24,0,0.1, 
biscuits mon goffi pm chocolat 17g x24,50,5.4, 
biscuits ndeki sachets x50,168,8.1, 
biscuits nouveau harmony pm banane 17g x24,166,5.7, 
biscuits nouveau harmony pm cacao 17g x24,94,3.1, 
biscuits nutro x24,82,8.4, 
biscuits selfy 40g x24,0,0.1, 
biscuits warr bi gm 100f x50,175,0.1, 
biscuits zina bar pm chocolat 10g x100,34,4.3, 
biscuits zina bar pm fraise 10g x100,37,4.1, 
biscuits zina bar pm vanille 10g x100,65,4.1, 
biscuits zina duo choco 40g x24,39,1.4, 
biscuits zina duo fraise 40g x24,37,3.5, 
biscuits zina duo vanille 40g x24,39,4.4, 
bleu sachet 7g x50,0,13.9, 
bougie 100f x10,1078,52.6, 
bougie 50f x6,-4,70, 
briquets bic pm j3 moyen x50,0,0.1, 
briquets bic pm j5 mini x50,24,1.6, 
briquets blanc pm x50,1,12.9, 
briquets pm x50,0,11.6, 
brosse a dents colgate  deep clean x12,83,5.3, 
brosse a dents colgate  double action x12,37,4, 
brosse a dents enfant x12,0,7.3, 
brosse a dents vitfé 300f x12,76,4.3, 
brosse jean x6,29,6.5, 
cable usb 1m bamba fepp x5,0,3.8, 
cable usb 1m iphone x5,4,2.9, 
cable usb 1m type c x5,25,2.6, 
"café carte noire stick 1,8g x25",0,0.1, 
"café l'or stick 1,8g x25",0,0.1, 
"café maxwell house 1,8g x100",0,13.3, 
"café maxwell house 1,8g x25",0,0.1, 
café nescafé sachets pm 100g x8,62,5.5, 
café nescafé stick 1.5g x150,4142,339.1, 
café touba bakhdad 45g sachet x40,1637,102.9, 
cahier 100 pages x10,5,54.9, 
cahier 200 pages x5,10,49.6, 
cahier 48 pages x24,82,36.2, 
cahier double ligne,0,16.2, 
cahier protege100 pages x10,0,51.7, 
cahier protège 200 pages x5,0,45.7, 
cake trilex  x24,0,16.8, 
calculatrice scientifique x 1,0,15.8, 
can 3x energy ginger gm 50cl x24,0,0.1, 
can 3x energy ginger moyen 33cl x24,0,0.1, 
can 3x energy gm 50cl x24,1046,83.5, 
can 3x energy malt moyen 33cl x24,0,0.1, 
can 3x energy moyen 33cl x24,541,203.1, 
can 3x energy moyen zero 33cl x24,0,0.1, 
can 3x energy pm 25cl x24,0,52.6, 
can 7up 33cl x24,0,0.1, 
can black power gm 50cl x24,0,0.1, 
can black power moyen 33cl x24,0,0.1, 
can black power pm 25cl x24,137,13.5, 
can coca cola 33cl x24,4,61.8, 
can coca cola zero 33cl x24,1,0.1, 
can energie agrumes hora pm 25cl x24,59,3, 
can fanta ananas 33cl x24,148,46.7, 
can fanta fruits rouge 33cl x24,1,0.1, 
can fanta orange 33cl x24,2,54.4, 
can ira ananas gm 320ml x24,0,0.1, 
can ira ananas pm 235ml x24,0,39.7, 
can ira cocktail gm 320ml x24,0,0.1, 
can ivorio ananas pm 33cl x24,0,0.1, 
can jus de coco a la pulpe gm 330ml x24,0,0.1, 
can jus de coco foco gm 520 ml x24,0,0.1, 
can jus de coco foco moyen 350 ml x24,0,0.1, 
can lait de coco divino gm 330ml x24,338,23, 
can minute maid mangue 25cl x24,0,0.1, 
can minute maid orange 25cl x24,0,0.1, 
can minute maid tropical 25cl x24,0,0.1, 
can mirinda fruity 25cl x24,56,7, 
can mixte 33cl x24,2,0.1, 
can n'wely ananas 24cl x24,0,0.1, 
can n'wely cocktail 24cl x24,0,0.1, 
can n'wely coco ananas 24cl x24,0,0.1, 
can n'wely goyave 24cl x24,0,0.1, 
can n'wely mangue 24cl x24,0,0.1, 
can pepsi 25cl x24,8,10, 
can pepsi max 25cl x24,1,4, 
can pepsi zero 25cl x24,1,0.1, 
can pressea coco ananas 25cl x24,97,57.2, 
can pressea goyave 25cl x24,0,37, 
can pressea mangue 25cl x24,2,26.1, 
can pressea orange 25cl x24,0,12, 
can pressea tropical 25cl x24,1,22.8, 
can rani ananas 24cl x24,0,0.1, 
can rani banane 24cl x24,0,0.1, 
can rani cocktail blanc 24cl x24,3,0.1, 
can rani cocktail pulpe 24cl x24,0,0.1, 
can rani coco ananas x24,0,0.1, 
can rani fraise banane 24cl x24,6,0.1, 
can rani goyave 24cl x24,0,0.1, 
can rani mangue 24cl x24,0,0.1, 
can rani mixte pack 24cl x24,0,0.1, 
can rani orange 24cl x24,6,0.1, 
can rani peche 24cl x24,1,0.1, 
can redbull 25cl x24,0,0.1, 
can schweppes agrumes 25cl x24,1,77.1, 
can schweppes citron 25cl x24,36,16.8, 
can schweppes mix agrumes et citron 25cl x24,88,27.7, 
can schweppes tonic 25cl x24,0,16, 
can sprite 33cl x24,0,53.6, 
can treme x gm 50cl x24,0,0.1, 
can treme x pm 33cl x24,0,0.1, 
can vicco malt 33cl x24,0,0.1, 
can vimto 33cl x24,341,42.1, 
can vimto malt 33cl x24,222,27.3, 
can world cola 33cl x24,0,0.1, 
can xl 50cl x24,0,0.1, 
can zisan eau coconut 33cl x24,0,0.1, 
can zisan extra power energy moyen 33cl x24,0,0.1, 
can zisan goyave 33cl x24,0,0.1, 
can zisan malt 33cl x24,0,0.1, 
can zisan tamarind 33cl x24,0,0.1, 
casamançaise le jus ananas 1l x6,293,32.4, 
casamançaise le jus bissap menthe 1l x6,460,40.5, 
casamançaise le jus bouye gingembre 1l x6,0,0.1, 
casamançaise le jus ditakh 1l x6,52,0.1, 
casamançaise le jus mad mangue 1l x6,0,0.1, 
casamançaise le jus mini ananas 200ml x24,491,20.6, 
casamançaise le jus mini bissap menthe 200ml x24,0,33.9, 
casamançaise le jus mini ditakh 200ml x24,0,0.1, 
casamançaise le jus mini mad mangue 200ml x24,0,0.1, 
casamançaise le jus mini orange 200ml x24,0,17.2, 
casamançaise le jus mini tropical 200ml x24,0,16.3, 
casamançaise le jus orange 1l x6,298,17.8, 
casamançaise le jus tropical 1l x6,317,40.1, 
cerelac 3 fruits sachets 50g x80,57,5.2, 
cerelac pot blé avec lait cereales 400g x12,24,2.7, 
cerelac sachets blé cereales 50g x80,59,14.1, 
chapelet lait en poudre halib pm 20g x10,1,96, 
chapelet lait en poudre laclait pm 20g x10,0,3.6, 
chapelet lait en poudre lalia pm 20g x 10,1448,75.1, 
chapelet levure boulangere saf 11g x12,46,4.4, 
chargeur bamba fepp x5,26,3.7, 
chargeur iphone x 5,9,2.4, 
chargeur type c x 5,49,2.1, 
chef aida mayonnaise 2.5l,0,0.1, 
chef aida mayonnaise 25ml x144,11,1, 
chef aida moutarde 1kg x6,0,0.1, 
chewing-  icy mint pot x100,181,12.8, 
chewing-gum boule x1,9,23, 
chewing-gum mentos pot x100,950,94.1, 
chips buggy barbecue x24,473,18.9, 
chips buggy fromage x24,234,8.9, 
chips buggy guud puff barbecue x24,128,15.7, 
chips buggy guud puff fromage x24,172,17.4, 
chips buggy jakarta ketchup x48,118,5.3, 
chips buggy ketchup x24,192,7.7, 
chips buggy oignons x24,40,10.4, 
chips buggy potato sel x24,-1,5.5, 
chips buggy sweet chili x24,52,10.9, 
chips coco meew 35g x24,0,0.1, 
chips fiesta foot ball x24,0,0.1, 
chips fiesta meew 30g x24,196,12.2, 
chips fiesta meew vanille 50f 15g x48,48,5.8, 
chips fiesta puffs fromage,141,19.6, 
chips meew corn toon 100f 35g x24,0,7.9, 
chips mini fiesta potato stick x50,448,16.5, 
chips moda fromage x24,141,16, 
chips moda ketchup x24,153,9.7, 
chips moda poulet x24,263,13, 
chips moda sel x24,195,26.7, 
chips potata 15g x50,129,11.8, 
chips potata 80g x48,195,14.4, 
chips potata epicé 30g x48,54,4.3, 
chips potata oignon 30g x48,0,0.1, 
chips pringles pm x12,32,7.9, 
chips sama doom x48,212,19.1, 
chocolat chocopain 1kg x6,106,17.7, 
chocolat chocopain 250g x24,64,8, 
chocolat chocopain 500g x12,161,25.6, 
chocolat mon choco 1kg x6,30,3.2, 
chocolat mon choco 250g x12,24,2.9, 
chocolat mon choco 500g x12,59,6.4, 
chocolat nutella 350g x5,0,0.1, 
chocolat poudre kangoo sachets 10g x60,-4,73, 
colle crazy super glue x10,1,37.4, 
conserves ananas morceaux dianor 565g x12,121,12.2, 
conserves ananas morceaux prima 565g x12,78,13.4, 
conserves ananas morceaux sofia 565g x12,0,0.1, 
conserves macedoine de legumes avril 400g x12,0,3.8, 
conserves maïs avril 300g x12,39,2.5, 
conserves petit pois amor gm 800g x12,100,6.5, 
conserves petit pois amor pm 400g x24,72,6.9, 
conserves petit pois avril doux garden 400g x12,18,5.9, 
conserves petit pois dieg gm 800g x12,9,0.9, 
conserves petit pois dieg pm 400g x12,13,1.5, 
conserves petit pois mis gm 800g x12,45,6.3, 
conserves petit pois mis pm 400g x24,0,7.5, 
corned boeuf - boeuf pm rond 200g x24,0,0.1, 
corned boeuf - boeuf sara gm 340g x24,300,35.7, 
corned boeuf - boeuf sara pm 190g x24,312,27.7, 
corned boeuf - poulet sara gm 340g x24,681,19.4, 
corned boeuf - poulet sara pm 190g x24,211,27.9, 
coton tige x24,51,18.1, 
couches lilas taille 2 - x5,27,2.5, 
couches lilas taille 3 - x5,45,8.6, 
couches lilas taille 4 - x5,154,21.8, 
couches softcare blanc taille 3 - x5 nouveau format,162,12.5, 
couches softcare blanc taille 4 - x5 nouveau format,0,38, 
couches softcare bleu taille 4 - x5,161,121.6, 
couches softcare taille 2 - x5,98,21, 
couches softcare taille 3 - x5,87,49.5, 
couscous brio fin gm 1kg x12,0,0.1, 
couscous brio fin pm 500g x24,0,0.1, 
couscous brio moyen gm 1kg x12,0,0.1, 
couscous brio moyen pm 500g x24,0,0.1, 
couscous fin diari gm 1kg x10,74,2.9, 
couscous fin kayna gm 1kg x12,332,22.1, 
couscous fin kayna pm 500g x20,528,28.1, 
couscous fin mis gm 1kg x10,0,0.1, 
couteau 100f x12,72,17.7, 
couteau 200f x6,160,30.8, 
crayon noir sans gomme x1,0,0.1, 
crème défrisante vitalys 120ml x6,61,5.4, 
cuillère x12,404,39.9, 
cure dent x12,0,13.9, 
dentifrice colgate 140g x12,112,9.5, 
dentifrice colgate 35g x12,74,2.4, 
dentifrice colgate charbon 120g x12,0,0.1, 
dentifrice colgate herbal 150g x12,34,1.5, 
dentifrice colgate max fresh rouge 130g x12,261,20.7, 
dentifrice mediann gm 100g x12,2,6.5, 
dentifrice mediann gm 150g x6,25,1.5, 
dentifrice mediann max gm 120g x12,27,1, 
dentifrice mediann pm 40g x12,81,5.7, 
dentifrice medident gm 150g x12,17,1, 
dentifrice mera 120g x12,5,10.6, 
désodorisant  nova 500 ml x6,58,6.7, 
désodorisant belair ananas coco 400 ml x6,0,0.1, 
désodorisant belair vanille 400 ml x6,0,0.1, 
eau - casamancaise pm 33cl x12,0,189.9, 
eau - casamançaise 10l,0,24.4, 
eau - casamançaise gm 1.5l x6,971,59.9, 
eau - casamançaise moyen 50cl x12,0,15.3, 
eau - diana pm 35cl x12,0,0.1, 
eau - kayar pm 35cl x12,0,0.1, 
eau - kirène 10l,100,42.4, 
eau - kirène gm 1.5l x6,925,66.1, 
eau - kirène pm 33cl x12,1333,178.2, 
eau - o'royal 10l,0,0.1, 
eau - o'royal gm 1.25l x6,593,95.3, 
eau - o'royal moyen 50cl x12,0,0.1, 
eau - o'royal pm 33cl x12,0,0.1, 
eau - olympia 33cl x12,247,174.6, 
eau - seo 1.5l x6,-2,27.1, 
eau - seo 10l,0,32.1, 
eau - seo 4.5l,0,43.9, 
eau - seo pm 35cl x12,-66,3669.5, 
eau - walo pm 33cl x12,0,0.1, 
eau de fleur d'oranger 3 lions gm 125ml x12,35,9.4, 
eau de fleur d'oranger 3 lions pm 65ml x12,54,11.2, 
eau de fleur d'oranger gourmet gm 250ml x6,30,3.4, 
eau de fleur d'oranger gourmet moyen 125ml x6,67,4.6, 
eau de fleur d'oranger gourmet pm 100ml x6,134,7.7, 
ecouteur iphone x5,0,1.1, 
ecouteur x1,70,2.6, 
ensemble geometrique x1,120,23.1, 
epices bara muso ail x50,51,6.5, 
epices bara muso laurier x50,41,3.2, 
epices bara muso moutarde x50,0,0.1, 
epices bara muso muscade x50,0,0.1, 
epices bara muso piment aromatisé x50,81,13.7, 
epices bara muso piment x50,141,24.4, 
epices bara muso poivre x50,116,33.2, 
epices bara muso poivre épicé x50,187,16.6, 
epices bara muso soumbala x50,308,29.1, 
epices bara muso tchin bi x50,42,1.4, 
epices poivre antiz x50,280,27.3, 
essence aromes 3 lions banane 30ml x12,33,7.5, 
essence aromes 3 lions coco 30ml x12,56,5.1, 
essence aromes 3 lions corossol 30ml x12,10,3.3, 
essence aromes 3 lions fraise 30ml x12,20,3.5, 
essence aromes 3 lions menthe 30ml x12,31,4.1, 
essence aromes 3 lions vanille 30ml x12,40,15.9, 
essence foster clark ananas 28ml x12,8,0.4, 
essence foster clark banane 28ml x12,18,1, 
essence foster clark coco 28ml x12,3,0.6, 
essence foster clark exotic 28ml x12,0,0.1, 
essence foster clark fraise 28ml x12,0,0.1, 
essence foster clark menthe 28ml x12,18,1.5, 
essence foster clark vanille 28ml x12,11,1.3, 
essence gourmet banane 30ml x12,12,1.7, 
essence gourmet vanille 30ml x12,44,4, 
farine de blé fati 250g x48,339,21.9, 
farine de blé nma 1kg x10,0,0.1, 
farine mère beignet 10kg type 55,74,7.1, 
farine patissière gmd 1kg x10,53,11.8, 
garabe yo x5,0,30.6, 
gauffrette fiarino chocolat 40g x24,0,0.1, 
gel douche nova  750 ml x4,25,1.3, 
gm 7up pet 1l x6,0,0.1, 
gm coca cola 1.25l x6,476,124.3, 
gm coca cola diouf 1.25l x6,-7,0.1, 
gm coca cola zero 1.25l x6,0,0.1, 
gm energie maca plus  x12,0,0.1, 
gm fanta ananas 1.25l x6,1,31.8, 
gm fanta fruits rouge 1.25l x6,0,0.1, 
gm fanta orange 1.25l x6,0,47, 
gm gazelle ananas 1l x6,767,78.8, 
gm gazelle limonade 1l x6,7,5.3, 
gm gazelle pomme 1l x6,197,21.3, 
gm jet 7 ananas 1.25l x6,0,0.1, 
gm jet 7 cola 1.25l x6,11,2.6, 
gm jet 7 fruit rouge 1.25l x6,0,0.1, 
gm jet 7 orange 1.25l x6,0,0.1, 
gm jet 7 sprite 1.25l x6,0,0.8, 
gm king ananas 1.25l x6,55,6.5, 
gm king fruits rouge 1.25l x6,85,6.7, 
gm king orange 1.25l x6,33,6.3, 
gm king sprite 1.25l x6,103,4, 
gm mirinda fruity pet 1l x6,0,0.1, 
gm mirinda orange pet 1l x6,0,0.1, 
gm pepsi max pet 1l x6,0,0.7, 
gm pepsi pet 1l x6,61,6.3, 
gm pressea fresh mangue coco 1l x6,0,0.1, 
gm pressea fresh orange 1l x6,0,0.1, 
gm pressea fresh tropical 1l x6,0,0.1, 
gm schweppes agrumes 1.25l x6,299,89.9, 
gm schweppes citron 1.25l x6,0,0.1, 
gm schweppes tonic 1.25l x6,-1,0.1, 
gm sprite 1.25l x6,745,89.8, 
gm tampico bouteille citrus 1l x6,0,41.1, 
gm top ananas 1l x6,0,0.1, 
gm top orange 1l x6,731,11.2, 
gm vimto 1l x6,300,141.4, 
gm world cola 1l x6,0,0.1, 
gm youzou limonade 1.5l x6,0,0.1, 
huile bidon  turkey 20l,0,0.1, 
huile bidon 20l diery,1991,446.8, 
huile bidon 20l mis,0,0.1, 
huile bidon 20l oki,0,0.1, 
huile bidon 20l zita,1,368.3, 
huile bidon arachide 20l,0,0.4, 
huile bidon importé 20l avena,1704,0.1, 
huile de palme zita 1l x12,0,0.1, 
huile de palme zita 5l x4,0,1.1, 
huile jadida soja 1l x12,10,20.4, 
huile jadida soja 250ml x24,0,0.1, 
huile jadida soja 5l x4,309,39, 
huile jadida soja bidon 5l x1,0,0.1, 
huile machine 90ml x6,164,12.2, 
huile niani (arachide) 5l x1,0,0.1, 
huile soja niinal 1l x12,0,0.1, 
huile soja niinal 5l x4,383,57.9, 
huile tournesol bon appétit 250ml x48,135,11.1, 
huile tournesol kadi 5l x4,0,0.1, 
huile tournesol sangomar 1l x12,0,0.1, 
huile zita 250ml x48,49,9, 
insectide vitfe spirale,0,0.1, 
insectide vitfe thiouraye baton x12,343,38, 
javel en grains vitfé 7g x100,5,4.1, 
jus bole brique goyave 1l x8,0,0.1, 
jus bole brique mangue 1l x8,0,0.1, 
jus bole brique orange 1l x8,0,0.1, 
jus bole brique tropical 1l x8,0,0.1, 
jus chivita active agrume 125ml x24,0,0.1, 
jus chivita cocktail 1l x10,0,0.1, 
jus chivita exoctic coco ananas 315 ml x12,0,0.1, 
jus chivita exotic coco ananas 125ml x24,0,0.1, 
jus chivita exotic coco ananas 1l x10,0,0.1, 
jus chivita orange 125ml x24,0,0.1, 
jus chivita premium ananas 1l x10,1,0.1, 
jus chivita premium orange 1l x10,0,0.1, 
jus chivita premium pomme 1l x10,0,0.1, 
jus chivita premium raisin rouge 1l x10,0,0.1, 
jus delice brique ananas 1l x6,9,0.6, 
jus delice brique mangue 1l x6,4,0.4, 
jus delice brique mix 1l x6,4,0.7, 
jus delice brique mojito 1l x6,0,0.1, 
jus delice brique multivitamine 1l x6,11,0.5, 
jus delice brique orange 1l x6,5,0.4, 
jus delice brique poire 1l x6,12,0.8, 
jus delice brique raisin 1l x6,6,1.1, 
jus delice brique tropical 1l x6,7,1.1, 
jus fada bouteille gm 410ml x15,0,12.6, 
jus fada bouteille pm 230ml x24,6,14.7, 
jus fada brique 200ml x28,294,189.4, 
jus fada orange brique 200ml x28,0,0.1, 
jus fada pot 235ml x30,155,14.2, 
jus fada pot 50fr 120ml x56,1,35.4, 
jus fada sachet gm 220ml x36,4,0.1, 
jus fada sachet pm 120ml x60,37,23.8, 
jus fada stick pm 65ml x100,55,49.3, 
jus foster clark ananas 20g x15,86,14.8, 
jus foster clark ananas/gingembre 20g x15,80,9.6, 
jus foster clark fruit rouge 20g x15,142,14.3, 
jus foster clark goyave 20g x15,0,0.1, 
jus foster clark lemon 20g x15,0,4.4, 
jus foster clark mangue 20g x15,31,11.3, 
jus foster clark orange 20g x15,40,16.5, 
jus junior 125ml x24,0,11.3, 
jus jutos cocktail brique 1l x6,33,0.5, 
jus jutos orange brique 1l x6,34,0.3, 
jus lana bouteille (100f),300,23.7, 
jus lana bouteille 200f 39cl x15,300,14.8, 
jus lana bouteille ananas 45cl x12,0,4.1, 
jus lana bouteille orange 45cl x12,-1,0.1, 
jus lana brique 100f,500,33.1, 
jus lana pot (100f) 245ml x28,112,20.8, 
jus lana pot (50f) 120ml x56,300,24.1, 
jus lana stick 25f,199,10.6, 
"jus naturel bissap blanc pet 1,2l x6",8,0.3, 
"jus naturel bissap mix rouge blanc pet 1,2l x6",0,0.5, 
"jus naturel bissap rouge pet 1,2l x6",3,0.5, 
jus press up ananas brique 1l x6,8,4.3, 
jus press up mangue brique 1l x6,39,2.6, 
jus press up orange brique 1l x6,32,1.2, 
jus press up peche brique 1l x6,35,1.2, 
jus press up poire brique 1l x6,20,1.1, 
jus press up pomme brique 1l x6,17,1.5, 
jus press up raisins rouges brique 1l x6,41,3.7, 
jus pressea brique ananas 1l x12,1,0.1, 
jus pressea brique ananas gingembre 1l x12,0,0.1, 
jus pressea brique bissap 1l x12,28,3.5, 
jus pressea brique cocktail 1l x12,275,32.4, 
jus pressea brique cocktail light 1l x12,0,8.7, 
jus pressea brique cocktail mango 1l x12,0,0.1, 
jus pressea brique coco ananas 1l x12,605,72.4, 
jus pressea brique goyave 1l x12,395,57.4, 
jus pressea brique mango passion 1l x12,0,0.1, 
jus pressea brique mangue 1l x12,183,17.6, 
jus pressea brique orange 1l x12,115,12.3, 
jus pressea brique pomme 1l x12,23,3.4, 
jus pressea mini ananas 200ml x24,157,12.3, 
jus pressea mini cocktail 200ml x24,160,11.8, 
jus pressea mini orange 200ml x24,100,6.8, 
jus pressea mini pomme 200ml x24,95,5.9, 
jus primo bouteille 100f 230ml x24,-2,61.8, 
jus primo pot (50f) 120ml x56,0,36.1, 
jus sun top gm orange 1l x12,5,0.5, 
jus sun top gm pomme 1l x12,10,0.3, 
jus sun top gm tropical 1l x12,0,0.1, 
jus sun top mangue 125ml x24,50,9.4, 
jus sun top orange 125ml x24,159,9.5, 
jus sun top pm citron 125ml x24,2,1.2, 
jus sun top pm cocktail 125ml x24,207,25.9, 
jus sun top pm goyave 125ml x24,0,0.1, 
jus tampico pot x24,0,0.1, 
jus tampico sachet 200ml x30,0,63, 
jus zoom pot 20cl x28,0,0.1, 
keppou 12 x6,303,28.6, 
ketchup dieg bou diar bidon 1kg x12,0,0.1, 
ketchup dieg bou diar bidon 5kg,126,27.7, 
ketchup dieg bou diar sachets 50g x40,47,2.8, 
ketchup linguere 340g x24,90,9, 
ketchup linguere bidon 5kg,251,22.4, 
ketchup linguere stick 10g x500,0,0.1, 
ketchup tama bidon 5kg,222,16, 
kidilac cereales blé sachets 50g x100,0,0.2, 
kidilac cereales pot blé 400g x12,0,0.1, 
kidilon cereales pot mais 210g x12,7,0.2, 
kidilon cereales pot multi cereales 210g x12,0,0.4, 
lait - candia gm demi-ecreme 1l x12,64,22.7, 
lait - candia moyen demi-ecreme 50cl x12,0,27.5, 
lait - candia pm brique demi-ecreme 20cl x24,1179,86.4, 
lait - candia pm brique vanille 20cl x24,934,122.1, 
lait - jet lait 20cl x30,62,54.5, 
lait - laicran moyen entier 50cl x12,179,10.6, 
lait - nutri ananas 210ml x24,2,0.1, 
lait - nutri-milk choco 400ml x12,0,0.1, 
lait - nutri-milk orange 210ml x24,0,0.1, 
lait - nutri-milk pomme 210ml x24,-1,0.1, 
lait - nutri-milk pomme 500ml x12,-8,0.1, 
lait - nutri-milk vanille 210ml x24,4,0.1, 
lait concentre gloria non sucre pot pm 160g x24,63,24.5, 
lait concentré hollandia 120g x24,0,0.1, 
lait concentré hollandia 50g x48,0,0.1, 
lait corporel coco pulp 250ml x6,0,0.1, 
lait en poudre dano quotidien 20g x100,0,0.1, 
lait en poudre dano quotidien 400g x10,0,0.1, 
lait en poudre diamo pm 20g x100,0,0.1, 
lait en poudre gloria gm 400g x12,0,0.1, 
lait en poudre gloria pm 16g x120,80,11.1, 
lait en poudre halib gm 400g x10,0,0.1, 
lait en poudre halib pm 20g x100,100,9.4, 
lait en poudre laclait gm 400g x10,24,0.6, 
lait en poudre laclait pm 20g x100,10,0.1, 
lait en poudre laicran gm 400g x10,238,24.2, 
lait en poudre laicran pm 20g x100,1318,144.9, 
lait en poudre laity pm 20g x100,0,0.1, 
lait en poudre lalia gm 400g x10,0,0.1, 
lait en poudre mixwell gm 400g x10,0,0.1, 
lait en poudre mixwell pm 18g x100,0,0.1, 
lait en poudre nido gm 400g x12,0,0.1, 
lait en poudre nido pm 16g x120,77,10, 
lait en poudre sibon pm 18g x100,0,0.1, 
lait evaporé laicran pot 170g x24,-1,0.4, 
lait evaporé laicran pot 170g x48,70,2.9, 
lait evaporé lalia pot pm 160g x48,29,18.6, 
lait evaporé matinal pot pm 170g x48,124,12.6, 
lait evaporé miwa pot pm 160g x48,11,5.1, 
lait evaporé nour pot 160g x48,76,8.7, 
lait ideal men 200 ml x6,3,2.3, 
lait ideal skin 200 ml x6,16,3, 
lait jaouda gm entier 1l x6,45,4.5, 
lait nova derma 250ml x4,58,2.6, 
lait rose gm 500ml x12,138,17.9, 
lait rose pm 200ml x21,31,7.5, 
lait soft skin 220 ml x6,49,1.8, 
lait vitalait liquide 18cl x24,0,0.1, 
lait vitalait liquide 50cl x6,0,0.1, 
lait yaourt milkana mangue 100g x24,0,0.1, 
lame vitfé x100,0,33.9, 
lampe économique x10,21,1.9, 
levure smart chef x100,211,13.6, 
lingette bébé lilas x1,3523,1, 
mayonnaise calvé 1l x6,0,0.1, 
mayonnaise calvé 225ml x12,0,0.1, 
mayonnaise calvé 450ml x12,0,0.1, 
mayonnaise jadida 1l x6,51,2.9, 
mayonnaise jadida 250ml x12,97,6.2, 
mayonnaise jadida 500ml x12,62,4.4, 
mayonnaise kadi 1l x6,1,0.1, 
mayonnaise kadi 250ml x12,0,0.1, 
mayonnaise kadi 500 ml x12,0,0.1, 
mayonnaise maynes gm 946ml x6,0,0.1, 
mayonnaise maynes moyen 473ml x12,0,0.1, 
mayonnaise maynes pm 237ml x12,0,0.1, 
mayonnaise sofia sachets 20g x120,100,5.5, 
mayonnaise top mayo 3.8l,98,3.1, 
mbomb 100f x6,0,61.7, 
mbomb 200f x4,23,21.4, 
melolac sachets cereales avec lait 50g x50,377,21.8, 
moukhamsa plomb kayna gm 500g x20,31,2.7, 
moukhamsa plomb kayna pm 250g x40,187,11.1, 
moukhamsa plomb pastami gm 500g x12,0,0.1, 
moukhamsa plomb pastami pm 250g x24,105,3, 
moukhamsa plomb rose blanche pm 250g x48,11,9.9, 
moukhamsa tiep rose blanche pm 250g x48,1,0.1, 
moutarde kadi 1kg x6,0,0.6, 
moutarde kadi verre 370g x6,0,0.1, 
moutarde packfood 850g x6,0,0.1, 
moutarde pathial pathial gm 1l x6,104,15.5, 
moutarde pathial pathial pm 330ml x12,46,14.8, 
moutarde reine flacon 340g x12,0,0.1, 
moutarde reine seaux 1kg x6,0,0.1, 
moutarde reine verre 370g x6,27,17.7, 
moutarde reine verre 850g x6,49,4.4, 
net - acide noura flash 1l x12,88,11, 
net - eau de javel armonia gm 1l x12,0,2.5, 
net - eau de javel la croix gm 800ml x15,4,1.3, 
net - eau de javel madar gm 900ml x12,29,26.6, 
net - eau de javel madar seau 65ml x100,138,36.5, 
net - eau de javel vitfe 65ml x100,0,0.1, 
net - lave vitre armonia 750ml x12,56,1.5, 
net - lave vitre madar 1l x12,0,2.1, 
net - lave vitre madar 750ml x12,16,3.5, 
net - lave vitre novelas 750ml x12,19,1.8, 
net - liquide madar gm platinum 900ml x12,0,21.5, 
net - liquide madar gm premium violet 900ml x12,39,11.9, 
net - liquide madar gm renzo 900ml x12,-150,18, 
net - liquide madar moyen 400ml x12,13,15.9, 
net - liquide madar pm platinum 200ml x24,67,20.9, 
net - liquide madar pm renzo 200ml x24,15,17.3, 
net - liquide madar seau renzo 40ml x125,0,18.8, 
net - poudre get 11kg,0,13.6, 
net - poudre madar 100cfa 60g x80,68,23.2, 
net - poudre madar 200cfa 185g x12,124,58.6, 
net - poudre madar 25cfa 15g x180,0,8.4, 
net - poudre madar 400g x10,-1,16, 
net - poudre madar 50cfa 25g x90,8,9.9, 
net - poudre madar 900g x10,272,7.7, 
net - poudre madar platinum 10 kg,0,0.1, 
net - poudre madar platinum 160g x12,0,0.1, 
net - poudre madar platinum 800g x10,0,0.1, 
net - poudre noura 10kg,0,9.5, 
net - poudre novelas 100cfa 60g x80,34,2.8, 
net - poudre novelas 200cfa 170g x40,0,1.8, 
net - poudre novelas floral 15g x180,26,3.2, 
net - poudre novelas floral 50cfa 30g x90,7,2, 
net - poudre saba 100cfa 60g x80,0,10.7, 
net - poudre saba 200cfa 160g x40,0,42.4, 
net - poudre saba 25cfa 15g x180,0,3.2, 
net - poudre saba 400g x10,0,22, 
net - poudre saba 50cfa 25g x90,0,2.9, 
net - poudre saba floral 850g x12,0,0.1, 
net - poudre so'klin 25cfa 15g x300,0,0.1, 
net - poudre so'klin 50cfa 25g x150,0,0.1, 
net - poudre zenta 170g x40,0,10, 
net - poudre zenta 400g x12,0,3.3, 
net - sabou la main x18,0,0.1, 
net - savon bienco gm x24,99,20.6, 
net - savon bienco pm x60,156,12.9, 
net - savon diam 250g x18,114,8.9, 
net - savon fanico gm 300g x24,0,0.1, 
net - savon la main x18,1943,83.2, 
net - savon larissa carotte x1,0,0.1, 
net - savon madar multi-usage blanc 250g x18,29,2.7, 
net - savon madar multi-usage bleu 250g x18,0,2.3, 
net - savon madar multi-usage jaune 250g x18,18,3.4, 
net - savon madar ordinaire 400g x24,0,0.1, 
net - savon ordinaire 275g x18,292,50.8, 
net - savon pharmapur classique 150g x12,51,1.7, 
net - savon pharmapur fresh 150g x12,36,1, 
net - savon pharmapur herbal 150g x12,8,3.6, 
net - savon saba 275g x18,0,0.1, 
net - savon santex rouge 90g x6,0,0.1, 
nouilles jollof chicken golden penny 70g x40,0,15.1, 
nouilles poulet golden penny 70g x40,0,0.1, 
nutribom boite avoine 300g x16,17,0.3, 
nutribom boite banane pomme 300g x16,12,0.8, 
nutribom boite maïs 300g x16,14,0.7, 
nutribom boite miel 300g x16,9,0.9, 
nutribom boite multicereales 300g x16,9,1.1, 
nutribom boite riz 300g x16,17,0.4, 
nutrilac pot 3 fruits 360g x12,1,1.3, 
nutrilac pot banane 360g x12,17,0.4, 
nutrilac pot blé avec lait cereales 400g x12,0,5.4, 
nutrilac pot miel 360g x12,12,0.8, 
nutrilac sachets blé avec lait cereales 50g x100,9,1.1, 
olives vertes entieres 370g x12,0,4.3, 
papier essuie -tout style jumbo x9,0,1.8, 
papier essuie tout lilas jumbo x6,295,23.9, 
papier essuie tout lilas xl x6,271,24.4, 
papier essuie tout lys xl x6,74,6.1, 
papier essuie tout lys xxl maxi 600f - x6,79,5.7, 
papier marabout x100,15,17.5, 
papier toilette lys x12,65,3.6, 
paquet ardoise abc x12,0,11, 
paquet ardoise simple x12,241,5.1, 
paquet batonnet x1,218,62.1, 
paquet batterie royal pm r3 x12,32,7.4, 
paquet blanco pour cahier x12,4,14, 
paquet boyale x48,219,24.8, 
paquet cadenas 25mm x12,0,4.8, 
paquet caleçon homme x1,0,0.1, 
paquet compas plastique x24,0,8.2, 
paquet confo x12,0,8.6, 
paquet craie blanche lisse x1,30,27.8, 
paquet craie blanche ordinaire x1,504,8.4, 
paquet crayon couleur gm x12,0,2.9, 
paquet crayon couleur moy x12,61,7.8, 
paquet crayon couleur pm x 24,42,12.8, 
paquet crayon noir x12,0,52.2, 
paquet double decimetre x24,0,15.9, 
paquet enveloppe 100f x50,5,4.9, 
paquet enveloppe 15f x50,15,6.3, 
paquet eponge x24,27,4.6, 
paquet equerre x48,22,10.9, 
paquet gomme x30,124,11.1, 
paquet kawass coupe blanc x12,0,7.4, 
paquet kawass coupe noir x12,0,8.9, 
paquet kawass long blanc x12,100,0.1, 
paquet kawass long noir x12,8,12.8, 
paquet masque bleu x 1,0,6.1, 
paquet masque noir x 1,36,3.1, 
paquet mbouss 250g x50,20,0.4, 
paquet mentholatum pm x6,21,7.1, 
paquet muscade sachet x100,20,7.8, 
paquet rapporteur x48,36,8.6, 
paquet rob pm x6,36,3.1, 
paquet scotch italia gm x6,0,6.2, 
paquet scotch khaliss pm x12,0,5.7, 
paquet scotch noir pm x12,25,5.1, 
paquet sous vêtements x10,5,1.5, 
paquet the zeum pm 25g x10,114,92.1, 
parfum life in colors 50ml x6,43,3.9, 
parfum style 75ml x6,79,8.4, 
pastilles valda boite x10,8,57.4, 
pastilles valda sachet x100,0,0.1, 
pates amira macaroni lisse 250g x24,-1,0.1, 
pates amira macaroni lisse 500g x20,-1,0.1, 
pates amira macaroni rayé 500g x12,16,1.4, 
pates amira petite macaroni lisse sac 5kg,0,0.1, 
pates amira spaghetti pm 250g x40,0,0.1, 
pates amira vermicelles gm 500g x12,50,0.1, 
pates amira vermicelles pm 250g x24,-1,0.1, 
pates amira vermicelles sac 5kg,53,6.7, 
pates auntie b spaghetti slim gm 400cfa 400g x20,1478,22.5, 
pates auntie b spaghetti slim gm 400cfa 400g x20,1478,22.5, 
pates auntie b spaghetti slim gm 400cfa 400g x20,1478,22.5, 
pates auntie b spaghetti slim pm 200cfa 200g x40,2767,39.2, 
pates auntie b spaghetti slim pm 200cfa 200g x40,2767,39.2, 
pates auntie b spaghetti slim pm 200cfa 200g x40,2767,39.2, 
pates generique macaroni sac 5kg,0,7.7, 
pates generique vermicelles sac 5kg,0,1.6, 
pates kayna macaroni coquillette 500g x12,46,4, 
pates kayna spaghetti gm 500g x20,0,0.1, 
pates kayna spaghetti pm 250g x40,0,21.1, 
pates kayna vermicelles 500g x12,167,15.2, 
pates kayna vermicelles sac 5kg,173,37.3, 
pates maman spaghetti gm 500g x20,53,3.8, 
pates maman spaghetti pm 250g x40,39,7.8, 
pates pastami macaroni gm 500g x12,27,1.4, 
pates pastami macaroni pm 250g x24,77,4.6, 
pates pastami macaroni sac 5kg,278,19.4, 
pates pastami spaghettis fins gm 500g x20,200,11.1, 
pates pastami spaghettis fins pm 250g x40,0,0.1, 
pates pastami vermicelles gm 500g x12,0,0.1, 
pates pastami vermicelles pm 250g x24,0,0.1, 
pates pastami vermicelles sac 5kg,0,0.1, 
pilote blanc x12,1,3.75, 
pilote noir x12,0,11.4, 
piment liquide diamo 250ml x12,40,3.2, 
piment liquide pika pika 360ml x12,148,7.7, 
piment liquide zafi 340ml x12,0,0.1, 
piment pathial pathial pm 350ml x12,21,14.7, 
piment pika pika bidon 2kg,184,9.6, 
pinton gm 750g x12,0,0.1, 
pinton pm 380g x24,272,42.7, 
pm 7up pet 33cl x12,0,0.1, 
pm 7up zéro sucre pet 33cl x12,5,0.1, 
pm american cola 33cl x12,150,23.2, 
pm black power pet 50cl x12,0,0.1, 
pm boisson ya coco x12,5061,759.3, 
pm bubble up lemon 33cl x12,257,9.3, 
pm coca cola 30cl x12,119,86.9, 
pm coca cola zero 30cl x12,1,0.1, 
pm energie maca plus  x12,0,0.1, 
pm energie x-men 33cl x12,544,54.9, 
pm energie xxl 33cl x12,425,23.2, 
pm fanta ananas 30cl x12,72,31.9, 
pm fanta fruits rouge 30cl x12,0,0.1, 
pm fanta orange 30cl x12,44,35.9, 
pm gazelle ananas 30cl x12,370,58.5, 
pm gazelle limonade 30cl x12,0,0.1, 
pm gazelle pomme 30cl x12,195,40.3, 
pm gazelle tonic 30cl x12,139,67.7, 
pm jet 7 ananas 35cl x12,283,30.3, 
pm jet 7 cola 35cl x12,470,59.8, 
pm jet 7 energy drink 35cl x12,397,78, 
pm jet 7 fruit rouge 35cl x12,897,90.6, 
pm jet 7 orange 35cl x12,224,26.9, 
pm jet 7 peche 35cl x12,159,29, 
pm jet 7 pomme 35cl x12,156,10.6, 
pm jet 7 sprite 35cl x12,315,51.1, 
pm juko 100cfa ananas 23cl x24,294,27.7, 
pm juko 100cfa cocktail 23cl x24,308,16.8, 
pm juko 100cfa fruits rouges 23cl x24,4,13.1, 
pm juko 100cfa mangue 23cl x24,194,17.7, 
pm juko 100cfa orange 23cl x24,319,18.4, 
pm juko 100cfa pomme 23cl x24,169,12, 
pm king ananas 33cl x12,168,24.5, 
pm king café 33cl x12,0,0.1, 
pm king cocktail 33cl x12,126,14.1, 
pm king cola 33cl x12,44,16.6, 
pm king fruit rouge 33cl x12,242,32.6, 
pm king mojito 33cl x12,0,0.1, 
pm king orange 33cl x12,211,17.4, 
pm king pomme 33cl x12,83,9.2, 
pm king sprite 33cl x12,170,26.9, 
pm mirinda fruity pet 33cl x12,0,0.1, 
pm mirinda orange pet 33cl x12,0,0.1, 
pm pepsi max pet 33cl x12,1,0.1, 
pm pepsi pet 33cl x12,22,89.5, 
pm planet ananas 35cl x12,327,17.9, 
pm planet orange 35cl x12,177,16.2, 
pm planet pomme 35cl x12,280,22.2, 
pm planet redmix 35cl x12,93,26.5, 
pm planet tropical 35cl x12,181,24.4, 
pm pressea fresh ananas coco 33cl x12,2,152.1, 
pm pressea fresh mangue coco 33cl x12,4,113.9, 
pm pressea fresh tropical 33cl x12,4,0.1, 
pm primo ananas 33cl x12,-3,89.7, 
pm primo cola 33cl x12,0,0.1, 
pm primo energy 33cl x12,0,0.1, 
pm primo fruit rouge 33cl x12,332,124.6, 
pm primo orange 33cl x12,210,79.3, 
pm primo pomme 33cl x12,230,72.9, 
pm primo sprite 33cl x12,374,69.1, 
pm punch ananas 33cl x12,0,0.1, 
pm punch ananas coco 33cl x12,0,0.1, 
pm punch cola 33cl x12,0,0.1, 
pm punch fruit rouge 33cl x12,0,0.1, 
pm punch limonade 33cl x12,0,0.1, 
pm punch mangue 33cl x12,0,0.1, 
pm punch orange 33cl x12,0,0.1, 
pm punch pomme 33cl x12,0,0.1, 
pm schweppes agrumes 30cl x12,6,121.1, 
pm schweppes citron 30cl x12,0,0.1, 
pm sprite 30cl x12,151,59.5, 
pm tampico bouteille citrus 33cl x12,5,199.1, 
pm top ananas 30cl x12,236,49.4, 
pm top orange 30cl x12,369,86.9, 
pm top tropical 30cl x12,0,0.1, 
pm vimto 30cl x12,419,100.1, 
pm world cola 30cl x12,0,0.1, 
pm x-plus 33cl x12,0,0.1, 
pm youzou limonade 30cl x12,0,0.1, 
pommade frotté vitfe pm x6,146,63.7, 
pot gomme x80,0,11.5, 
pot taille crayon x36,0,8.2, 
protege cahier bleu x1,36,8.5, 
protege cahier jaune x1,61,8.4, 
protege cahier marron x1,0,6, 
protege cahier noir x1,6,6.6, 
protege cahier rouge x1,4,9.3, 
protege cahier vert x1,18,8.4, 
puree pomme de terre maman gm 400g x10,92,4, 
puree pomme de terre maman pm 30g x80,463,18.4, 
rallonge 10m x1,0,9.2, 
rallonge 5m x1,0,10.9, 
rasoir fer x12,0,4.9, 
rasoirs lame bic deb double tranchante x100,127,12.5, 
rasoirs lord double 2 x10x9,20,1.4, 
rasoirs racer  double 2 x10x9,8,1.1, 
ressal gum sachet ginger lemon x100,30,9.1, 
ressal gum sachet ice mint x100,106,27.8, 
ressal gum sachet modou gum x100,168,12.1, 
royal puree pm 30g x80,0,0.1, 
sac aliments de betail yafal 40kg,35,1.6, 
sac aliments de betail yafal ladoum 40kg,47,1, 
sac aliments pour betail nma khonte 40kg,97,17, 
sac lait alina petit dej 25kg,0,14.2, 
sac lait castle dairy ue 25kg,0,0.1, 
sac lait dairy 25kg,89,5.8, 
sac lait entier pura 25kg,0,0.1, 
sac lait karibu 25kg,0,0.1, 
sac lait lactimilk 25kg (fait du lait caillé),35,3.8, 
sac lait mixwell 25kg,0,0.1, 
sac lait mixwell blanc 10kg,0,0.1, 
sac lait simi 10kg  (fait du lait caillé),0,3.8, 
sac lait supercow 25kg,0,0.1, 
sac lait zelande 25kg,91,4.8, 
sac lait zelande gold 25kg,0,7.8, 
sac oignons importe 25kg,137,79.4, 
sac petit pois 20kg,106,8.1, 
sac riz bara bara 25kg,0,35.8, 
sac riz bara bara 50kg,0,19.1, 
sac riz bara bara dona oumou 25kg,0,0.1, 
sac riz bara bara dona oumou 50kg,1,0.1, 
sac riz big joe bara bara gold 25kg,68,37.4, 
sac riz big joe bara bara gold 50kg,302,14.1, 
sac riz big joe non parfumé rouge 50kg,959,222.2, 
sac riz non parfume birman phitimi 50kg,49,48.5, 
sac riz parfumé patron 25kg,971,17.4, 
sac riz parfumé patron 50kg,198,24, 
sac riz parfumé phitimi bleu 25kg,69,24.3, 
sac riz parfumé phitimi bleu 50kg,0,0.1, 
sac riz parfumé sangomar 25kg,0,0.1, 
sac riz phitimi aigle 25kg,897,184.1, 
sac riz phitimi aigle 50kg,874,237.7, 
sac riz supreme 25kg (tyson),653,51, 
sac riz supreme 50kg (tyson),384,17, 
sac riz tiep bi fine brisure valle 20kg,0,1, 
sac riz tiep bi riz brise vallee 20kg,106,1.6, 
sac riz tiep bi riz entier de la vallee 20kg,279,2.6, 
sac riz umbrella 25kg,0,0.1, 
sac riz umbrella 50kg,0,0.1, 
sac riz vallee karolina brisé 25kg,0,6.6, 
sac riz vallee karolina entier (long grain) 25kg,0,14.6, 
sac sucre 50kg css,0,0.1, 
sac sucre 50kg importé,-1,298.8, 
sac sucre 50kg importé css,0,0.1, 
sac tangal menthe fraiche 400g x20,101,10, 
sachet chocolat delia stick 12g x60,229,19.4, 
sachet mayonnaise diamo stick 18ml x25,43,2.7, 
sankhal jeyna 400g x10,0,0.1, 
sankhal maman thiaba 200g x20,297,28.5, 
sauce soja resto 100f 25ml x10,281,61.7, 
sauce soja resto 50f 12ml x10,0,0.1, 
sauce soja resto gm 750ml x12,50,6.4, 
sauce soja resto pm 150ml x12,41,4.1, 
savon bacteril classic 200g x6,459,20.1, 
seau beurre jadida 2.5kg,34,1.2, 
seau beurre jadida 5kg,28,4.6, 
seau bouillon tak tak poudre 5kg,0,0.1, 
seau chocolat chocopain 5kg,183,79.2, 
seau chocolat delia 5kg,166,12.4, 
seau chocolat mon choco 5kg,435,36.8, 
seau huile niani (arachide) dosette x60,5,0.3, 
seau mayonnaise ami 5l,0,0.1, 
seau mayonnaise chef aida 5l,398,28.2, 
seau mayonnaise diamo 5l,253,24.6, 
seau mayonnaise ekla 5l,214,42.3, 
seau mayonnaise jadida 5l,1426,123, 
seau mayonnaise kadi 5l,0,48.2, 
seau mayonnaise maynes 5l,0,0.1, 
seau mayonnaise mis 5l,0,6.4, 
seau moutarde chef aida 2kg,0,0.1, 
seau moutarde chef aida 5kg,-1,0.5, 
seau moutarde kadi 5kg,38,4.4, 
seau moutarde reine 5kg,269,27.2, 
serpillère blanc x1,182,57.4, 
serpillère noir x1,102,80.1, 
serviette de table lilas x1,0,57.2, 
serviette de table lilas x18,207,23.4, 
serviettes de table lys x18,181,14.3, 
serviettes hygieniques always maxi long x18,245,15.7, 
serviettes hygieniques perfect maxi night x12,0,17.6, 
serviettes hygieniques perfect maxi normal pocket x12,56,9.6, 
serviettes hygieniques perfect maxi super pocket x12,37,6.8, 
serviettes hygieniques softcare a+ jaune nouveau format x24,14,41, 
serviettes hygieniques softcare a+ rose x24,7,5.9, 
serviettes hygieniques softcare mauve x24,0,6.6, 
stylo bic bleu cristal original x10,531,49.1, 
stylo bic noir cristal original x10,273,15.8, 
stylo bic rouge cristal original x10,206,19.4, 
stylo bic vert cristal original x10,0,0.1, 
stylo long pen  bleu x50,1469,9.3, 
stylo tri grip bleu,302,9.4, 
sucre buchette st louis sachets 4g x125,11,1.1, 
sucre cristal bon appetit gm menthe 180g x30,48,4, 
sucre cristal bon appetit gm vanille 180g x30,112,10.1, 
sucre cristal bon appetit pm vanille 20g x10,342,20.3, 
sucre cristal gourmet vanille pm 20g x100,548,73.8, 
sucre morceaux beghin say 1kg x5,395,26.9, 
sucre morceaux bon appetit (importe) 1kg x5,440,18.4, 
sucre morceaux css 1kg x5,312,49, 
sucre morceaux daddy 1kg x5,1,3.7, 
sucre morceaux roux css 1kg x5,5,2.5, 
sucre morceaux souki 1kg x5,43,5.8, 
sucre morceaux st louis 1kg x5,235,24.2, 
sucre poudre sunu suker css 1kg x5,51,1.3, 
sucre vanille foster clark 6g x24,36,2.4, 
sucre vanille smartchef 20g x100,36,3, 
sunuton 380g x12,0,27.3, 
tablette chewing-gum hollywood x20,3837,216.1, 
tangal freegel bleu x12,72,10.7, 
tangal freegel noir x12,1618,122.4, 
tangal freegel vert x12,118,11.9, 
tangal royal fruits 100pcs,11879,56.4, 
tangal royal fruits 100pcs,11879,56.4, 
tangal royal ginger-fruit 100pcs,10728,17.1, 
tangal royal ginger-fruit 100pcs,10728,17.1, 
tangal royal mint 100pcs,14923,271.5, 
tangal royal mint 100pcs,14923,271.5, 
tangal sucettes rio pop cola 48,199,26.6, 
tangal sucettes rio pop fraise 48,338,43.7, 
tangal sucettes rio pop ice cream 48,201,16.3, 
tangal sucettes rio pop mega x24,206,16, 
tangal sucettes rio pop mix fruit x48,200,30.6, 
tangal super mint x50,34,6.8, 
tasses ataya x12,80,45.3, 
tasses à café + couvercles taille 8 x50,0,7.8, 
tasses à café taille 2 x50,0,0.1, 
"tasses à café taille 3,5 x50",0,114.8, 
tasses à café taille 4 x50,0,98.2, 
tasses à café taille 5 x50,478,25.1, 
tasses à café vitfé taille 4 x50,352,20.8, 
the lipton classique x100,0,27.6, 
the nour classique x100,15,7.2, 
thiouraye anti moustique x1,112,6.3, 
tomate concentree dieg bou diar 400g x12,106,10.4, 
tomate concentree dieg bou diar 800g x12,140,8.3, 
tomate concentree dieg bou diar sachet gm 60g x40,780,122.1, 
tomate concentree dieg bou diar sachet pm 30g x80,160,13.8, 
tomate concentree flora 2kg x6,0,0.1, 
tomate concentree linguere 350g x12,89,5.8, 
tomate concentree linguere 700g x12,116,1.9, 
tomate concentree linguere 800g x12,0,0.1, 
tomate concentree linguere sachet gm 60g x40,470,31.4, 
tomate concentree linguere sachet pm 30g x80,250,5.1, 
tomate concentree linguere seau 2kg x6,14,1.3, 
tomate concentree tama 2kg x6,608,59.2, 
tomate concentree tama 350g x12,159,12.8, 
tomate concentree tama 700g x12,0,0.1, 
tomate concentree tama sachet gm 60g x40,0,0.1, 
tomate dieg bou diar metal gm 2kg,0,0.1, 
tomate dieg bou diar plastique gm 2kg x6,2,14.4, 
tomate dieg bou diar plastique pm 350g x12,222,13.9, 
tomate rouge tomatina 800g x12,1,0.6, 
tomate sauce flora 400g x12,0,0.1, 
tomate sauce flora 800g x12,32,2.6, 
trousseau geometrique gm x1,400,47.9, 
trousseau geometrique pm x1,443,65.3, 
twins cake x24,0,78, 
vinaigre 3 lions gm blanc 1l x12,-1,1.1, 
vinaigre adja colore gm 1l x12,1934,43, 
vinaigre adja colore pm 25cl x24,0,0.1, 
vinaigre kadi colore gm 1l x12,88,19.3, 
vinaigre marin'or blanc gm 1l x12,82,6.3, 
vinaigre marin'or blanc pm 25cl x24,13,1.7, 
vinaigre marin'or coloré gm 1l x12,167,11.9, 
vinaigre marin'or coloré pm 25cl x24,134,6.2, 
vinaigre mis colore gm 1l x12,-204,10.6, 
vinaigre mis colore pm 25cl x24,0,11.2, 
vinaigre noor blanc gm 1l x12,7,2.1, 
vinaigre noor blanc pm 250ml x24,0,0.1, 
vinaigre noor rouge gm 1l x12,16,1.9, 
vinaigre noor rouge pm 250ml x24,20,3.4, 
wekhal en grains vitfé 7g x100,0,6.1, 
yewi ananas 450ml x12,215,14.8, 
yewi citron 450ml x12,104,8.7, 
yewi cocktail 450ml x12,157,9.5, 
yewi fruits rouges 450ml x12,302,16.3, 
yewi mangue 450ml x12,186,8.6, 
yewi orange 450ml x12,233,10.1, 
yewi pomme 450ml x12,103,6.1, 
1/2 carton biscuits chico miko chocolat gm 125g x12,18,0.7,23
1/2 carton biscuits chico miko fraise gm 125g x12,7,0.3, 
1/2 carton chocolat delia 1kg x3,16,1.5, 
1/2 carton chocolat delia 250g x6,53,3.4, 
1/2 carton chocolat delia 500g x6,12,3.5, 
1/2 carton huile niani (arachide) 1l x6,0,0.1, 
1/2 carton lait concentré hollandia 120g x12,0,0.1, 
1/2 carton lait concentré sucré cheri mama x12,0,0.1, 
1/2 carton lait en poudre lalia gm 400g x5,426,2.7, 
1/2 carton lait en poudre lalia pm 20g x50,0,1.4, 
1/2 carton lait evaporé laicran pot 170g x12,0,0.1, 
1/2 carton mayonnaise chef aida 225ml x6,0,0.7, 
1/2 carton moutarde chef aida 450ml x3,0,0.1, 
1/2 carton pates amira macaroni lisse 250g x12,0,0.1, 
1/2 carton pates amira macaroni lisse 500g x10,0,0.1, 
1/2 carton pates amira macaroni lisse 500g x6,237,3.8, 
1/2 carton pates amira macaroni rayé 500g x6,24,4.7, 
1/2 carton pates amira spaghetti gm 500g x10,259,19.7, 
1/2 carton pates amira spaghetti pm 250g x20,401,41.3, 
1/2 carton pates amira torsades 500g x10,0,0.1, 
1/2 carton pates amira torsades 500g x6,0,0.1, 
1/2 demi carton adja epices 12g x360,482,17.6, 
1/2 demi carton adja epices 60g x60,-3,36.5, 
1/2 demi carton adja super 12g x360,259,7.8, 
1/2 demi carton adja super 60g x60,153,15, 
1/2 demi carton adja tomate 12g x360,187,7.3, 
1/2 demi carton adja tomate 60g x60,124,12.4, 
1/2 demi carton batterie duracell moyen aa x10,0,0.1, 
1/2 demi carton bicarbonate 90g x50,253,22.9, 
1/2 demi carton cafe teranga 100g x12,0,0.1, 
1/2 demi carton cafe teranga 200g x12,0,0.1, 
1/2 demi carton cafe teranga 50g x24,-1,10.1, 
1/2 demi carton fromage vache qui rit 24 portions x12,0,19.5, 
1/2 demi carton fromage vache qui rit 8 portions x36,147,18, 
1/2 demi carton joker epices 12g x240,137,4.7, 
1/2 demi carton joker epices 60g x60,81,6.9, 
1/2 demi carton joker super 12g x240,21,23.9, 
1/2 demi carton joker super 60g x60,39,25.5, 
1/2 demi carton joker tomate 12g x240,0,15.6, 
1/2 demi carton joker tomate 60g x60,34,5, 
1/2 demi carton jumbo arome cube x12x24,198,3.9, 
1/2 demi carton jumbo cube x12x24,216,4.3, 
1/2 demi carton kadi epices 10g x360,0,0.1, 
1/2 demi carton kadi epices 12g x360,38,2.4, 
1/2 demi carton kadi epices 60g x60,316,25.5, 
1/2 demi carton lait bridel gm 50cl x12,132,37.8, 
1/2 demi carton lait bridel pm 25cl x12,127,19.3, 
1/2 demi carton lait concentre gloria pot gm 370g x24,43,7, 
1/2 demi carton lait concentré sucré nour1kg x12,0,3.9, 
1/2 demi carton lait en poudre halib gm 400g x5,60,7.4, 
1/2 demi carton lait en poudre laclait gm 400g x5,28,5.1, 
1/2 demi carton lait en poudre nour animal gm 350g x5,53,0.3, 
1/2 demi carton lait en poudre nour végétal gm 400g x5,38,0.8, 
1/2 demi carton maggi arome liquide gm 250ml x12,0,0.1, 
1/2 demi carton maggi arome liquide pm 138ml x14,14,4.5, 
1/2 demi carton mameum epices maggi sticks 15g,144,18.1, 
1/2 demi carton mouchoir lotus 100f x20,178,15.1, 
1/2 demi carton mouchoir smiley 100f x15x5,268,9.3, 
1/2 demi carton moutarde extra forte 25g x12x20,0,4.4, 
1/2 demi carton nescafé pot 100g x12,116,6.2, 
1/2 demi carton nescafé pot 200g x6,64,3, 
1/2 demi carton nescafé pot 50g x24,130,5.9, 
1/2 demi carton oro insecticide gm pompe double action 750ml x12,37,4.7, 
1/2 demi carton oro insecticide pm pompe double action 300ml x12,60,15.1, 
1/2 demi carton papier mouchoir de poche lucart x12,0,0.1, 
1/2 demi carton pates amira vermicelles gm 500g x6,17,1.1, 
1/2 demi carton pates amira vermicelles pm 250g x12,39,2, 
1/2 demi carton sardines 125g x25,34,21.7, 
1/2 demi carton sel raffine selbe 250g x50,0,10.9, 
1/2 demi carton sticks reine 15g x150,0,0.1, 
1/2 demi carton sticks reine 25g x150,0,0.1, 
1/2 demi carton tablette maggi arome x24,76,11.3, 
1/2 demi carton tablette maggi x24,230,30.3, 
1/2 demi carton the flecha noir pm 25g x100,28,4.4, 
1/2 demi carton the flecha vert gm 200g x50,44,3, 
1/2 demi carton the flecha vert pm 25g x100,928,84.8, 
1/2 demi carton the koutam pm 25g x100,140,25, 
1/2 demi carton vitfe pompe insecticide x12,103,13.1, 
1/2 demi carton yotox insecticide pm 400ml x12,198,10.9, 
1/2 mayonnaise chef aida 1l x3,0,0.1, 
1/2 mayonnaise chef aida 450ml x6,0,0.1, 
1/2 moutarde chef aida 225ml x6,0,0.4, 
1/2 sachet sucre poudre css sunu suker 250g x20,0,0.1, 
1/2 sachet sucre poudre souki 250g x20,0,0.3, 
1/4 rasoirs bic x5 sachet x10,153,17.2, 
1/4 rasoirs laser platinum double 2 x10,52,5.4, 
ail carton 10kg,46,62.8, 
allumettes baobab pm x100,183,7.3, 
allumettes palm tree moyen 3 x12,0,12.5, 
allumettes palm tree pm x100,2,24, 
araw jeyna 400g x10,0,0.1, 
arome chapelet jumbo liquide sachets pm x20,4104,103, 
arome sauce  soralé pm 340ml x12,20,1.7, 
babylac pot blé et lait cereales 300g x12,72,5.8, 
balai abc x1,0,0.1, 
balai x1,0,30.7, 
balle dalle adidas x1,83,20.3, 
balle dalle thiarakh marron x6,27,14.4, 
balle dalle thiarakh x6,0,12.8, 
balle journal 15kg x1,0,24.5, 
balle plastique x6,27,5.9, 
balle tangsi x12,7,4.6, 
bama mayonnaise stick 17ml x100,0,0.1, 
barbecue linguere 220g x24,0,0.1, 
barquette aluminium 1kg x125,20,7.4, 
batterie kk dido x12,6,5, 
bec à gaz original,9,26.8, 
beignets crevettes prima multi colores 170g x1,792,54.2, 
beurre jadida 1kg x6,72,3.8, 
beurre jadida 500g x12,191,18.9, 
beurre kadi 500g x12,40,1, 
beurre sofia sachets 20g x100,280,32.9, 
bic feutre vitfé x13,696,23.4, 
bic feutre x12,0,9.3, 
biscuit bisking 30g x50,283,61.7, 
biscuits a break cacao 37g x24,59,7.9, 
biscuits a break plain 37g x24,64,4.7, 
biscuits baba x50,1364,118.1, 
biscuits be -breton 48g x30,14,1.1, 
biscuits be -fun choco 60g x30,9,1.4, 
biscuits be -top 52g x30,19,1.6, 
biscuits be cake fluffy 40g x36,34,4, 
biscuits be cooky 68g x24,78,10.9, 
biscuits be donut 40g x36,73,11.5, 
biscuits bisko chocolat sachets x50,968,36.5, 
biscuits bisko fourio max chocolat 48g x24,49,3, 
biscuits bisko fourio max vanille 48g x24,45,0.1, 
biscuits bisko l'original pm sachets x50,3244,474, 
biscuits biskrem pm 40g x24,937,91.4, 
biscuits bissrol mozaik 45g x24,0,0.1, 
biscuits bissrol mozaik nouveau 45g x24,0,0.1, 
biscuits bonita coco  x100,42,15.8, 
biscuits boom choco x24,769,51.4, 
biscuits boom vanille x24,494,18.6, 
biscuits carnaval gm banane 40g x24,146,5.4, 
biscuits carnaval gm cacao 40g x24,55,10.5, 
biscuits carnaval gm fraise 40g x24,176,5.7, 
biscuits carnaval gm vanille 40g x24,76,9.7, 
biscuits carnaval pm banane 22g x24,235,16.4, 
biscuits carnaval pm cacao 22g x24,865,46.1, 
biscuits carnaval pm fraise 22g x24,13,21.8, 
biscuits carnaval pm lait 22g x24,658,38.2, 
biscuits chico miko chocolat pm 30g x24,39,2, 
biscuits chico miko fraise pm 30g x24,28,1.4, 
biscuits cookie boom nature 36g x24,0,5.6, 
biscuits deemah x24,84,7.5, 
biscuits empire gm cacao 100g x12,-1,12.6, 
biscuits empire gm plain 100g x12,201,12.8, 
biscuits empire pm cacao 40g x24,290,17.8, 
biscuits empire pm plain 40g x24,172,24.6, 
biscuits exelo eyo'o cover 48g x30,40,2.7, 
biscuits exelo king cookies 48g x30,1,1.9, 
biscuits fiarino chocolat 40g x24,0,0.1, 
biscuits fiarino vanille 40g x24,0,0.1, 
biscuits go7 gm vanille 37g x24,30,2, 
biscuits good time x24,41,9.5, 
biscuits harmony maxi gm cacao 40g x24,92,5, 
biscuits harmony maxi gm vanille 40g x24,113,4.8, 
biscuits harmony pm vanille 17g x24,51,4.3, 
biscuits hay hay caramel x24,887,33.7, 
biscuits hay hay chocolat x24,5845,56.7, 
biscuits hay hay fraise x24,839,34.5, 
biscuits hi hello x24,151,12.5, 
biscuits ikram 58g x36,1347,112, 
biscuits klas 40g x24,0,0.1, 
biscuits limousine banane 45g x24,0,0.1, 
biscuits limousine chocolat 45g x24,244,15.2, 
biscuits limousine vanille 45g x24,226,11.4, 
biscuits manga white chocolat pm15g x24,62,3, 
biscuits milk x24,886,137.2, 
biscuits milkano x24,0,0.1, 
biscuits mon goffi pm chocolat 17g x24,50,5.4, 
biscuits ndeki sachets x50,168,8.1, 
biscuits nouveau harmony pm banane 17g x24,166,5.7, 
biscuits nouveau harmony pm cacao 17g x24,94,3.1, 
biscuits nutro x24,82,8.4, 
biscuits selfy 40g x24,0,0.1, 
biscuits warr bi gm 100f x50,175,0.1, 
biscuits zina bar pm chocolat 10g x100,34,4.3, 
biscuits zina bar pm fraise 10g x100,37,4.1, 
biscuits zina bar pm vanille 10g x100,65,4.1, 
biscuits zina duo choco 40g x24,39,1.4, 
biscuits zina duo fraise 40g x24,37,3.5, 
biscuits zina duo vanille 40g x24,39,4.4, 
bleu sachet 7g x50,0,13.9, 
bougie 100f x10,1078,52.6, 
bougie 50f x6,-4,70, 
briquets bic pm j3 moyen x50,0,0.1, 
briquets bic pm j5 mini x50,24,1.6, 
briquets blanc pm x50,1,12.9, 
briquets pm x50,0,11.6, 
brosse a dents colgate  deep clean x12,83,5.3, 
brosse a dents colgate  double action x12,37,4, 
brosse a dents enfant x12,0,7.3, 
brosse a dents vitfé 300f x12,76,4.3, 
brosse jean x6,29,6.5, 
cable usb 1m bamba fepp x5,0,3.8, 
cable usb 1m iphone x5,4,2.9, 
cable usb 1m type c x5,25,2.6, 
"café carte noire stick 1,8g x25",0,0.1, 
"café l'or stick 1,8g x25",0,0.1, 
"café maxwell house 1,8g x100",0,13.3, 
"café maxwell house 1,8g x25",0,0.1, 
café nescafé sachets pm 100g x8,62,5.5, 
café nescafé stick 1.5g x150,4142,339.1, 
café touba bakhdad 45g sachet x40,1637,102.9, 
cahier 100 pages x10,5,54.9, 
cahier 200 pages x5,10,49.6, 
cahier 48 pages x24,82,36.2, 
cahier double ligne,0,16.2, 
cahier protege100 pages x10,0,51.7, 
cahier protège 200 pages x5,0,45.7, 
cake trilex  x24,0,16.8, 
calculatrice scientifique x 1,0,15.8, 
can 3x energy ginger gm 50cl x24,0,0.1, 
can 3x energy ginger moyen 33cl x24,0,0.1, 
can 3x energy gm 50cl x24,1046,83.5, 
can 3x energy malt moyen 33cl x24,0,0.1, 
can 3x energy moyen 33cl x24,541,203.1, 
can 3x energy moyen zero 33cl x24,0,0.1, 
can 3x energy pm 25cl x24,0,52.6, 
can 7up 33cl x24,0,0.1, 
can black power gm 50cl x24,0,0.1, 
can black power moyen 33cl x24,0,0.1, 
can black power pm 25cl x24,137,13.5, 
can coca cola 33cl x24,4,61.8, 
can coca cola zero 33cl x24,1,0.1, 
can energie agrumes hora pm 25cl x24,59,3, 
can fanta ananas 33cl x24,148,46.7, 
can fanta fruits rouge 33cl x24,1,0.1, 
can fanta orange 33cl x24,2,54.4, 
can ira ananas gm 320ml x24,0,0.1, 
can ira ananas pm 235ml x24,0,39.7, 
can ira cocktail gm 320ml x24,0,0.1, 
can ivorio ananas pm 33cl x24,0,0.1, 
can jus de coco a la pulpe gm 330ml x24,0,0.1, 
can jus de coco foco gm 520 ml x24,0,0.1, 
can jus de coco foco moyen 350 ml x24,0,0.1, 
can lait de coco divino gm 330ml x24,338,23, 
can minute maid mangue 25cl x24,0,0.1, 
can minute maid orange 25cl x24,0,0.1, 
can minute maid tropical 25cl x24,0,0.1, 
can mirinda fruity 25cl x24,56,7, 
can mixte 33cl x24,2,0.1, 
can n'wely ananas 24cl x24,0,0.1, 
can n'wely cocktail 24cl x24,0,0.1, 
can n'wely coco ananas 24cl x24,0,0.1, 
can n'wely goyave 24cl x24,0,0.1, 
can n'wely mangue 24cl x24,0,0.1, 
can pepsi 25cl x24,8,10, 
can pepsi max 25cl x24,1,4, 
can pepsi zero 25cl x24,1,0.1, 
can pressea coco ananas 25cl x24,97,57.2, 
can pressea goyave 25cl x24,0,37, 
can pressea mangue 25cl x24,2,26.1, 
can pressea orange 25cl x24,0,12, 
can pressea tropical 25cl x24,1,22.8, 
can rani ananas 24cl x24,0,0.1, 
can rani banane 24cl x24,0,0.1, 
can rani cocktail blanc 24cl x24,3,0.1, 
can rani cocktail pulpe 24cl x24,0,0.1, 
can rani coco ananas x24,0,0.1, 
can rani fraise banane 24cl x24,6,0.1, 
can rani goyave 24cl x24,0,0.1, 
can rani mangue 24cl x24,0,0.1, 
can rani mixte pack 24cl x24,0,0.1, 
can rani orange 24cl x24,6,0.1, 
can rani peche 24cl x24,1,0.1, 
can redbull 25cl x24,0,0.1, 
can schweppes agrumes 25cl x24,1,77.1, 
can schweppes citron 25cl x24,36,16.8, 
can schweppes mix agrumes et citron 25cl x24,88,27.7, 
can schweppes tonic 25cl x24,0,16, 
can sprite 33cl x24,0,53.6, 
can treme x gm 50cl x24,0,0.1, 
can treme x pm 33cl x24,0,0.1, 
can vicco malt 33cl x24,0,0.1, 
can vimto 33cl x24,341,42.1, 
can vimto malt 33cl x24,222,27.3, 
can world cola 33cl x24,0,0.1, 
can xl 50cl x24,0,0.1, 
can zisan eau coconut 33cl x24,0,0.1, 
can zisan extra power energy moyen 33cl x24,0,0.1, 
can zisan goyave 33cl x24,0,0.1, 
can zisan malt 33cl x24,0,0.1, 
can zisan tamarind 33cl x24,0,0.1, 
casamançaise le jus ananas 1l x6,293,32.4, 
casamançaise le jus bissap menthe 1l x6,460,40.5, 
casamançaise le jus bouye gingembre 1l x6,0,0.1, 
casamançaise le jus ditakh 1l x6,52,0.1, 
casamançaise le jus mad mangue 1l x6,0,0.1, 
casamançaise le jus mini ananas 200ml x24,491,20.6, 
casamançaise le jus mini bissap menthe 200ml x24,0,33.9, 
casamançaise le jus mini ditakh 200ml x24,0,0.1, 
casamançaise le jus mini mad mangue 200ml x24,0,0.1, 
casamançaise le jus mini orange 200ml x24,0,17.2, 
casamançaise le jus mini tropical 200ml x24,0,16.3, 
casamançaise le jus orange 1l x6,298,17.8, 
casamançaise le jus tropical 1l x6,317,40.1, 
cerelac 3 fruits sachets 50g x80,57,5.2, 
cerelac pot blé avec lait cereales 400g x12,24,2.7, 
cerelac sachets blé cereales 50g x80,59,14.1, 
chapelet lait en poudre halib pm 20g x10,1,96, 
chapelet lait en poudre laclait pm 20g x10,0,3.6, 
chapelet lait en poudre lalia pm 20g x 10,1448,75.1, 
chapelet levure boulangere saf 11g x12,46,4.4, 
chargeur bamba fepp x5,26,3.7, 
chargeur iphone x 5,9,2.4, 
chargeur type c x 5,49,2.1, 
chef aida mayonnaise 2.5l,0,0.1, 
chef aida mayonnaise 25ml x144,11,1, 
chef aida moutarde 1kg x6,0,0.1, 
chewing-  icy mint pot x100,181,12.8, 
chewing-gum boule x1,9,23, 
chewing-gum mentos pot x100,950,94.1, 
chips buggy barbecue x24,473,18.9, 
chips buggy fromage x24,234,8.9, 
chips buggy guud puff barbecue x24,128,15.7, 
chips buggy guud puff fromage x24,172,17.4, 
chips buggy jakarta ketchup x48,118,5.3, 
chips buggy ketchup x24,192,7.7, 
chips buggy oignons x24,40,10.4, 
chips buggy potato sel x24,-1,5.5, 
chips buggy sweet chili x24,52,10.9, 
chips coco meew 35g x24,0,0.1, 
chips fiesta foot ball x24,0,0.1, 
chips fiesta meew 30g x24,196,12.2, 
chips fiesta meew vanille 50f 15g x48,48,5.8, 
chips fiesta puffs fromage,141,19.6, 
chips meew corn toon 100f 35g x24,0,7.9, 
chips mini fiesta potato stick x50,448,16.5, 
chips moda fromage x24,141,16, 
chips moda ketchup x24,153,9.7, 
chips moda poulet x24,263,13, 
chips moda sel x24,195,26.7, 
chips potata 15g x50,129,11.8, 
chips potata 80g x48,195,14.4, 
chips potata epicé 30g x48,54,4.3, 
chips potata oignon 30g x48,0,0.1, 
chips pringles pm x12,32,7.9, 
chips sama doom x48,212,19.1, 
chocolat chocopain 1kg x6,106,17.7, 
chocolat chocopain 250g x24,64,8, 
chocolat chocopain 500g x12,161,25.6, 
chocolat mon choco 1kg x6,30,3.2, 
chocolat mon choco 250g x12,24,2.9, 
chocolat mon choco 500g x12,59,6.4, 
chocolat nutella 350g x5,0,0.1, 
chocolat poudre kangoo sachets 10g x60,-4,73, 
colle crazy super glue x10,1,37.4, 
conserves ananas morceaux dianor 565g x12,121,12.2, 
conserves ananas morceaux prima 565g x12,78,13.4, 
conserves ananas morceaux sofia 565g x12,0,0.1, 
conserves macedoine de legumes avril 400g x12,0,3.8, 
conserves maïs avril 300g x12,39,2.5, 
conserves petit pois amor gm 800g x12,100,6.5, 
conserves petit pois amor pm 400g x24,72,6.9, 
conserves petit pois avril doux garden 400g x12,18,5.9, 
conserves petit pois dieg gm 800g x12,9,0.9, 
conserves petit pois dieg pm 400g x12,13,1.5, 
conserves petit pois mis gm 800g x12,45,6.3, 
conserves petit pois mis pm 400g x24,0,7.5, 
corned boeuf - boeuf pm rond 200g x24,0,0.1, 
corned boeuf - boeuf sara gm 340g x24,300,35.7, 
corned boeuf - boeuf sara pm 190g x24,312,27.7, 
corned boeuf - poulet sara gm 340g x24,681,19.4, 
corned boeuf - poulet sara pm 190g x24,211,27.9, 
coton tige x24,51,18.1, 
couches lilas taille 2 - x5,27,2.5, 
couches lilas taille 3 - x5,45,8.6, 
couches lilas taille 4 - x5,154,21.8, 
couches softcare blanc taille 3 - x5 nouveau format,162,12.5, 
couches softcare blanc taille 4 - x5 nouveau format,0,38, 
couches softcare bleu taille 4 - x5,161,121.6, 
couches softcare taille 2 - x5,98,21, 
couches softcare taille 3 - x5,87,49.5, 
couscous brio fin gm 1kg x12,0,0.1, 
couscous brio fin pm 500g x24,0,0.1, 
couscous brio moyen gm 1kg x12,0,0.1, 
couscous brio moyen pm 500g x24,0,0.1, 
couscous fin diari gm 1kg x10,74,2.9, 
couscous fin kayna gm 1kg x12,332,22.1, 
couscous fin kayna pm 500g x20,528,28.1, 
couscous fin mis gm 1kg x10,0,0.1, 
couteau 100f x12,72,17.7, 
couteau 200f x6,160,30.8, 
crayon noir sans gomme x1,0,0.1, 
crème défrisante vitalys 120ml x6,61,5.4, 
cuillère x12,404,39.9, 
cure dent x12,0,13.9, 
dentifrice colgate 140g x12,112,9.5, 
dentifrice colgate 35g x12,74,2.4, 
dentifrice colgate charbon 120g x12,0,0.1, 
dentifrice colgate herbal 150g x12,34,1.5, 
dentifrice colgate max fresh rouge 130g x12,261,20.7, 
dentifrice mediann gm 100g x12,2,6.5, 
dentifrice mediann gm 150g x6,25,1.5, 
dentifrice mediann max gm 120g x12,27,1, 
dentifrice mediann pm 40g x12,81,5.7, 
dentifrice medident gm 150g x12,17,1, 
dentifrice mera 120g x12,5,10.6, 
désodorisant  nova 500 ml x6,58,6.7, 
désodorisant belair ananas coco 400 ml x6,0,0.1, 
désodorisant belair vanille 400 ml x6,0,0.1, 
eau - casamancaise pm 33cl x12,0,189.9, 
eau - casamançaise 10l,0,24.4, 
eau - casamançaise gm 1.5l x6,971,59.9, 
eau - casamançaise moyen 50cl x12,0,15.3, 
eau - diana pm 35cl x12,0,0.1, 
eau - kayar pm 35cl x12,0,0.1, 
eau - kirène 10l,100,42.4, 
eau - kirène gm 1.5l x6,925,66.1, 
eau - kirène pm 33cl x12,1333,178.2, 
eau - o'royal 10l,0,0.1, 
eau - o'royal gm 1.25l x6,593,95.3, 
eau - o'royal moyen 50cl x12,0,0.1, 
eau - o'royal pm 33cl x12,0,0.1, 
eau - olympia 33cl x12,247,174.6, 
eau - seo 1.5l x6,-2,27.1, 
eau - seo 10l,0,32.1, 
eau - seo 4.5l,0,43.9, 
eau - seo pm 35cl x12,-66,3669.5, 
eau - walo pm 33cl x12,0,0.1, 
eau de fleur d'oranger 3 lions gm 125ml x12,35,9.4, 
eau de fleur d'oranger 3 lions pm 65ml x12,54,11.2, 
eau de fleur d'oranger gourmet gm 250ml x6,30,3.4, 
eau de fleur d'oranger gourmet moyen 125ml x6,67,4.6, 
eau de fleur d'oranger gourmet pm 100ml x6,134,7.7, 
ecouteur iphone x5,0,1.1, 
ecouteur x1,70,2.6, 
ensemble geometrique x1,120,23.1, 
epices bara muso ail x50,51,6.5, 
epices bara muso laurier x50,41,3.2, 
epices bara muso moutarde x50,0,0.1, 
epices bara muso muscade x50,0,0.1, 
epices bara muso piment aromatisé x50,81,13.7, 
epices bara muso piment x50,141,24.4, 
epices bara muso poivre x50,116,33.2, 
epices bara muso poivre épicé x50,187,16.6, 
epices bara muso soumbala x50,308,29.1, 
epices bara muso tchin bi x50,42,1.4, 
epices poivre antiz x50,280,27.3, 
essence aromes 3 lions banane 30ml x12,33,7.5, 
essence aromes 3 lions coco 30ml x12,56,5.1, 
essence aromes 3 lions corossol 30ml x12,10,3.3, 
essence aromes 3 lions fraise 30ml x12,20,3.5, 
essence aromes 3 lions menthe 30ml x12,31,4.1, 
essence aromes 3 lions vanille 30ml x12,40,15.9, 
essence foster clark ananas 28ml x12,8,0.4, 
essence foster clark banane 28ml x12,18,1, 
essence foster clark coco 28ml x12,3,0.6, 
essence foster clark exotic 28ml x12,0,0.1, 
essence foster clark fraise 28ml x12,0,0.1, 
essence foster clark menthe 28ml x12,18,1.5, 
essence foster clark vanille 28ml x12,11,1.3, 
essence gourmet banane 30ml x12,12,1.7, 
essence gourmet vanille 30ml x12,44,4, 
farine de blé fati 250g x48,339,21.9, 
farine de blé nma 1kg x10,0,0.1, 
farine mère beignet 10kg type 55,74,7.1, 
farine patissière gmd 1kg x10,53,11.8, 
garabe yo x5,0,30.6, 
gauffrette fiarino chocolat 40g x24,0,0.1, 
gel douche nova  750 ml x4,25,1.3, 
gm 7up pet 1l x6,0,0.1, 
gm coca cola 1.25l x6,476,124.3, 
gm coca cola diouf 1.25l x6,-7,0.1, 
gm coca cola zero 1.25l x6,0,0.1, 
gm energie maca plus  x12,0,0.1, 
gm fanta ananas 1.25l x6,1,31.8, 
gm fanta fruits rouge 1.25l x6,0,0.1, 
gm fanta orange 1.25l x6,0,47, 
gm gazelle ananas 1l x6,767,78.8, 
gm gazelle limonade 1l x6,7,5.3, 
gm gazelle pomme 1l x6,197,21.3, 
gm jet 7 ananas 1.25l x6,0,0.1, 
gm jet 7 cola 1.25l x6,11,2.6, 
gm jet 7 fruit rouge 1.25l x6,0,0.1, 
gm jet 7 orange 1.25l x6,0,0.1, 
gm jet 7 sprite 1.25l x6,0,0.8, 
gm king ananas 1.25l x6,55,6.5, 
gm king fruits rouge 1.25l x6,85,6.7, 
gm king orange 1.25l x6,33,6.3, 
gm king sprite 1.25l x6,103,4, 
gm mirinda fruity pet 1l x6,0,0.1, 
gm mirinda orange pet 1l x6,0,0.1, 
gm pepsi max pet 1l x6,0,0.7, 
gm pepsi pet 1l x6,61,6.3, 
gm pressea fresh mangue coco 1l x6,0,0.1, 
gm pressea fresh orange 1l x6,0,0.1, 
gm pressea fresh tropical 1l x6,0,0.1, 
gm schweppes agrumes 1.25l x6,299,89.9, 
gm schweppes citron 1.25l x6,0,0.1, 
gm schweppes tonic 1.25l x6,-1,0.1, 
gm sprite 1.25l x6,745,89.8, 
gm tampico bouteille citrus 1l x6,0,41.1, 
gm top ananas 1l x6,0,0.1, 
gm top orange 1l x6,731,11.2, 
gm vimto 1l x6,300,141.4, 
gm world cola 1l x6,0,0.1, 
gm youzou limonade 1.5l x6,0,0.1, 
huile bidon  turkey 20l,0,0.1, 
huile bidon 20l diery,1991,446.8, 
huile bidon 20l mis,0,0.1, 
huile bidon 20l oki,0,0.1, 
huile bidon 20l zita,1,368.3, 
huile bidon arachide 20l,0,0.4, 
huile bidon importé 20l avena,1704,0.1, 
huile de palme zita 1l x12,0,0.1, 
huile de palme zita 5l x4,0,1.1, 
huile jadida soja 1l x12,10,20.4, 
huile jadida soja 250ml x24,0,0.1, 
huile jadida soja 5l x4,309,39, 
huile jadida soja bidon 5l x1,0,0.1, 
huile machine 90ml x6,164,12.2, 
huile niani (arachide) 5l x1,0,0.1, 
huile soja niinal 1l x12,0,0.1, 
huile soja niinal 5l x4,383,57.9, 
huile tournesol bon appétit 250ml x48,135,11.1, 
huile tournesol kadi 5l x4,0,0.1, 
huile tournesol sangomar 1l x12,0,0.1, 
huile zita 250ml x48,49,9, 
insectide vitfe spirale,0,0.1, 
insectide vitfe thiouraye baton x12,343,38, 
javel en grains vitfé 7g x100,5,4.1, 
jus bole brique goyave 1l x8,0,0.1, 
jus bole brique mangue 1l x8,0,0.1, 
jus bole brique orange 1l x8,0,0.1, 
jus bole brique tropical 1l x8,0,0.1, 
jus chivita active agrume 125ml x24,0,0.1, 
jus chivita cocktail 1l x10,0,0.1, 
jus chivita exoctic coco ananas 315 ml x12,0,0.1, 
jus chivita exotic coco ananas 125ml x24,0,0.1, 
jus chivita exotic coco ananas 1l x10,0,0.1, 
jus chivita orange 125ml x24,0,0.1, 
jus chivita premium ananas 1l x10,1,0.1, 
jus chivita premium orange 1l x10,0,0.1, 
jus chivita premium pomme 1l x10,0,0.1, 
jus chivita premium raisin rouge 1l x10,0,0.1, 
jus delice brique ananas 1l x6,9,0.6, 
jus delice brique mangue 1l x6,4,0.4, 
jus delice brique mix 1l x6,4,0.7, 
jus delice brique mojito 1l x6,0,0.1, 
jus delice brique multivitamine 1l x6,11,0.5, 
jus delice brique orange 1l x6,5,0.4, 
jus delice brique poire 1l x6,12,0.8, 
jus delice brique raisin 1l x6,6,1.1, 
jus delice brique tropical 1l x6,7,1.1, 
jus fada bouteille gm 410ml x15,0,12.6, 
jus fada bouteille pm 230ml x24,6,14.7, 
jus fada brique 200ml x28,294,189.4, 
jus fada orange brique 200ml x28,0,0.1, 
jus fada pot 235ml x30,155,14.2, 
jus fada pot 50fr 120ml x56,1,35.4, 
jus fada sachet gm 220ml x36,4,0.1, 
jus fada sachet pm 120ml x60,37,23.8, 
jus fada stick pm 65ml x100,55,49.3, 
jus foster clark ananas 20g x15,86,14.8, 
jus foster clark ananas/gingembre 20g x15,80,9.6, 
jus foster clark fruit rouge 20g x15,142,14.3, 
jus foster clark goyave 20g x15,0,0.1, 
jus foster clark lemon 20g x15,0,4.4, 
jus foster clark mangue 20g x15,31,11.3, 
jus foster clark orange 20g x15,40,16.5, 
jus junior 125ml x24,0,11.3, 
jus jutos cocktail brique 1l x6,33,0.5, 
jus jutos orange brique 1l x6,34,0.3, 
jus lana bouteille (100f),300,23.7, 
jus lana bouteille 200f 39cl x15,300,14.8, 
jus lana bouteille ananas 45cl x12,0,4.1, 
jus lana bouteille orange 45cl x12,-1,0.1, 
jus lana brique 100f,500,33.1, 
jus lana pot (100f) 245ml x28,112,20.8, 
jus lana pot (50f) 120ml x56,300,24.1, 
jus lana stick 25f,199,10.6, 
"jus naturel bissap blanc pet 1,2l x6",8,0.3, 
"jus naturel bissap mix rouge blanc pet 1,2l x6",0,0.5, 
"jus naturel bissap rouge pet 1,2l x6",3,0.5, 
jus press up ananas brique 1l x6,8,4.3, 
jus press up mangue brique 1l x6,39,2.6, 
jus press up orange brique 1l x6,32,1.2, 
jus press up peche brique 1l x6,35,1.2, 
jus press up poire brique 1l x6,20,1.1, 
jus press up pomme brique 1l x6,17,1.5, 
jus press up raisins rouges brique 1l x6,41,3.7, 
jus pressea brique ananas 1l x12,1,0.1, 
jus pressea brique ananas gingembre 1l x12,0,0.1, 
jus pressea brique bissap 1l x12,28,3.5, 
jus pressea brique cocktail 1l x12,275,32.4, 
jus pressea brique cocktail light 1l x12,0,8.7, 
jus pressea brique cocktail mango 1l x12,0,0.1, 
jus pressea brique coco ananas 1l x12,605,72.4, 
jus pressea brique goyave 1l x12,395,57.4, 
jus pressea brique mango passion 1l x12,0,0.1, 
jus pressea brique mangue 1l x12,183,17.6, 
jus pressea brique orange 1l x12,115,12.3, 
jus pressea brique pomme 1l x12,23,3.4, 
jus pressea mini ananas 200ml x24,157,12.3, 
jus pressea mini cocktail 200ml x24,160,11.8, 
jus pressea mini orange 200ml x24,100,6.8, 
jus pressea mini pomme 200ml x24,95,5.9, 
jus primo bouteille 100f 230ml x24,-2,61.8, 
jus primo pot (50f) 120ml x56,0,36.1, 
jus sun top gm orange 1l x12,5,0.5, 
jus sun top gm pomme 1l x12,10,0.3, 
jus sun top gm tropical 1l x12,0,0.1, 
jus sun top mangue 125ml x24,50,9.4, 
jus sun top orange 125ml x24,159,9.5, 
jus sun top pm citron 125ml x24,2,1.2, 
jus sun top pm cocktail 125ml x24,207,25.9, 
jus sun top pm goyave 125ml x24,0,0.1, 
jus tampico pot x24,0,0.1, 
jus tampico sachet 200ml x30,0,63, 
jus zoom pot 20cl x28,0,0.1, 
keppou 12 x6,303,28.6, 
ketchup dieg bou diar bidon 1kg x12,0,0.1, 
ketchup dieg bou diar bidon 5kg,126,27.7, 
ketchup dieg bou diar sachets 50g x40,47,2.8, 
ketchup linguere 340g x24,90,9, 
ketchup linguere bidon 5kg,251,22.4, 
ketchup linguere stick 10g x500,0,0.1, 
ketchup tama bidon 5kg,222,16, 
kidilac cereales blé sachets 50g x100,0,0.2, 
kidilac cereales pot blé 400g x12,0,0.1, 
kidilon cereales pot mais 210g x12,7,0.2, 
kidilon cereales pot multi cereales 210g x12,0,0.4, 
lait - candia gm demi-ecreme 1l x12,64,22.7, 
lait - candia moyen demi-ecreme 50cl x12,0,27.5, 
lait - candia pm brique demi-ecreme 20cl x24,1179,86.4, 
lait - candia pm brique vanille 20cl x24,934,122.1, 
lait - jet lait 20cl x30,62,54.5, 
lait - laicran moyen entier 50cl x12,179,10.6, 
lait - nutri ananas 210ml x24,2,0.1, 
lait - nutri-milk choco 400ml x12,0,0.1, 
lait - nutri-milk orange 210ml x24,0,0.1, 
lait - nutri-milk pomme 210ml x24,-1,0.1, 
lait - nutri-milk pomme 500ml x12,-8,0.1, 
lait - nutri-milk vanille 210ml x24,4,0.1, 
lait concentre gloria non sucre pot pm 160g x24,63,24.5, 
lait concentré hollandia 120g x24,0,0.1, 
lait concentré hollandia 50g x48,0,0.1, 
lait corporel coco pulp 250ml x6,0,0.1, 
lait en poudre dano quotidien 20g x100,0,0.1, 
lait en poudre dano quotidien 400g x10,0,0.1, 
lait en poudre diamo pm 20g x100,0,0.1, 
lait en poudre gloria gm 400g x12,0,0.1, 
lait en poudre gloria pm 16g x120,80,11.1, 
lait en poudre halib gm 400g x10,0,0.1, 
lait en poudre halib pm 20g x100,100,9.4, 
lait en poudre laclait gm 400g x10,24,0.6, 
lait en poudre laclait pm 20g x100,10,0.1, 
lait en poudre laicran gm 400g x10,238,24.2, 
lait en poudre laicran pm 20g x100,1318,144.9, 
lait en poudre laity pm 20g x100,0,0.1, 
lait en poudre lalia gm 400g x10,0,0.1, 
lait en poudre mixwell gm 400g x10,0,0.1, 
lait en poudre mixwell pm 18g x100,0,0.1, 
lait en poudre nido gm 400g x12,0,0.1, 
lait en poudre nido pm 16g x120,77,10, 
lait en poudre sibon pm 18g x100,0,0.1, 
lait evaporé laicran pot 170g x24,-1,0.4, 
lait evaporé laicran pot 170g x48,70,2.9, 
lait evaporé lalia pot pm 160g x48,29,18.6, 
lait evaporé matinal pot pm 170g x48,124,12.6, 
lait evaporé miwa pot pm 160g x48,11,5.1, 
lait evaporé nour pot 160g x48,76,8.7, 
lait ideal men 200 ml x6,3,2.3, 
lait ideal skin 200 ml x6,16,3, 
lait jaouda gm entier 1l x6,45,4.5, 
lait nova derma 250ml x4,58,2.6, 
lait rose gm 500ml x12,138,17.9, 
lait rose pm 200ml x21,31,7.5, 
lait soft skin 220 ml x6,49,1.8, 
lait vitalait liquide 18cl x24,0,0.1, 
lait vitalait liquide 50cl x6,0,0.1, 
lait yaourt milkana mangue 100g x24,0,0.1, 
lame vitfé x100,0,33.9, 
lampe économique x10,21,1.9, 
levure smart chef x100,211,13.6, 
lingette bébé lilas x1,3523,1, 
mayonnaise calvé 1l x6,0,0.1, 
mayonnaise calvé 225ml x12,0,0.1, 
mayonnaise calvé 450ml x12,0,0.1, 
mayonnaise jadida 1l x6,51,2.9, 
mayonnaise jadida 250ml x12,97,6.2, 
mayonnaise jadida 500ml x12,62,4.4, 
mayonnaise kadi 1l x6,1,0.1, 
mayonnaise kadi 250ml x12,0,0.1, 
mayonnaise kadi 500 ml x12,0,0.1, 
mayonnaise maynes gm 946ml x6,0,0.1, 
mayonnaise maynes moyen 473ml x12,0,0.1, 
mayonnaise maynes pm 237ml x12,0,0.1, 
mayonnaise sofia sachets 20g x120,100,5.5, 
mayonnaise top mayo 3.8l,98,3.1, 
mbomb 100f x6,0,61.7, 
mbomb 200f x4,23,21.4, 
melolac sachets cereales avec lait 50g x50,377,21.8, 
moukhamsa plomb kayna gm 500g x20,31,2.7, 
moukhamsa plomb kayna pm 250g x40,187,11.1, 
moukhamsa plomb pastami gm 500g x12,0,0.1, 
moukhamsa plomb pastami pm 250g x24,105,3, 
moukhamsa plomb rose blanche pm 250g x48,11,9.9, 
moukhamsa tiep rose blanche pm 250g x48,1,0.1, 
moutarde kadi 1kg x6,0,0.6, 
moutarde kadi verre 370g x6,0,0.1, 
moutarde packfood 850g x6,0,0.1, 
moutarde pathial pathial gm 1l x6,104,15.5, 
moutarde pathial pathial pm 330ml x12,46,14.8, 
moutarde reine flacon 340g x12,0,0.1, 
moutarde reine seaux 1kg x6,0,0.1, 
moutarde reine verre 370g x6,27,17.7, 
moutarde reine verre 850g x6,49,4.4, 
net - acide noura flash 1l x12,88,11, 
net - eau de javel armonia gm 1l x12,0,2.5, 
net - eau de javel la croix gm 800ml x15,4,1.3, 
net - eau de javel madar gm 900ml x12,29,26.6, 
net - eau de javel madar seau 65ml x100,138,36.5, 
net - eau de javel vitfe 65ml x100,0,0.1, 
net - lave vitre armonia 750ml x12,56,1.5, 
net - lave vitre madar 1l x12,0,2.1, 
net - lave vitre madar 750ml x12,16,3.5, 
net - lave vitre novelas 750ml x12,19,1.8, 
net - liquide madar gm platinum 900ml x12,0,21.5, 
net - liquide madar gm premium violet 900ml x12,39,11.9, 
net - liquide madar gm renzo 900ml x12,-150,18, 
net - liquide madar moyen 400ml x12,13,15.9, 
net - liquide madar pm platinum 200ml x24,67,20.9, 
net - liquide madar pm renzo 200ml x24,15,17.3, 
net - liquide madar seau renzo 40ml x125,0,18.8, 
net - poudre get 11kg,0,13.6, 
net - poudre madar 100cfa 60g x80,68,23.2, 
net - poudre madar 200cfa 185g x12,124,58.6, 
net - poudre madar 25cfa 15g x180,0,8.4, 
net - poudre madar 400g x10,-1,16, 
net - poudre madar 50cfa 25g x90,8,9.9, 
net - poudre madar 900g x10,272,7.7, 
net - poudre madar platinum 10 kg,0,0.1, 
net - poudre madar platinum 160g x12,0,0.1, 
net - poudre madar platinum 800g x10,0,0.1, 
net - poudre noura 10kg,0,9.5, 
net - poudre novelas 100cfa 60g x80,34,2.8, 
net - poudre novelas 200cfa 170g x40,0,1.8, 
net - poudre novelas floral 15g x180,26,3.2, 
net - poudre novelas floral 50cfa 30g x90,7,2, 
net - poudre saba 100cfa 60g x80,0,10.7, 
net - poudre saba 200cfa 160g x40,0,42.4, 
net - poudre saba 25cfa 15g x180,0,3.2, 
net - poudre saba 400g x10,0,22, 
net - poudre saba 50cfa 25g x90,0,2.9, 
net - poudre saba floral 850g x12,0,0.1, 
net - poudre so'klin 25cfa 15g x300,0,0.1, 
net - poudre so'klin 50cfa 25g x150,0,0.1, 
net - poudre zenta 170g x40,0,10, 
net - poudre zenta 400g x12,0,3.3, 
net - sabou la main x18,0,0.1, 
net - savon bienco gm x24,99,20.6, 
net - savon bienco pm x60,156,12.9, 
net - savon diam 250g x18,114,8.9, 
net - savon fanico gm 300g x24,0,0.1, 
net - savon la main x18,1943,83.2, 
net - savon larissa carotte x1,0,0.1, 
net - savon madar multi-usage blanc 250g x18,29,2.7, 
net - savon madar multi-usage bleu 250g x18,0,2.3, 
net - savon madar multi-usage jaune 250g x18,18,3.4, 
net - savon madar ordinaire 400g x24,0,0.1, 
net - savon ordinaire 275g x18,292,50.8, 
net - savon pharmapur classique 150g x12,51,1.7, 
net - savon pharmapur fresh 150g x12,36,1, 
net - savon pharmapur herbal 150g x12,8,3.6, 
net - savon saba 275g x18,0,0.1, 
net - savon santex rouge 90g x6,0,0.1, 
nouilles jollof chicken golden penny 70g x40,0,15.1, 
nouilles poulet golden penny 70g x40,0,0.1, 
nutribom boite avoine 300g x16,17,0.3, 
nutribom boite banane pomme 300g x16,12,0.8, 
nutribom boite maïs 300g x16,14,0.7, 
nutribom boite miel 300g x16,9,0.9, 
nutribom boite multicereales 300g x16,9,1.1, 
nutribom boite riz 300g x16,17,0.4, 
nutrilac pot 3 fruits 360g x12,1,1.3, 
nutrilac pot banane 360g x12,17,0.4, 
nutrilac pot blé avec lait cereales 400g x12,0,5.4, 
nutrilac pot miel 360g x12,12,0.8, 
nutrilac sachets blé avec lait cereales 50g x100,9,1.1, 
olives vertes entieres 370g x12,0,4.3, 
papier essuie -tout style jumbo x9,0,1.8, 
papier essuie tout lilas jumbo x6,295,23.9, 
papier essuie tout lilas xl x6,271,24.4, 
papier essuie tout lys xl x6,74,6.1, 
papier essuie tout lys xxl maxi 600f - x6,79,5.7, 
papier marabout x100,15,17.5, 
papier toilette lys x12,65,3.6, 
paquet ardoise abc x12,0,11, 
paquet ardoise simple x12,241,5.1, 
paquet batonnet x1,218,62.1, 
paquet batterie royal pm r3 x12,32,7.4, 
paquet blanco pour cahier x12,4,14, 
paquet boyale x48,219,24.8, 
paquet cadenas 25mm x12,0,4.8, 
paquet caleçon homme x1,0,0.1, 
paquet compas plastique x24,0,8.2, 
paquet confo x12,0,8.6, 
paquet craie blanche lisse x1,30,27.8, 
paquet craie blanche ordinaire x1,504,8.4, 
paquet crayon couleur gm x12,0,2.9, 
paquet crayon couleur moy x12,61,7.8, 
paquet crayon couleur pm x 24,42,12.8, 
paquet crayon noir x12,0,52.2, 
paquet double decimetre x24,0,15.9, 
paquet enveloppe 100f x50,5,4.9, 
paquet enveloppe 15f x50,15,6.3, 
paquet eponge x24,27,4.6, 
paquet equerre x48,22,10.9, 
paquet gomme x30,124,11.1, 
paquet kawass coupe blanc x12,0,7.4, 
paquet kawass coupe noir x12,0,8.9, 
paquet kawass long blanc x12,100,0.1, 
paquet kawass long noir x12,8,12.8, 
paquet masque bleu x 1,0,6.1, 
paquet masque noir x 1,36,3.1, 
paquet mbouss 250g x50,20,0.4, 
paquet mentholatum pm x6,21,7.1, 
paquet muscade sachet x100,20,7.8, 
paquet rapporteur x48,36,8.6, 
paquet rob pm x6,36,3.1, 
paquet scotch italia gm x6,0,6.2, 
paquet scotch khaliss pm x12,0,5.7, 
paquet scotch noir pm x12,25,5.1, 
paquet sous vêtements x10,5,1.5, 
paquet the zeum pm 25g x10,114,92.1, 
parfum life in colors 50ml x6,43,3.9, 
parfum style 75ml x6,79,8.4, 
pastilles valda boite x10,8,57.4, 
pastilles valda sachet x100,0,0.1, 
pates amira macaroni lisse 250g x24,-1,0.1, 
pates amira macaroni lisse 500g x20,-1,0.1, 
pates amira macaroni rayé 500g x12,16,1.4, 
pates amira petite macaroni lisse sac 5kg,0,0.1, 
pates amira spaghetti pm 250g x40,0,0.1, 
pates amira vermicelles gm 500g x12,50,0.1, 
pates amira vermicelles pm 250g x24,-1,0.1, 
pates amira vermicelles sac 5kg,53,6.7, 
pates auntie b spaghetti slim gm 400cfa 400g x20,1478,22.5, 
pates auntie b spaghetti slim gm 400cfa 400g x20,1478,22.5, 
pates auntie b spaghetti slim gm 400cfa 400g x20,1478,22.5, 
pates auntie b spaghetti slim pm 200cfa 200g x40,2767,39.2, 
pates auntie b spaghetti slim pm 200cfa 200g x40,2767,39.2, 
pates auntie b spaghetti slim pm 200cfa 200g x40,2767,39.2, 
pates generique macaroni sac 5kg,0,7.7, 
pates generique vermicelles sac 5kg,0,1.6, 
pates kayna macaroni coquillette 500g x12,46,4, 
pates kayna spaghetti gm 500g x20,0,0.1, 
pates kayna spaghetti pm 250g x40,0,21.1, 
pates kayna vermicelles 500g x12,167,15.2, 
pates kayna vermicelles sac 5kg,173,37.3, 
pates maman spaghetti gm 500g x20,53,3.8, 
pates maman spaghetti pm 250g x40,39,7.8, 
pates pastami macaroni gm 500g x12,27,1.4, 
pates pastami macaroni pm 250g x24,77,4.6, 
pates pastami macaroni sac 5kg,278,19.4, 
pates pastami spaghettis fins gm 500g x20,200,11.1, 
pates pastami spaghettis fins pm 250g x40,0,0.1, 
pates pastami vermicelles gm 500g x12,0,0.1, 
pates pastami vermicelles pm 250g x24,0,0.1, 
pates pastami vermicelles sac 5kg,0,0.1, 
pilote blanc x12,1,3.75, 
pilote noir x12,0,11.4, 
piment liquide diamo 250ml x12,40,3.2, 
piment liquide pika pika 360ml x12,148,7.7, 
piment liquide zafi 340ml x12,0,0.1, 
piment pathial pathial pm 350ml x12,21,14.7, 
piment pika pika bidon 2kg,184,9.6, 
pinton gm 750g x12,0,0.1, 
pinton pm 380g x24,272,42.7, 
pm 7up pet 33cl x12,0,0.1, 
pm 7up zéro sucre pet 33cl x12,5,0.1, 
pm american cola 33cl x12,150,23.2, 
pm black power pet 50cl x12,0,0.1, 
pm boisson ya coco x12,5061,759.3, 
pm bubble up lemon 33cl x12,257,9.3, 
pm coca cola 30cl x12,119,86.9, 
pm coca cola zero 30cl x12,1,0.1, 
pm energie maca plus  x12,0,0.1, 
pm energie x-men 33cl x12,544,54.9, 
pm energie xxl 33cl x12,425,23.2, 
pm fanta ananas 30cl x12,72,31.9, 
pm fanta fruits rouge 30cl x12,0,0.1, 
pm fanta orange 30cl x12,44,35.9, 
pm gazelle ananas 30cl x12,370,58.5, 
pm gazelle limonade 30cl x12,0,0.1, 
pm gazelle pomme 30cl x12,195,40.3, 
pm gazelle tonic 30cl x12,139,67.7, 
pm jet 7 ananas 35cl x12,283,30.3, 
pm jet 7 cola 35cl x12,470,59.8, 
pm jet 7 energy drink 35cl x12,397,78, 
pm jet 7 fruit rouge 35cl x12,897,90.6, 
pm jet 7 orange 35cl x12,224,26.9, 
pm jet 7 peche 35cl x12,159,29, 
pm jet 7 pomme 35cl x12,156,10.6, 
pm jet 7 sprite 35cl x12,315,51.1, 
pm juko 100cfa ananas 23cl x24,294,27.7, 
pm juko 100cfa cocktail 23cl x24,308,16.8, 
pm juko 100cfa fruits rouges 23cl x24,4,13.1, 
pm juko 100cfa mangue 23cl x24,194,17.7, 
pm juko 100cfa orange 23cl x24,319,18.4, 
pm juko 100cfa pomme 23cl x24,169,12, 
pm king ananas 33cl x12,168,24.5, 
pm king café 33cl x12,0,0.1, 
pm king cocktail 33cl x12,126,14.1, 
pm king cola 33cl x12,44,16.6, 
pm king fruit rouge 33cl x12,242,32.6, 
pm king mojito 33cl x12,0,0.1, 
pm king orange 33cl x12,211,17.4, 
pm king pomme 33cl x12,83,9.2, 
pm king sprite 33cl x12,170,26.9, 
pm mirinda fruity pet 33cl x12,0,0.1, 
pm mirinda orange pet 33cl x12,0,0.1, 
pm pepsi max pet 33cl x12,1,0.1, 
pm pepsi pet 33cl x12,22,89.5, 
pm planet ananas 35cl x12,327,17.9, 
pm planet orange 35cl x12,177,16.2, 
pm planet pomme 35cl x12,280,22.2, 
pm planet redmix 35cl x12,93,26.5, 
pm planet tropical 35cl x12,181,24.4, 
pm pressea fresh ananas coco 33cl x12,2,152.1, 
pm pressea fresh mangue coco 33cl x12,4,113.9, 
pm pressea fresh tropical 33cl x12,4,0.1, 
pm primo ananas 33cl x12,-3,89.7, 
pm primo cola 33cl x12,0,0.1, 
pm primo energy 33cl x12,0,0.1, 
pm primo fruit rouge 33cl x12,332,124.6, 
pm primo orange 33cl x12,210,79.3, 
pm primo pomme 33cl x12,230,72.9, 
pm primo sprite 33cl x12,374,69.1, 
pm punch ananas 33cl x12,0,0.1, 
pm punch ananas coco 33cl x12,0,0.1, 
pm punch cola 33cl x12,0,0.1, 
pm punch fruit rouge 33cl x12,0,0.1, 
pm punch limonade 33cl x12,0,0.1, 
pm punch mangue 33cl x12,0,0.1, 
pm punch orange 33cl x12,0,0.1, 
pm punch pomme 33cl x12,0,0.1, 
pm schweppes agrumes 30cl x12,6,121.1, 
pm schweppes citron 30cl x12,0,0.1, 
pm sprite 30cl x12,151,59.5, 
pm tampico bouteille citrus 33cl x12,5,199.1, 
pm top ananas 30cl x12,236,49.4, 
pm top orange 30cl x12,369,86.9, 
pm top tropical 30cl x12,0,0.1, 
pm vimto 30cl x12,419,100.1, 
pm world cola 30cl x12,0,0.1, 
pm x-plus 33cl x12,0,0.1, 
pm youzou limonade 30cl x12,0,0.1, 
pommade frotté vitfe pm x6,146,63.7, 
pot gomme x80,0,11.5, 
pot taille crayon x36,0,8.2, 
protege cahier bleu x1,36,8.5, 
protege cahier jaune x1,61,8.4, 
protege cahier marron x1,0,6, 
protege cahier noir x1,6,6.6, 
protege cahier rouge x1,4,9.3, 
protege cahier vert x1,18,8.4, 
puree pomme de terre maman gm 400g x10,92,4, 
puree pomme de terre maman pm 30g x80,463,18.4, 
rallonge 10m x1,0,9.2, 
rallonge 5m x1,0,10.9, 
rasoir fer x12,0,4.9, 
rasoirs lame bic deb double tranchante x100,127,12.5, 
rasoirs lord double 2 x10x9,20,1.4, 
rasoirs racer  double 2 x10x9,8,1.1, 
ressal gum sachet ginger lemon x100,30,9.1, 
ressal gum sachet ice mint x100,106,27.8, 
ressal gum sachet modou gum x100,168,12.1, 
royal puree pm 30g x80,0,0.1, 
sac aliments de betail yafal 40kg,35,1.6, 
sac aliments de betail yafal ladoum 40kg,47,1, 
sac aliments pour betail nma khonte 40kg,97,17, 
sac lait alina petit dej 25kg,0,14.2, 
sac lait castle dairy ue 25kg,0,0.1, 
sac lait dairy 25kg,89,5.8, 
sac lait entier pura 25kg,0,0.1, 
sac lait karibu 25kg,0,0.1, 
sac lait lactimilk 25kg (fait du lait caillé),35,3.8, 
sac lait mixwell 25kg,0,0.1, 
sac lait mixwell blanc 10kg,0,0.1, 
sac lait simi 10kg  (fait du lait caillé),0,3.8, 
sac lait supercow 25kg,0,0.1, 
sac lait zelande 25kg,91,4.8, 
sac lait zelande gold 25kg,0,7.8, 
sac oignons importe 25kg,137,79.4, 
sac petit pois 20kg,106,8.1, 
sac riz bara bara 25kg,0,35.8, 
sac riz bara bara 50kg,0,19.1, 
sac riz bara bara dona oumou 25kg,0,0.1, 
sac riz bara bara dona oumou 50kg,1,0.1, 
sac riz big joe bara bara gold 25kg,68,37.4, 
sac riz big joe bara bara gold 50kg,302,14.1, 
sac riz big joe non parfumé rouge 50kg,959,222.2, 
sac riz non parfume birman phitimi 50kg,49,48.5, 
sac riz parfumé patron 25kg,971,17.4, 
sac riz parfumé patron 50kg,198,24, 
sac riz parfumé phitimi bleu 25kg,69,24.3, 
sac riz parfumé phitimi bleu 50kg,0,0.1, 
sac riz parfumé sangomar 25kg,0,0.1, 
sac riz phitimi aigle 25kg,897,184.1, 
sac riz phitimi aigle 50kg,874,237.7, 
sac riz supreme 25kg (tyson),653,51, 
sac riz supreme 50kg (tyson),384,17, 
sac riz tiep bi fine brisure valle 20kg,0,1, 
sac riz tiep bi riz brise vallee 20kg,106,1.6, 
sac riz tiep bi riz entier de la vallee 20kg,279,2.6, 
sac riz umbrella 25kg,0,0.1, 
sac riz umbrella 50kg,0,0.1, 
sac riz vallee karolina brisé 25kg,0,6.6, 
sac riz vallee karolina entier (long grain) 25kg,0,14.6, 
sac sucre 50kg css,0,0.1, 
sac sucre 50kg importé,-1,298.8, 
sac sucre 50kg importé css,0,0.1, 
sac tangal menthe fraiche 400g x20,101,10, 
sachet chocolat delia stick 12g x60,229,19.4, 
sachet mayonnaise diamo stick 18ml x25,43,2.7, 
sankhal jeyna 400g x10,0,0.1, 
sankhal maman thiaba 200g x20,297,28.5, 
sauce soja resto 100f 25ml x10,281,61.7, 
sauce soja resto 50f 12ml x10,0,0.1, 
sauce soja resto gm 750ml x12,50,6.4, 
sauce soja resto pm 150ml x12,41,4.1, 
savon bacteril classic 200g x6,459,20.1, 
seau beurre jadida 2.5kg,34,1.2, 
seau beurre jadida 5kg,28,4.6, 
seau bouillon tak tak poudre 5kg,0,0.1, 
seau chocolat chocopain 5kg,183,79.2, 
seau chocolat delia 5kg,166,12.4, 
seau chocolat mon choco 5kg,435,36.8, 
seau huile niani (arachide) dosette x60,5,0.3, 
seau mayonnaise ami 5l,0,0.1, 
seau mayonnaise chef aida 5l,398,28.2, 
seau mayonnaise diamo 5l,253,24.6, 
seau mayonnaise ekla 5l,214,42.3, 
seau mayonnaise jadida 5l,1426,123, 
seau mayonnaise kadi 5l,0,48.2, 
seau mayonnaise maynes 5l,0,0.1, 
seau mayonnaise mis 5l,0,6.4, 
seau moutarde chef aida 2kg,0,0.1, 
seau moutarde chef aida 5kg,-1,0.5, 
seau moutarde kadi 5kg,38,4.4, 
seau moutarde reine 5kg,269,27.2, 
serpillère blanc x1,182,57.4, 
serpillère noir x1,102,80.1, 
serviette de table lilas x1,0,57.2, 
serviette de table lilas x18,207,23.4, 
serviettes de table lys x18,181,14.3, 
serviettes hygieniques always maxi long x18,245,15.7, 
serviettes hygieniques perfect maxi night x12,0,17.6, 
serviettes hygieniques perfect maxi normal pocket x12,56,9.6, 
serviettes hygieniques perfect maxi super pocket x12,37,6.8, 
serviettes hygieniques softcare a+ jaune nouveau format x24,14,41, 
serviettes hygieniques softcare a+ rose x24,7,5.9, 
serviettes hygieniques softcare mauve x24,0,6.6, 
stylo bic bleu cristal original x10,531,49.1, 
stylo bic noir cristal original x10,273,15.8, 
stylo bic rouge cristal original x10,206,19.4, 
stylo bic vert cristal original x10,0,0.1, 
stylo long pen  bleu x50,1469,9.3, 
stylo tri grip bleu,302,9.4, 
sucre buchette st louis sachets 4g x125,11,1.1, 
sucre cristal bon appetit gm menthe 180g x30,48,4, 
sucre cristal bon appetit gm vanille 180g x30,112,10.1, 
sucre cristal bon appetit pm vanille 20g x10,342,20.3, 
sucre cristal gourmet vanille pm 20g x100,548,73.8, 
sucre morceaux beghin say 1kg x5,395,26.9, 
sucre morceaux bon appetit (importe) 1kg x5,440,18.4, 
sucre morceaux css 1kg x5,312,49, 
sucre morceaux daddy 1kg x5,1,3.7, 
sucre morceaux roux css 1kg x5,5,2.5, 
sucre morceaux souki 1kg x5,43,5.8, 
sucre morceaux st louis 1kg x5,235,24.2, 
sucre poudre sunu suker css 1kg x5,51,1.3, 
sucre vanille foster clark 6g x24,36,2.4, 
sucre vanille smartchef 20g x100,36,3, 
sunuton 380g x12,0,27.3, 
tablette chewing-gum hollywood x20,3837,216.1, 
tangal freegel bleu x12,72,10.7, 
tangal freegel noir x12,1618,122.4, 
tangal freegel vert x12,118,11.9, 
tangal royal fruits 100pcs,11879,56.4, 
tangal royal fruits 100pcs,11879,56.4, 
tangal royal ginger-fruit 100pcs,10728,17.1, 
tangal royal ginger-fruit 100pcs,10728,17.1, 
tangal royal mint 100pcs,14923,271.5, 
tangal royal mint 100pcs,14923,271.5, 
tangal sucettes rio pop cola 48,199,26.6, 
tangal sucettes rio pop fraise 48,338,43.7, 
tangal sucettes rio pop ice cream 48,201,16.3, 
tangal sucettes rio pop mega x24,206,16, 
tangal sucettes rio pop mix fruit x48,200,30.6, 
tangal super mint x50,34,6.8, 
tasses ataya x12,80,45.3, 
tasses à café + couvercles taille 8 x50,0,7.8, 
tasses à café taille 2 x50,0,0.1, 
"tasses à café taille 3,5 x50",0,114.8, 
tasses à café taille 4 x50,0,98.2, 
tasses à café taille 5 x50,478,25.1, 
tasses à café vitfé taille 4 x50,352,20.8, 
the lipton classique x100,0,27.6, 
the nour classique x100,15,7.2, 
thiouraye anti moustique x1,112,6.3, 
tomate concentree dieg bou diar 400g x12,106,10.4, 
tomate concentree dieg bou diar 800g x12,140,8.3, 
tomate concentree dieg bou diar sachet gm 60g x40,780,122.1, 
tomate concentree dieg bou diar sachet pm 30g x80,160,13.8, 
tomate concentree flora 2kg x6,0,0.1, 
tomate concentree linguere 350g x12,89,5.8, 
tomate concentree linguere 700g x12,116,1.9, 
tomate concentree linguere 800g x12,0,0.1, 
tomate concentree linguere sachet gm 60g x40,470,31.4, 
tomate concentree linguere sachet pm 30g x80,250,5.1, 
tomate concentree linguere seau 2kg x6,14,1.3, 
tomate concentree tama 2kg x6,608,59.2, 
tomate concentree tama 350g x12,159,12.8, 
tomate concentree tama 700g x12,0,0.1, 
tomate concentree tama sachet gm 60g x40,0,0.1, 
tomate dieg bou diar metal gm 2kg,0,0.1, 
tomate dieg bou diar plastique gm 2kg x6,2,14.4, 
tomate dieg bou diar plastique pm 350g x12,222,13.9, 
tomate rouge tomatina 800g x12,1,0.6, 
tomate sauce flora 400g x12,0,0.1, 
tomate sauce flora 800g x12,32,2.6, 
trousseau geometrique gm x1,400,47.9, 
trousseau geometrique pm x1,443,65.3, 
twins cake x24,0,78, 
vinaigre 3 lions gm blanc 1l x12,-1,1.1, 
vinaigre adja colore gm 1l x12,1934,43, 
vinaigre adja colore pm 25cl x24,0,0.1, 
vinaigre kadi colore gm 1l x12,88,19.3, 
vinaigre marin'or blanc gm 1l x12,82,6.3, 
vinaigre marin'or blanc pm 25cl x24,13,1.7, 
vinaigre marin'or coloré gm 1l x12,167,11.9, 
vinaigre marin'or coloré pm 25cl x24,134,6.2, 
vinaigre mis colore gm 1l x12,-204,10.6, 
vinaigre mis colore pm 25cl x24,0,11.2, 
vinaigre noor blanc gm 1l x12,7,2.1, 
vinaigre noor blanc pm 250ml x24,0,0.1, 
vinaigre noor rouge gm 1l x12,16,1.9, 
vinaigre noor rouge pm 250ml x24,20,3.4, 
wekhal en grains vitfé 7g x100,0,6.1, 
yewi ananas 450ml x12,215,14.8, 
yewi citron 450ml x12,104,8.7, 
yewi cocktail 450ml x12,157,9.5, 
yewi fruits rouges 450ml x12,302,16.3, 
yewi mangue 450ml x12,186,8.6, 
yewi orange 450ml x12,233,10.1, 
yewi pomme 450ml x12,103,6.1, 
1/2 carton biscuits chico miko chocolat gm 125g x12,17,0.7, 
1/2 carton biscuits chico miko fraise gm 125g x12,7,0.3, 
1/2 carton chocolat delia 1kg x3,16,1.5, 
1/2 carton chocolat delia 250g x6,54,3.4, 
1/2 carton chocolat delia 500g x6,11,3.5, 
1/2 carton huile niani (arachide) 1l x6,0,0.1, 
1/2 carton lait concentré hollandia 120g x12,0,0.1, 
1/2 carton lait concentré sucré cheri mama x12,0,0.1, 
1/2 carton lait en poudre lalia gm 400g x5,426,2.7, 
1/2 carton lait en poudre lalia pm 20g x50,0,1.4, 
1/2 carton lait evaporé laicran pot 170g x12,0,0.1, 
1/2 carton mayonnaise chef aida 225ml x6,0,0.7, 
1/2 carton moutarde chef aida 450ml x3,0,0.1, 
1/2 carton pates amira macaroni lisse 250g x12,0,0.1, 
1/2 carton pates amira macaroni lisse 500g x10,0,0.1, 
1/2 carton pates amira macaroni lisse 500g x6,236,3.8, 
1/2 carton pates amira macaroni rayé 500g x6,24,4.7, 
1/2 carton pates amira spaghetti gm 500g x10,255,19.7, 
1/2 carton pates amira spaghetti pm 250g x20,388,41.3, 
1/2 carton pates amira torsades 500g x10,0,0.1, 
1/2 carton pates amira torsades 500g x6,0,0.1, 
1/2 demi carton adja epices 12g x360,474,17.6, 
1/2 demi carton adja epices 60g x60,396,36.5, 
1/2 demi carton adja super 12g x360,259,7.8, 
1/2 demi carton adja super 60g x60,296,15, 
1/2 demi carton adja tomate 12g x360,186,7.3, 
1/2 demi carton adja tomate 60g x60,223,12.4, 
1/2 demi carton batterie duracell moyen aa x10,0,0.1, 
1/2 demi carton bicarbonate 90g x50,246,22.9, 
1/2 demi carton cafe teranga 100g x12,0,0.1, 
1/2 demi carton cafe teranga 200g x12,0,0.1, 
1/2 demi carton cafe teranga 50g x24,-1,10.1, 
1/2 demi carton fromage vache qui rit 24 portions x12,0,19.5, 
1/2 demi carton fromage vache qui rit 8 portions x36,135,18, 
1/2 demi carton joker epices 12g x240,133,4.7, 
1/2 demi carton joker epices 60g x60,77,6.9, 
1/2 demi carton joker super 12g x240,213,23.9, 
1/2 demi carton joker super 60g x60,227,25.5, 
1/2 demi carton joker tomate 12g x240,200,15.6, 
1/2 demi carton joker tomate 60g x60,31,5, 
1/2 demi carton jumbo arome cube x12x24,195,3.9, 
1/2 demi carton jumbo cube x12x24,215,4.3, 
1/2 demi carton kadi epices 10g x360,0,0.1, 
1/2 demi carton kadi epices 12g x360,38,2.4, 
1/2 demi carton kadi epices 60g x60,304,25.5, 
1/2 demi carton lait bridel gm 50cl x12,564,37.8, 
1/2 demi carton lait bridel pm 25cl x12,265,19.3, 
1/2 demi carton lait concentre gloria pot gm 370g x24,42,7, 
1/2 demi carton lait concentré sucré nour1kg x12,0,3.9, 
1/2 demi carton lait en poudre halib gm 400g x5,59,7.4, 
1/2 demi carton lait en poudre laclait gm 400g x5,28,5.1, 
1/2 demi carton lait en poudre nour animal gm 350g x5,53,0.3, 
1/2 demi carton lait en poudre nour végétal gm 400g x5,37,0.8, 
1/2 demi carton maggi arome liquide gm 250ml x12,0,0.1, 
1/2 demi carton maggi arome liquide pm 138ml x14,14,4.5, 
1/2 demi carton mameum epices maggi sticks 15g,136,18.1, 
1/2 demi carton mouchoir lotus 100f x20,168,15.1, 
1/2 demi carton mouchoir smiley 100f x15x5,268,9.3, 
1/2 demi carton moutarde extra forte 25g x12x20,0,4.4, 
1/2 demi carton nescafé pot 100g x12,111,6.2, 
1/2 demi carton nescafé pot 200g x6,62,3, 
1/2 demi carton nescafé pot 50g x24,128,5.9, 
1/2 demi carton oro insecticide gm pompe double action 750ml x12,33,4.7, 
1/2 demi carton oro insecticide pm pompe double action 300ml x12,56,15.1, 
1/2 demi carton papier mouchoir de poche lucart x12,0,0.1, 
1/2 demi carton pates amira vermicelles gm 500g x6,17,1.1, 
1/2 demi carton pates amira vermicelles pm 250g x12,39,2, 
1/2 demi carton sardines 125g x25,25,21.7, 
1/2 demi carton sel raffine selbe 250g x50,0,10.9, 
1/2 demi carton sticks reine 15g x150,0,0.1, 
1/2 demi carton sticks reine 25g x150,0,0.1, 
1/2 demi carton tablette maggi arome x24,71,11.3, 
1/2 demi carton tablette maggi x24,217,30.3, 
1/2 demi carton the flecha noir pm 25g x100,23,4.4, 
1/2 demi carton the flecha vert gm 200g x50,44,3, 
1/2 demi carton the flecha vert pm 25g x100,902,84.8, 
1/2 demi carton the koutam pm 25g x100,127,25, 
1/2 demi carton vitfe pompe insecticide x12,99,13.1, 
1/2 demi carton yotox insecticide pm 400ml x12,195,10.9, 
1/2 mayonnaise chef aida 1l x3,0,0.1, 
1/2 mayonnaise chef aida 450ml x6,0,0.1, 
1/2 moutarde chef aida 225ml x6,0,0.4, 
1/2 sachet sucre poudre css sunu suker 250g x20,0,0.1, 
1/2 sachet sucre poudre souki 250g x20,0,0.3, 
1/4 rasoirs bic x5 sachet x10,148,17.2, 
1/4 rasoirs laser platinum double 2 x10,50,5.4, 
ail carton 10kg,215,62.8, 
allumettes baobab pm x100,180,7.3, 
allumettes palm tree moyen 3 x12,2,12.5, 
allumettes palm tree pm x100,-7,24, 
araw jeyna 400g x10,0,0.1, 
arome chapelet jumbo liquide sachets pm x20,4086,103, 
arome sauce  soralé pm 340ml x12,70,1.7, 
babylac pot blé et lait cereales 300g x12,71,5.8, 
balai abc x1,0,0.1, 
balai x1,0,30.7, 
balle dalle adidas x1,74,20.3, 
balle dalle thiarakh marron x6,13,14.4, 
balle dalle thiarakh x6,0,12.8, 
balle journal 15kg x1,0,24.5, 
balle plastique x6,25,5.9, 
balle tangsi x12,6,4.6, 
bama mayonnaise stick 17ml x100,0,0.1, 
barbecue linguere 220g x24,0,0.1, 
barquette aluminium 1kg x125,17,7.4, 
batterie kk dido x12,2,5, 
bec à gaz original,1,26.8, 
beignets crevettes prima multi colores 170g x1,772,54.2, 
beurre jadida 1kg x6,69,3.8, 
beurre jadida 500g x12,182,18.9, 
beurre kadi 500g x12,39,1, 
beurre sofia sachets 20g x100,476,32.9, 
bic feutre vitfé x13,686,23.4, 
bic feutre x12,0,9.3, 
biscuit bisking 30g x50,268,61.7, 
biscuits a break cacao 37g x24,53,7.9, 
biscuits a break plain 37g x24,64,4.7, 
biscuits baba x50,1299,118.1, 
biscuits be -breton 48g x30,13,1.1, 
biscuits be -fun choco 60g x30,9,1.4, 
biscuits be -top 52g x30,19,1.6, 
biscuits be cake fluffy 40g x36,45,4, 
biscuits be cooky 68g x24,77,10.9, 
biscuits be donut 40g x36,69,11.5, 
biscuits bisko chocolat sachets x50,950,36.5, 
biscuits bisko fourio max chocolat 48g x24,48,3, 
biscuits bisko fourio max vanille 48g x24,42,0.1, 
biscuits bisko l'original pm sachets x50,3006,474, 
biscuits biskrem pm 40g x24,901,91.4, 
biscuits bissrol mozaik 45g x24,0,0.1, 
biscuits bissrol mozaik nouveau 45g x24,0,0.1, 
biscuits bonita coco  x100,32,15.8, 
biscuits boom choco x24,735,51.4, 
biscuits boom vanille x24,483,18.6, 
biscuits carnaval gm banane 40g x24,144,5.4, 
biscuits carnaval gm cacao 40g x24,52,10.5, 
biscuits carnaval gm fraise 40g x24,171,5.7, 
biscuits carnaval gm vanille 40g x24,72,9.7, 
biscuits carnaval pm banane 22g x24,226,16.4, 
biscuits carnaval pm cacao 22g x24,847,46.1, 
biscuits carnaval pm fraise 22g x24,7,21.8, 
biscuits carnaval pm lait 22g x24,652,38.2, 
biscuits chico miko chocolat pm 30g x24,39,2, 
biscuits chico miko fraise pm 30g x24,28,1.4, 
biscuits cookie boom nature 36g x24,0,5.6, 
biscuits deemah x24,81,7.5, 
biscuits empire gm cacao 100g x12,-2,12.6, 
biscuits empire gm plain 100g x12,192,12.8, 
biscuits empire pm cacao 40g x24,280,17.8, 
biscuits empire pm plain 40g x24,161,24.6, 
biscuits exelo eyo'o cover 48g x30,40,2.7, 
biscuits exelo king cookies 48g x30,-1,1.9, 
biscuits fiarino chocolat 40g x24,0,0.1, 
biscuits fiarino vanille 40g x24,0,0.1, 
biscuits go7 gm vanille 37g x24,29,2, 
biscuits good time x24,38,9.5, 
biscuits harmony maxi gm cacao 40g x24,89,5, 
biscuits harmony maxi gm vanille 40g x24,109,4.8, 
biscuits harmony pm vanille 17g x24,50,4.3, 
biscuits hay hay caramel x24,871,33.7, 
biscuits hay hay chocolat x24,5812,56.7, 
biscuits hay hay fraise x24,825,34.5, 
biscuits hi hello x24,148,12.5, 
biscuits ikram 58g x36,1302,112, 
biscuits klas 40g x24,0,0.1, 
biscuits limousine banane 45g x24,0,0.1, 
biscuits limousine chocolat 45g x24,232,15.2, 
biscuits limousine vanille 45g x24,219,11.4, 
biscuits manga white chocolat pm15g x24,62,3, 
biscuits milk x24,832,137.2, 
biscuits milkano x24,0,0.1, 
biscuits mon goffi pm chocolat 17g x24,48,5.4, 
biscuits ndeki sachets x50,167,8.1, 
biscuits nouveau harmony pm banane 17g x24,164,5.7, 
biscuits nouveau harmony pm cacao 17g x24,94,3.1, 
biscuits nutro x24,79,8.4, 
biscuits selfy 40g x24,0,0.1, 
biscuits warr bi gm 100f x50,153,0.1, 
biscuits zina bar pm chocolat 10g x100,29,4.3, 
biscuits zina bar pm fraise 10g x100,36,4.1, 
biscuits zina bar pm vanille 10g x100,64,4.1, 
biscuits zina duo choco 40g x24,38,1.4, 
biscuits zina duo fraise 40g x24,36,3.5, 
biscuits zina duo vanille 40g x24,37,4.4, 
bleu sachet 7g x50,0,13.9, 
bougie 100f x10,1055,52.6, 
bougie 50f x6,-4,70, 
briquets bic pm j3 moyen x50,0,0.1, 
briquets bic pm j5 mini x50,24,1.6, 
briquets blanc pm x50,0,12.9, 
briquets pm x50,0,11.6, 
brosse a dents colgate  deep clean x12,76,5.3, 
brosse a dents colgate  double action x12,35,4, 
brosse a dents enfant x12,-1,7.3, 
brosse a dents vitfé 300f x12,72,4.3, 
brosse jean x6,24,6.5, 
cable usb 1m bamba fepp x5,0,3.8, 
cable usb 1m iphone x5,4,2.9, 
cable usb 1m type c x5,25,2.6, 
"café carte noire stick 1,8g x25",0,0.1, 
"café l'or stick 1,8g x25",0,0.1, 
"café maxwell house 1,8g x100",236,13.3, 
"café maxwell house 1,8g x25",0,0.1, 
café nescafé sachets pm 100g x8,59,5.5, 
café nescafé stick 1.5g x150,4016,339.1, 
café touba bakhdad 45g sachet x40,1616,102.9, 
cahier 100 pages x10,-9,54.9, 
cahier 200 pages x5,-4,49.6, 
cahier 48 pages x24,79,36.2, 
cahier double ligne,0,16.2, 
cahier protege100 pages x10,0,51.7, 
cahier protège 200 pages x5,1,45.7, 
cake trilex  x24,0,16.8, 
calculatrice scientifique x 1,0,15.8, 
can 3x energy ginger gm 50cl x24,0,0.1, 
can 3x energy ginger moyen 33cl x24,0,0.1, 
can 3x energy gm 50cl x24,1018,83.5, 
can 3x energy malt moyen 33cl x24,0,0.1, 
can 3x energy moyen 33cl x24,405,203.1, 
can 3x energy moyen zero 33cl x24,0,0.1, 
can 3x energy pm 25cl x24,0,52.6, 
can 7up 33cl x24,0,0.1, 
can black power gm 50cl x24,0,0.1, 
can black power moyen 33cl x24,0,0.1, 
can black power pm 25cl x24,137,13.5, 
can coca cola 33cl x24,4,61.8, 
can coca cola zero 33cl x24,1,0.1, 
can energie agrumes hora pm 25cl x24,59,3, 
can fanta ananas 33cl x24,115,46.7, 
can fanta fruits rouge 33cl x24,1,0.1, 
can fanta orange 33cl x24,-10,54.4, 
can ira ananas gm 320ml x24,0,0.1, 
can ira ananas pm 235ml x24,0,39.7, 
can ira cocktail gm 320ml x24,0,0.1, 
can ivorio ananas pm 33cl x24,0,0.1, 
can jus de coco a la pulpe gm 330ml x24,0,0.1, 
can jus de coco foco gm 520 ml x24,0,0.1, 
can jus de coco foco moyen 350 ml x24,0,0.1, 
can lait de coco divino gm 330ml x24,329,23, 
can minute maid mangue 25cl x24,0,0.1, 
can minute maid orange 25cl x24,0,0.1, 
can minute maid tropical 25cl x24,0,0.1, 
can mirinda fruity 25cl x24,50,7, 
can mixte 33cl x24,2,0.1, 
can n'wely ananas 24cl x24,0,0.1, 
can n'wely cocktail 24cl x24,0,0.1, 
can n'wely coco ananas 24cl x24,0,0.1, 
can n'wely goyave 24cl x24,0,0.1, 
can n'wely mangue 24cl x24,0,0.1, 
can pepsi 25cl x24,2,10, 
can pepsi max 25cl x24,1,4, 
can pepsi zero 25cl x24,2,0.1, 
can pressea coco ananas 25cl x24,97,57.2, 
can pressea goyave 25cl x24,0,37, 
can pressea mangue 25cl x24,2,26.1, 
can pressea orange 25cl x24,0,12, 
can pressea tropical 25cl x24,1,22.8, 
can rani ananas 24cl x24,0,0.1, 
can rani banane 24cl x24,0,0.1, 
can rani cocktail blanc 24cl x24,3,0.1, 
can rani cocktail pulpe 24cl x24,0,0.1, 
can rani coco ananas x24,0,0.1, 
can rani fraise banane 24cl x24,6,0.1, 
can rani goyave 24cl x24,0,0.1, 
can rani mangue 24cl x24,0,0.1, 
can rani mixte pack 24cl x24,0,0.1, 
can rani orange 24cl x24,6,0.1, 
can rani peche 24cl x24,1,0.1, 
can redbull 25cl x24,0,0.1, 
can schweppes agrumes 25cl x24,7,77.1, 
can schweppes citron 25cl x24,26,16.8, 
can schweppes mix agrumes et citron 25cl x24,70,27.7, 
can schweppes tonic 25cl x24,0,16, 
can sprite 33cl x24,2,53.6, 
can treme x gm 50cl x24,0,0.1, 
can treme x pm 33cl x24,0,0.1, 
can vicco malt 33cl x24,0,0.1, 
can vimto 33cl x24,330,42.1, 
can vimto malt 33cl x24,210,27.3, 
can world cola 33cl x24,0,0.1, 
can xl 50cl x24,0,0.1, 
can zisan eau coconut 33cl x24,0,0.1, 
can zisan extra power energy moyen 33cl x24,0,0.1, 
can zisan goyave 33cl x24,0,0.1, 
can zisan malt 33cl x24,0,0.1, 
can zisan tamarind 33cl x24,0,0.1, 
casamançaise le jus ananas 1l x6,268,32.4, 
casamançaise le jus bissap menthe 1l x6,437,40.5, 
casamançaise le jus bouye gingembre 1l x6,0,0.1, 
casamançaise le jus ditakh 1l x6,-1,0.1, 
casamançaise le jus mad mangue 1l x6,0,0.1, 
casamançaise le jus mini ananas 200ml x24,476,20.6, 
casamançaise le jus mini bissap menthe 200ml x24,0,33.9, 
casamançaise le jus mini ditakh 200ml x24,0,0.1, 
casamançaise le jus mini mad mangue 200ml x24,0,0.1, 
casamançaise le jus mini orange 200ml x24,0,17.2, 
casamançaise le jus mini tropical 200ml x24,0,16.3, 
casamançaise le jus orange 1l x6,290,17.8, 
casamançaise le jus tropical 1l x6,300,40.1, 
cerelac 3 fruits sachets 50g x80,56,5.2, 
cerelac pot blé avec lait cereales 400g x12,22,2.7, 
cerelac sachets blé cereales 50g x80,55,14.1, 
chapelet lait en poudre halib pm 20g x10,-1,96, 
chapelet lait en poudre laclait pm 20g x10,0,3.6, 
chapelet lait en poudre lalia pm 20g x 10,1448,75.1, 
chapelet levure boulangere saf 11g x12,46,4.4, 
chargeur bamba fepp x5,26,3.7, 
chargeur iphone x 5,9,2.4, 
chargeur type c x 5,49,2.1, 
chef aida mayonnaise 2.5l,0,0.1, 
chef aida mayonnaise 25ml x144,11,1, 
chef aida moutarde 1kg x6,0,0.1, 
chewing-  icy mint pot x100,177,12.8, 
chewing-gum boule x1,2,23, 
chewing-gum mentos pot x100,925,94.1, 
chips buggy barbecue x24,470,18.9, 
chips buggy fromage x24,230,8.9, 
chips buggy guud puff barbecue x24,127,15.7, 
chips buggy guud puff fromage x24,168,17.4, 
chips buggy jakarta ketchup x48,117,5.3, 
chips buggy ketchup x24,189,7.7, 
chips buggy oignons x24,38,10.4, 
chips buggy potato sel x24,-1,5.5, 
chips buggy sweet chili x24,49,10.9, 
chips coco meew 35g x24,0,0.1, 
chips fiesta foot ball x24,0,0.1, 
chips fiesta meew 30g x24,196,12.2, 
chips fiesta meew vanille 50f 15g x48,46,5.8, 
chips fiesta puffs fromage,141,19.6, 
chips meew corn toon 100f 35g x24,0,7.9, 
chips mini fiesta potato stick x50,445,16.5, 
chips moda fromage x24,136,16, 
chips moda ketchup x24,151,9.7, 
chips moda poulet x24,262,13, 
chips moda sel x24,175,26.7, 
chips potata 15g x50,128,11.8, 
chips potata 80g x48,194,14.4, 
chips potata epicé 30g x48,54,4.3, 
chips potata oignon 30g x48,0,0.1, 
chips pringles pm x12,30,7.9, 
chips sama doom x48,204,19.1, 
chocolat chocopain 1kg x6,296,17.7, 
chocolat chocopain 250g x24,55,8, 
chocolat chocopain 500g x12,645,25.6, 
chocolat mon choco 1kg x6,29,3.2, 
chocolat mon choco 250g x12,23,2.9, 
chocolat mon choco 500g x12,57,6.4, 
chocolat nutella 350g x5,0,0.1, 
chocolat poudre kangoo sachets 10g x60,0,73, 
colle crazy super glue x10,0,37.3, 
conserves ananas morceaux dianor 565g x12,119,12.2, 
conserves ananas morceaux prima 565g x12,71,13.4, 
conserves ananas morceaux sofia 565g x12,0,0.1, 
conserves macedoine de legumes avril 400g x12,70,3.8, 
conserves maïs avril 300g x12,39,2.5, 
conserves petit pois amor gm 800g x12,100,6.5, 
conserves petit pois amor pm 400g x24,74,6.9, 
conserves petit pois avril doux garden 400g x12,96,5.9, 
conserves petit pois dieg gm 800g x12,9,0.9, 
conserves petit pois dieg pm 400g x12,11,1.5, 
conserves petit pois mis gm 800g x12,40,6.3, 
conserves petit pois mis pm 400g x24,0,7.5, 
corned boeuf - boeuf pm rond 200g x24,0,0.1, 
corned boeuf - boeuf sara gm 340g x24,289,35.7, 
corned boeuf - boeuf sara pm 190g x24,296,27.7, 
corned boeuf - poulet sara gm 340g x24,674,19.4, 
corned boeuf - poulet sara pm 190g x24,196,27.9, 
coton tige x24,46,18.1, 
couches lilas taille 2 - x5,26,2.5, 
couches lilas taille 3 - x5,38,8.6, 
couches lilas taille 4 - x5,142,21.8, 
couches softcare blanc taille 3 - x5 nouveau format,148,12.5, 
couches softcare blanc taille 4 - x5 nouveau format,-1,38, 
couches softcare bleu taille 4 - x5,72,121.6, 
couches softcare taille 2 - x5,83,21, 
couches softcare taille 3 - x5,48,49.5, 
couscous brio fin gm 1kg x12,0,0.1, 
couscous brio fin pm 500g x24,0,0.1, 
couscous brio moyen gm 1kg x12,0,0.1, 
couscous brio moyen pm 500g x24,0,0.1, 
couscous fin diari gm 1kg x10,75,2.9, 
couscous fin kayna gm 1kg x12,323,22.1, 
couscous fin kayna pm 500g x20,520,28.1, 
couscous fin mis gm 1kg x10,0,0.1, 
couteau 100f x12,67,17.7, 
couteau 200f x6,150,30.8, 
crayon noir sans gomme x1,0,0.1, 
crème défrisante vitalys 120ml x6,61,5.4, 
cuillère x12,390,39.9, 
cure dent x12,1,13.8, 
dentifrice colgate 140g x12,111,9.5, 
dentifrice colgate 35g x12,72,2.4, 
dentifrice colgate charbon 120g x12,0,0.1, 
dentifrice colgate herbal 150g x12,33,1.5, 
dentifrice colgate max fresh rouge 130g x12,245,20.7, 
dentifrice mediann gm 100g x12,0,6.5, 
dentifrice mediann gm 150g x6,24,1.5, 
dentifrice mediann max gm 120g x12,27,1, 
dentifrice mediann pm 40g x12,78,5.7, 
dentifrice medident gm 150g x12,17,1, 
dentifrice mera 120g x12,1,10.6, 
désodorisant  nova 500 ml x6,54,6.7, 
désodorisant belair ananas coco 400 ml x6,0,0.1, 
désodorisant belair vanille 400 ml x6,0,0.1, 
eau - casamancaise pm 33cl x12,0,189.9, 
eau - casamançaise 10l,0,24.4, 
eau - casamançaise gm 1.5l x6,802,59.9, 
eau - casamançaise moyen 50cl x12,0,15.3, 
eau - diana pm 35cl x12,0,0.1, 
eau - kayar pm 35cl x12,0,0.1, 
eau - kirène 10l,100,42.4, 
eau - kirène gm 1.5l x6,785,66.1, 
eau - kirène pm 33cl x12,1158,178.2, 
eau - o'royal 10l,0,0.1, 
eau - o'royal gm 1.25l x6,541,95.3, 
eau - o'royal moyen 50cl x12,0,0.1, 
eau - o'royal pm 33cl x12,0,0.1, 
eau - olympia 33cl x12,143,174.6, 
eau - seo 1.5l x6,-6,27.1, 
eau - seo 10l,0,32.1, 
eau - seo 4.5l,0,43.9, 
eau - seo pm 35cl x12,7129,3669.5, 
eau - walo pm 33cl x12,0,0.1, 
eau de fleur d'oranger 3 lions gm 125ml x12,213,9.4, 
eau de fleur d'oranger 3 lions pm 65ml x12,206,11.2, 
eau de fleur d'oranger gourmet gm 250ml x6,27,3.4, 
eau de fleur d'oranger gourmet moyen 125ml x6,67,4.6, 
eau de fleur d'oranger gourmet pm 100ml x6,132,7.7, 
ecouteur iphone x5,0,1.1, 
ecouteur x1,70,2.6, 
ensemble geometrique x1,120,23.1, 
epices bara muso ail x50,50,6.5, 
epices bara muso laurier x50,39,3.2, 
epices bara muso moutarde x50,0,0.1, 
epices bara muso muscade x50,0,0.1, 
epices bara muso piment aromatisé x50,79,13.7, 
epices bara muso piment x50,133,24.4, 
epices bara muso poivre x50,90,33.2, 
epices bara muso poivre épicé x50,180,16.6, 
epices bara muso soumbala x50,301,29.1, 
epices bara muso tchin bi x50,43,1.4, 
epices poivre antiz x50,278,27.3, 
essence aromes 3 lions banane 30ml x12,152,7.5, 
essence aromes 3 lions coco 30ml x12,54,5.1, 
essence aromes 3 lions corossol 30ml x12,44,3.3, 
essence aromes 3 lions fraise 30ml x12,50,3.5, 
essence aromes 3 lions menthe 30ml x12,99,4.1, 
essence aromes 3 lions vanille 30ml x12,326,15.9, 
essence foster clark ananas 28ml x12,7,0.4, 
essence foster clark banane 28ml x12,18,1, 
essence foster clark coco 28ml x12,2,0.6, 
essence foster clark exotic 28ml x12,0,0.1, 
essence foster clark fraise 28ml x12,0,0.1, 
essence foster clark menthe 28ml x12,18,1.5, 
essence foster clark vanille 28ml x12,11,1.3, 
essence gourmet banane 30ml x12,12,1.7, 
essence gourmet vanille 30ml x12,40,4, 
farine de blé fati 250g x48,318,21.9, 
farine de blé nma 1kg x10,0,0.1, 
farine mère beignet 10kg type 55,72,7.1, 
farine patissière gmd 1kg x10,50,11.8, 
garabe yo x5,0,30.6, 
gauffrette fiarino chocolat 40g x24,0,0.1, 
gel douche nova  750 ml x4,24,1.3, 
gm 7up pet 1l x6,0,0.1, 
gm coca cola 1.25l x6,390,124.3, 
gm coca cola diouf 1.25l x6,-7,0.1, 
gm coca cola zero 1.25l x6,0,0.1, 
gm energie maca plus  x12,0,0.1, 
gm fanta ananas 1.25l x6,1,31.8, 
gm fanta fruits rouge 1.25l x6,0,0.1, 
gm fanta orange 1.25l x6,0,47, 
gm gazelle ananas 1l x6,707,78.8, 
gm gazelle limonade 1l x6,6,5.3, 
gm gazelle pomme 1l x6,185,21.3, 
gm jet 7 ananas 1.25l x6,0,0.1, 
gm jet 7 cola 1.25l x6,11,2.6, 
gm jet 7 fruit rouge 1.25l x6,0,0.1, 
gm jet 7 orange 1.25l x6,0,0.1, 
gm jet 7 sprite 1.25l x6,0,0.8, 
gm king ananas 1.25l x6,52,6.5, 
gm king fruits rouge 1.25l x6,82,6.7, 
gm king orange 1.25l x6,30,6.3, 
gm king sprite 1.25l x6,100,4, 
gm mirinda fruity pet 1l x6,0,0.1, 
gm mirinda orange pet 1l x6,0,0.1, 
gm pepsi max pet 1l x6,0,0.7, 
gm pepsi pet 1l x6,60,6.3, 
gm pressea fresh mangue coco 1l x6,0,0.1, 
gm pressea fresh orange 1l x6,0,0.1, 
gm pressea fresh tropical 1l x6,0,0.1, 
gm schweppes agrumes 1.25l x6,269,89.9, 
gm schweppes citron 1.25l x6,0,0.1, 
gm schweppes tonic 1.25l x6,-1,0.1, 
gm sprite 1.25l x6,704,89.8, 
gm tampico bouteille citrus 1l x6,-1,41.1, 
gm top ananas 1l x6,0,0.1, 
gm top orange 1l x6,729,11.2, 
gm vimto 1l x6,248,141.4, 
gm world cola 1l x6,0,0.1, 
gm youzou limonade 1.5l x6,0,0.1, 
huile bidon  turkey 20l,0,0.1, 
huile bidon 20l diery,1729,446.8, 
huile bidon 20l mis,0,0.1, 
huile bidon 20l oki,0,0.1, 
huile bidon 20l zita,1,368.3, 
huile bidon arachide 20l,0,0.4, 
huile bidon importé 20l avena,1486,0.1, 
huile de palme zita 1l x12,0,0.1, 
huile de palme zita 5l x4,0,1.1, 
huile jadida soja 1l x12,4,20.4, 
huile jadida soja 250ml x24,0,0.1, 
huile jadida soja 5l x4,282,39, 
huile jadida soja bidon 5l x1,0,0.1, 
huile machine 90ml x6,157,12.2, 
huile niani (arachide) 5l x1,0,0.1, 
huile soja niinal 1l x12,0,0.1, 
huile soja niinal 5l x4,366,57.9, 
huile tournesol bon appétit 250ml x48,133,11.1, 
huile tournesol kadi 5l x4,0,0.1, 
huile tournesol sangomar 1l x12,0,0.1, 
huile zita 250ml x48,49,9, 
insectide vitfe spirale,0,0.1, 
insectide vitfe thiouraye baton x12,338,38, 
javel en grains vitfé 7g x100,6,4.1, 
jus bole brique goyave 1l x8,0,0.1, 
jus bole brique mangue 1l x8,0,0.1, 
jus bole brique orange 1l x8,0,0.1, 
jus bole brique tropical 1l x8,0,0.1, 
jus chivita active agrume 125ml x24,0,0.1, 
jus chivita cocktail 1l x10,0,0.1, 
jus chivita exoctic coco ananas 315 ml x12,0,0.1, 
jus chivita exotic coco ananas 125ml x24,0,0.1, 
jus chivita exotic coco ananas 1l x10,0,0.1, 
jus chivita orange 125ml x24,0,0.1, 
jus chivita premium ananas 1l x10,1,0.1, 
jus chivita premium orange 1l x10,0,0.1, 
jus chivita premium pomme 1l x10,0,0.1, 
jus chivita premium raisin rouge 1l x10,0,0.1, 
jus delice brique ananas 1l x6,9,0.6, 
jus delice brique mangue 1l x6,4,0.4, 
jus delice brique mix 1l x6,4,0.7, 
jus delice brique mojito 1l x6,0,0.1, 
jus delice brique multivitamine 1l x6,11,0.5, 
jus delice brique orange 1l x6,5,0.4, 
jus delice brique poire 1l x6,12,0.8, 
jus delice brique raisin 1l x6,4,1.1, 
jus delice brique tropical 1l x6,5,1.1, 
jus fada bouteille gm 410ml x15,0,12.6, 
jus fada bouteille pm 230ml x24,3,14.7, 
jus fada brique 200ml x28,237,189.4, 
jus fada orange brique 200ml x28,0,0.1, 
jus fada pot 235ml x30,149,14.2, 
jus fada pot 50fr 120ml x56,-5,35.4, 
jus fada sachet gm 220ml x36,4,0.1, 
jus fada sachet pm 120ml x60,29,23.8, 
jus fada stick pm 65ml x100,27,49.3, 
jus foster clark ananas 20g x15,80,14.8, 
jus foster clark ananas/gingembre 20g x15,74,9.6, 
jus foster clark fruit rouge 20g x15,137,14.3, 
jus foster clark goyave 20g x15,0,0.1, 
jus foster clark lemon 20g x15,0,4.4, 
jus foster clark mangue 20g x15,23,11.3, 
jus foster clark orange 20g x15,31,16.5, 
jus junior 125ml x24,0,11.3, 
jus jutos cocktail brique 1l x6,33,0.5, 
jus jutos orange brique 1l x6,33,0.3, 
jus lana bouteille (100f),293,23.7, 
jus lana bouteille 200f 39cl x15,285,14.8, 
jus lana bouteille ananas 45cl x12,0,4.1, 
jus lana bouteille orange 45cl x12,0,0.1, 
jus lana brique 100f,495,33.1, 
jus lana pot (100f) 245ml x28,104,20.8, 
jus lana pot (50f) 120ml x56,294,24.1, 
jus lana stick 25f,184,10.6, 
"jus naturel bissap blanc pet 1,2l x6",8,0.3, 
"jus naturel bissap mix rouge blanc pet 1,2l x6",0,0.5, 
"jus naturel bissap rouge pet 1,2l x6",3,0.5, 
jus press up ananas brique 1l x6,-8,4.3, 
jus press up mangue brique 1l x6,38,2.6, 
jus press up orange brique 1l x6,29,1.2, 
jus press up peche brique 1l x6,35,1.2, 
jus press up poire brique 1l x6,15,1.1, 
jus press up pomme brique 1l x6,15,1.5, 
jus press up raisins rouges brique 1l x6,32,3.7, 
jus pressea brique ananas 1l x12,1,0.1, 
jus pressea brique ananas gingembre 1l x12,0,0.1, 
jus pressea brique bissap 1l x12,27,3.5, 
jus pressea brique cocktail 1l x12,256,32.4, 
jus pressea brique cocktail light 1l x12,0,8.7, 
jus pressea brique cocktail mango 1l x12,0,0.1, 
jus pressea brique coco ananas 1l x12,580,72.4, 
jus pressea brique goyave 1l x12,381,57.4, 
jus pressea brique mango passion 1l x12,0,0.1, 
jus pressea brique mangue 1l x12,178,17.6, 
jus pressea brique orange 1l x12,109,12.3, 
jus pressea brique pomme 1l x12,18,3.4, 
jus pressea mini ananas 200ml x24,144,12.3, 
jus pressea mini cocktail 200ml x24,149,11.8, 
jus pressea mini orange 200ml x24,91,6.8, 
jus pressea mini pomme 200ml x24,91,5.9, 
jus primo bouteille 100f 230ml x24,0,61.8, 
jus primo pot (50f) 120ml x56,0,36.1, 
jus sun top gm orange 1l x12,5,0.5, 
jus sun top gm pomme 1l x12,10,0.3, 
jus sun top gm tropical 1l x12,0,0.1, 
jus sun top mangue 125ml x24,49,9.4, 
jus sun top orange 125ml x24,154,9.5, 
jus sun top pm citron 125ml x24,2,1.2, 
jus sun top pm cocktail 125ml x24,195,25.9, 
jus sun top pm goyave 125ml x24,0,0.1, 
jus tampico pot x24,0,0.1, 
jus tampico sachet 200ml x30,-5,63, 
jus zoom pot 20cl x28,0,0.1, 
keppou 12 x6,294,28.6, 
ketchup dieg bou diar bidon 1kg x12,0,0.1, 
ketchup dieg bou diar bidon 5kg,114,27.7, 
ketchup dieg bou diar sachets 50g x40,45,2.8, 
ketchup linguere 340g x24,88,9, 
ketchup linguere bidon 5kg,238,22.4, 
ketchup linguere stick 10g x500,0,0.1, 
ketchup tama bidon 5kg,219,16, 
kidilac cereales blé sachets 50g x100,0,0.2, 
kidilac cereales pot blé 400g x12,0,0.1, 
kidilon cereales pot mais 210g x12,7,0.2, 
kidilon cereales pot multi cereales 210g x12,0,0.4, 
lait - candia gm demi-ecreme 1l x12,54,22.7, 
lait - candia moyen demi-ecreme 50cl x12,0,27.5, 
lait - candia pm brique demi-ecreme 20cl x24,1136,86.4, 
lait - candia pm brique vanille 20cl x24,886,122.1, 
lait - jet lait 20cl x30,32,54.5, 
lait - laicran moyen entier 50cl x12,174,10.6, 
lait - nutri ananas 210ml x24,2,0.1, 
lait - nutri-milk choco 400ml x12,0,0.1, 
lait - nutri-milk orange 210ml x24,0,0.1, 
lait - nutri-milk pomme 210ml x24,-1,0.1, 
lait - nutri-milk pomme 500ml x12,-8,0.1, 
lait - nutri-milk vanille 210ml x24,4,0.1, 
lait concentre gloria non sucre pot pm 160g x24,53,24.5, 
lait concentré hollandia 120g x24,0,0.1, 
lait concentré hollandia 50g x48,0,0.1, 
lait corporel coco pulp 250ml x6,0,0.1, 
lait en poudre dano quotidien 20g x100,0,0.1, 
lait en poudre dano quotidien 400g x10,0,0.1, 
lait en poudre diamo pm 20g x100,0,0.1, 
lait en poudre gloria gm 400g x12,0,0.1, 
lait en poudre gloria pm 16g x120,74,11.1, 
lait en poudre halib gm 400g x10,0,0.1, 
lait en poudre halib pm 20g x100,98,9.4, 
lait en poudre laclait gm 400g x10,24,0.6, 
lait en poudre laclait pm 20g x100,10,0.1, 
lait en poudre laicran gm 400g x10,230,24.2, 
lait en poudre laicran pm 20g x100,1251,144.9, 
lait en poudre laity pm 20g x100,0,0.1, 
lait en poudre lalia gm 400g x10,0,0.1, 
lait en poudre mixwell gm 400g x10,0,0.1, 
lait en poudre mixwell pm 18g x100,0,0.1, 
lait en poudre nido gm 400g x12,0,0.1, 
lait en poudre nido pm 16g x120,75,10, 
lait en poudre sibon pm 18g x100,0,0.1, 
lait evaporé laicran pot 170g x24,-1,0.4, 
lait evaporé laicran pot 170g x48,63,2.9, 
lait evaporé lalia pot pm 160g x48,62,18.6, 
lait evaporé matinal pot pm 170g x48,122,12.6, 
lait evaporé miwa pot pm 160g x48,11,5.1, 
lait evaporé nour pot 160g x48,72,8.7, 
lait ideal men 200 ml x6,1,2.3, 
lait ideal skin 200 ml x6,14,3, 
lait jaouda gm entier 1l x6,42,4.5, 
lait nova derma 250ml x4,58,2.6, 
lait rose gm 500ml x12,126,17.9, 
lait rose pm 200ml x21,26,7.5, 
lait soft skin 220 ml x6,49,1.8, 
lait vitalait liquide 18cl x24,0,0.1, 
lait vitalait liquide 50cl x6,0,0.1, 
lait yaourt milkana mangue 100g x24,0,0.1, 
lame vitfé x100,0,33.9, 
lampe économique x10,21,1.9, 
levure smart chef x100,206,13.6, 
lingette bébé lilas x1,3523,1, 
mayonnaise calvé 1l x6,0,0.1, 
mayonnaise calvé 225ml x12,0,0.1, 
mayonnaise calvé 450ml x12,0,0.1, 
mayonnaise jadida 1l x6,50,2.9, 
mayonnaise jadida 250ml x12,94,6.2, 
mayonnaise jadida 500ml x12,59,4.4, 
mayonnaise kadi 1l x6,1,0.1, 
mayonnaise kadi 250ml x12,0,0.1, 
mayonnaise kadi 500 ml x12,0,0.1, 
mayonnaise maynes gm 946ml x6,0,0.1, 
mayonnaise maynes moyen 473ml x12,0,0.1, 
mayonnaise maynes pm 237ml x12,0,0.1, 
mayonnaise sofia sachets 20g x120,100,5.5, 
mayonnaise top mayo 3.8l,95,3.1, 
mbomb 100f x6,0,61.7, 
mbomb 200f x4,19,21.4, 
melolac sachets cereales avec lait 50g x50,372,21.8, 
moukhamsa plomb kayna gm 500g x20,30,2.7, 
moukhamsa plomb kayna pm 250g x40,177,11.1, 
moukhamsa plomb pastami gm 500g x12,0,0.1, 
moukhamsa plomb pastami pm 250g x24,101,3, 
moukhamsa plomb rose blanche pm 250g x48,12,9.9, 
moukhamsa tiep rose blanche pm 250g x48,1,0.1, 
moutarde kadi 1kg x6,0,0.6, 
moutarde kadi verre 370g x6,0,0.1, 
moutarde packfood 850g x6,0,0.1, 
moutarde pathial pathial gm 1l x6,90,15.5, 
moutarde pathial pathial pm 330ml x12,35,14.8, 
moutarde reine flacon 340g x12,0,0.1, 
moutarde reine seaux 1kg x6,0,0.1, 
moutarde reine verre 370g x6,22,17.7, 
moutarde reine verre 850g x6,44,4.4, 
net - acide noura flash 1l x12,81,11, 
net - eau de javel armonia gm 1l x12,0,2.5, 
net - eau de javel la croix gm 800ml x15,4,1.3, 
net - eau de javel madar gm 900ml x12,18,26.6, 
net - eau de javel madar seau 65ml x100,117,36.5, 
net - eau de javel vitfe 65ml x100,0,0.1, 
net - lave vitre armonia 750ml x12,56,1.5, 
net - lave vitre madar 1l x12,-1,2.1, 
net - lave vitre madar 750ml x12,16,3.5, 
net - lave vitre novelas 750ml x12,18,1.8, 
net - liquide madar gm platinum 900ml x12,0,21.5, 
net - liquide madar gm premium violet 900ml x12,31,11.9, 
net - liquide madar gm renzo 900ml x12,-150,18, 
net - liquide madar moyen 400ml x12,1,15.9, 
net - liquide madar pm platinum 200ml x24,53,20.9, 
net - liquide madar pm renzo 200ml x24,4,17.3, 
net - liquide madar seau renzo 40ml x125,0,18.8, 
net - poudre get 11kg,0,13.6, 
net - poudre madar 100cfa 60g x80,55,23.2, 
net - poudre madar 200cfa 185g x12,93,58.6, 
net - poudre madar 25cfa 15g x180,0,8.4, 
net - poudre madar 400g x10,-1,16, 
net - poudre madar 50cfa 25g x90,0,9.9, 
net - poudre madar 900g x10,269,7.7, 
net - poudre madar platinum 10 kg,0,0.1, 
net - poudre madar platinum 160g x12,0,0.1, 
net - poudre madar platinum 800g x10,0,0.1, 
net - poudre noura 10kg,0,9.5, 
net - poudre novelas 100cfa 60g x80,32,2.8, 
net - poudre novelas 200cfa 170g x40,0,1.8, 
net - poudre novelas floral 15g x180,24,3.2, 
net - poudre novelas floral 50cfa 30g x90,7,2, 
net - poudre saba 100cfa 60g x80,0,10.7, 
net - poudre saba 200cfa 160g x40,0,42.4, 
net - poudre saba 25cfa 15g x180,0,3.2, 
net - poudre saba 400g x10,0,22, 
net - poudre saba 50cfa 25g x90,0,2.9, 
net - poudre saba floral 850g x12,0,0.1, 
net - poudre so'klin 25cfa 15g x300,0,0.1, 
net - poudre so'klin 50cfa 25g x150,0,0.1, 
net - poudre zenta 170g x40,0,10, 
net - poudre zenta 400g x12,0,3.3, 
net - sabou la main x18,0,0.1, 
net - savon bienco gm x24,93,20.6, 
net - savon bienco pm x60,148,12.9, 
net - savon diam 250g x18,109,8.9, 
net - savon fanico gm 300g x24,0,0.1, 
net - savon la main x18,1884,83.2, 
net - savon larissa carotte x1,0,0.1, 
net - savon madar multi-usage blanc 250g x18,28,2.7, 
net - savon madar multi-usage bleu 250g x18,0,2.3, 
net - savon madar multi-usage jaune 250g x18,15,3.4, 
net - savon madar ordinaire 400g x24,0,0.1, 
net - savon ordinaire 275g x18,273,50.8, 
net - savon pharmapur classique 150g x12,50,1.7, 
net - savon pharmapur fresh 150g x12,35,1, 
net - savon pharmapur herbal 150g x12,8,3.6, 
net - savon saba 275g x18,0,0.1, 
net - savon santex rouge 90g x6,0,0.1, 
nouilles jollof chicken golden penny 70g x40,0,15.1, 
nouilles poulet golden penny 70g x40,0,0.1, 
nutribom boite avoine 300g x16,17,0.3, 
nutribom boite banane pomme 300g x16,11,0.8, 
nutribom boite maïs 300g x16,14,0.7, 
nutribom boite miel 300g x16,8,0.9, 
nutribom boite multicereales 300g x16,9,1.1, 
nutribom boite riz 300g x16,17,0.4, 
nutrilac pot 3 fruits 360g x12,7,1.3, 
nutrilac pot banane 360g x12,17,0.4, 
nutrilac pot blé avec lait cereales 400g x12,40,5.4, 
nutrilac pot miel 360g x12,12,0.8, 
nutrilac sachets blé avec lait cereales 50g x100,9,1.1, 
olives vertes entieres 370g x12,0,4.3, 
papier essuie -tout style jumbo x9,0,1.8, 
papier essuie tout lilas jumbo x6,278,23.9, 
papier essuie tout lilas xl x6,263,24.4, 
papier essuie tout lys xl x6,70,6.1, 
papier essuie tout lys xxl maxi 600f - x6,77,5.7, 
papier marabout x100,13,17.5, 
papier toilette lys x12,57,3.6, 
paquet ardoise abc x12,0,11, 
paquet ardoise simple x12,240,5.1, 
paquet batonnet x1,218,62.1, 
paquet batterie royal pm r3 x12,25,7.4, 
paquet blanco pour cahier x12,-2,14, 
paquet boyale x48,194,24.8, 
paquet cadenas 25mm x12,0,4.8, 
paquet caleçon homme x1,0,0.1, 
paquet compas plastique x24,0,8.2, 
paquet confo x12,0,8.6, 
paquet craie blanche lisse x1,21,27.8, 
paquet craie blanche ordinaire x1,500,8.4, 
paquet crayon couleur gm x12,0,2.9, 
paquet crayon couleur moy x12,57,7.8, 
paquet crayon couleur pm x 24,40,12.8, 
paquet crayon noir x12,0,52.2, 
paquet double decimetre x24,0,15.9, 
paquet enveloppe 100f x50,2,4.9, 
paquet enveloppe 15f x50,14,6.3, 
paquet eponge x24,27,4.6, 
paquet equerre x48,15,10.9, 
paquet gomme x30,126,11.1, 
paquet kawass coupe blanc x12,0,7.4, 
paquet kawass coupe noir x12,0,8.9, 
paquet kawass long blanc x12,100,0.1, 
paquet kawass long noir x12,1,12.8, 
paquet masque bleu x 1,0,6.1, 
paquet masque noir x 1,35,3.1, 
paquet mbouss 250g x50,20,0.4, 
paquet mentholatum pm x6,17,7.1, 
paquet muscade sachet x100,18,7.8, 
paquet rapporteur x48,34,8.6, 
paquet rob pm x6,35,3.1, 
paquet scotch italia gm x6,0,6.2, 
paquet scotch khaliss pm x12,0,5.7, 
paquet scotch noir pm x12,24,5.1, 
paquet sous vêtements x10,4,1.5, 
paquet the zeum pm 25g x10,108,92.1, 
parfum life in colors 50ml x6,39,3.9, 
parfum style 75ml x6,81,8.4, 
pastilles valda boite x10,8,57.4, 
pastilles valda sachet x100,0,0.1, 
pates amira macaroni lisse 250g x24,-1,0.1, 
pates amira macaroni lisse 500g x20,-1,0.1, 
pates amira macaroni rayé 500g x12,16,1.4, 
pates amira petite macaroni lisse sac 5kg,0,0.1, 
pates amira spaghetti pm 250g x40,0,0.1, 
pates amira vermicelles gm 500g x12,50,0.1, 
pates amira vermicelles pm 250g x24,-1,0.1, 
pates amira vermicelles sac 5kg,50,6.7, 
pates auntie b spaghetti slim gm 400cfa 400g x20,1467,22.5, 
pates auntie b spaghetti slim gm 400cfa 400g x20,1467,22.5, 
pates auntie b spaghetti slim gm 400cfa 400g x20,1467,22.5, 
pates auntie b spaghetti slim pm 200cfa 200g x40,2729,39.2, 
pates auntie b spaghetti slim pm 200cfa 200g x40,2729,39.2, 
pates auntie b spaghetti slim pm 200cfa 200g x40,2729,39.2, 
pates generique macaroni sac 5kg,0,7.7, 
pates generique vermicelles sac 5kg,0,1.6, 
pates kayna macaroni coquillette 500g x12,45,4, 
pates kayna spaghetti gm 500g x20,0,0.1, 
pates kayna spaghetti pm 250g x40,0,21.1, 
pates kayna vermicelles 500g x12,155,15.2, 
pates kayna vermicelles sac 5kg,153,37.3, 
pates maman spaghetti gm 500g x20,52,3.8, 
pates maman spaghetti pm 250g x40,35,7.8, 
pates pastami macaroni gm 500g x12,25,1.4, 
pates pastami macaroni pm 250g x24,75,4.6, 
pates pastami macaroni sac 5kg,267,19.4, 
pates pastami spaghettis fins gm 500g x20,200,11.1, 
pates pastami spaghettis fins pm 250g x40,0,0.1, 
pates pastami vermicelles gm 500g x12,0,0.1, 
pates pastami vermicelles pm 250g x24,0,0.1, 
pates pastami vermicelles sac 5kg,0,0.1, 
pilote blanc x12,1,3.75, 
pilote noir x12,0,11.4, 
piment liquide diamo 250ml x12,38,3.2, 
piment liquide pika pika 360ml x12,145,7.7, 
piment liquide zafi 340ml x12,0,0.1, 
piment pathial pathial pm 350ml x12,16,14.7, 
piment pika pika bidon 2kg,181,9.6, 
pinton gm 750g x12,0,0.1, 
pinton pm 380g x24,252,42.7, 
pm 7up pet 33cl x12,0,0.1, 
pm 7up zéro sucre pet 33cl x12,5,0.1, 
pm american cola 35cl x12,119,23.2, 
pm black power pet 50cl x12,0,0.1, 
pm boisson ya coco 35cl x12,4556,759.3, 
pm bubble up lemon 35cl x12,254,9.3, 
pm coca cola 30cl x12,75,86.9, 
pm coca cola zero 30cl x12,1,0.1, 
pm energie maca plus  x12,0,0.1, 
pm energie x-men 33cl x12,523,54.9, 
pm energie xxl 33cl x12,417,23.2, 
pm fanta ananas 30cl x12,59,31.9, 
pm fanta fruits rouge 30cl x12,0,0.1, 
pm fanta orange 30cl x12,32,35.9, 
pm gazelle ananas 30cl x12,339,58.5, 
pm gazelle limonade 30cl x12,0,0.1, 
pm gazelle pomme 30cl x12,182,40.3, 
pm gazelle tonic 30cl x12,72,67.7, 
pm jet 7 ananas 35cl x12,569,30.3, 
pm jet 7 cola 35cl x12,758,59.8, 
pm jet 7 energy drink 35cl x12,665,78, 
pm jet 7 fruit rouge 35cl x12,1166,90.6, 
pm jet 7 orange 35cl x12,416,26.9, 
pm jet 7 peche 35cl x12,437,29, 
pm jet 7 pomme 35cl x12,146,10.6, 
pm jet 7 sprite 35cl x12,602,51.1, 
pm juko 100cfa ananas 23cl x24,273,27.7, 
pm juko 100cfa cocktail 23cl x24,302,16.8, 
pm juko 100cfa fruits rouges 23cl x24,0,13.1, 
pm juko 100cfa mangue 23cl x24,187,17.7, 
pm juko 100cfa orange 23cl x24,311,18.4, 
pm juko 100cfa pomme 23cl x24,164,12, 
pm king ananas 33cl x12,157,24.5, 
pm king café 33cl x12,0,0.1, 
pm king cocktail 33cl x12,123,14.1, 
pm king cola 33cl x12,37,16.6, 
pm king fruit rouge 33cl x12,235,32.6, 
pm king mojito 33cl x12,0,0.1, 
pm king orange 33cl x12,203,17.4, 
pm king pomme 33cl x12,74,9.2, 
pm king sprite 33cl x12,166,26.9, 
pm mirinda fruity pet 33cl x12,0,0.1, 
pm mirinda orange pet 33cl x12,0,0.1, 
pm pepsi max pet 33cl x12,1,0.1, 
pm pepsi pet 33cl x12,20,89.5, 
pm planet ananas 35cl x12,321,17.9, 
pm planet orange 35cl x12,168,16.2, 
pm planet pomme 35cl x12,274,22.2, 
pm planet redmix 35cl x12,84,26.5, 
pm planet tropical 35cl x12,175,24.4, 
pm pressea fresh ananas coco 33cl x12,0,152.1, 
pm pressea fresh mangue coco 33cl x12,5,113.9, 
pm pressea fresh tropical 33cl x12,5,0.1, 
pm primo ananas 33cl x12,2,89.7, 
pm primo cola 33cl x12,0,0.1, 
pm primo energy 33cl x12,0,0.1, 
pm primo fruit rouge 33cl x12,223,124.6, 
pm primo orange 33cl x12,146,79.3, 
pm primo pomme 33cl x12,179,72.9, 
pm primo sprite 33cl x12,326,69.1, 
pm punch ananas 33cl x12,0,0.1, 
pm punch ananas coco 33cl x12,0,0.1, 
pm punch cola 33cl x12,0,0.1, 
pm punch fruit rouge 33cl x12,0,0.1, 
pm punch limonade 33cl x12,0,0.1, 
pm punch mangue 33cl x12,0,0.1, 
pm punch orange 33cl x12,0,0.1, 
pm punch pomme 33cl x12,0,0.1, 
pm schweppes agrumes 30cl x12,-25,121.1, 
pm schweppes citron 30cl x12,0,0.1, 
pm sprite 30cl x12,125,59.5, 
pm tampico bouteille citrus 33cl x12,5,199.1, 
pm top ananas 30cl x12,231,49.4, 
pm top orange 30cl x12,344,86.9, 
pm top tropical 30cl x12,0,0.1, 
pm vimto 30cl x12,384,100.1, 
pm world cola 30cl x12,0,0.1, 
pm x-plus 33cl x12,0,0.1, 
pm youzou limonade 30cl x12,0,0.1, 
pommade frotté vitfe pm x6,116,63.7, 
pot gomme x80,0,11.5, 
pot taille crayon x36,0,8.2, 
protege cahier bleu x1,34,8.5, 
protege cahier jaune x1,59,8.4, 
protege cahier marron x1,0,6, 
protege cahier noir x1,3,6.6, 
protege cahier rouge x1,0,9.3, 
protege cahier vert x1,16,8.4, 
puree pomme de terre maman gm 400g x10,91,4, 
puree pomme de terre maman pm 30g x80,451,18.4, 
rallonge 10m x1,0,9.2, 
rallonge 5m x1,0,10.9, 
rasoir fer x12,0,4.9, 
rasoirs lame bic deb double tranchante x100,112,12.5, 
rasoirs lord double 2 x10x9,19,1.4, 
rasoirs racer  double 2 x10x9,8,1.1, 
ressal gum sachet ginger lemon x100,26,9.1, 
ressal gum sachet ice mint x100,100,27.8, 
ressal gum sachet modou gum x100,162,12.1, 
royal puree pm 30g x80,0,0.1, 
sac aliments de betail yafal 40kg,35,1.6, 
sac aliments de betail yafal ladoum 40kg,47,1, 
sac aliments pour betail nma khonte 40kg,74,17, 
sac lait alina petit dej 25kg,-2,14.2, 
sac lait castle dairy ue 25kg,0,0.1, 
sac lait dairy 25kg,84,5.8, 
sac lait entier pura 25kg,0,0.1, 
sac lait karibu 25kg,0,0.1, 
sac lait lactimilk 25kg (fait du lait caillé),34,3.8, 
sac lait mixwell 25kg,0,0.1, 
sac lait mixwell blanc 10kg,0,0.1, 
sac lait simi 10kg  (fait du lait caillé),0,3.8, 
sac lait supercow 25kg,0,0.1, 
sac lait zelande 25kg,89,4.8, 
sac lait zelande gold 25kg,0,7.8, 
sac oignons importe 25kg,312,79.4, 
sac petit pois 20kg,96,8.1, 
sac riz bara bara 25kg,0,35.8, 
sac riz bara bara 50kg,0,19.1, 
sac riz bara bara dona oumou 25kg,0,0.1, 
sac riz bara bara dona oumou 50kg,1,0.1, 
sac riz big joe bara bara gold 25kg,50,37.4, 
sac riz big joe bara bara gold 50kg,287,14.1, 
sac riz big joe non parfumé rouge 50kg,803,222.2, 
sac riz non parfume birman phitimi 50kg,35,48.5, 
sac riz parfumé patron 25kg,967,17.4, 
sac riz parfumé patron 50kg,191,24, 
sac riz parfumé phitimi bleu 25kg,66,24.3, 
sac riz parfumé phitimi bleu 50kg,0,0.1, 
sac riz parfumé sangomar 25kg,0,0.1, 
sac riz phitimi aigle 25kg,813,184.1, 
sac riz phitimi aigle 50kg,772,237.7, 
sac riz supreme 25kg (tyson),627,51, 
sac riz supreme 50kg (tyson),379,17, 
sac riz tiep bi fine brisure valle 20kg,0,1, 
sac riz tiep bi riz brise vallee 20kg,106,1.6, 
sac riz tiep bi riz entier de la vallee 20kg,279,2.6, 
sac riz umbrella 25kg,0,0.1, 
sac riz umbrella 50kg,0,0.1, 
sac riz vallee karolina brisé 25kg,0,6.6, 
sac riz vallee karolina entier (long grain) 25kg,0,14.6, 
sac sucre 50kg css,0,0.1, 
sac sucre 50kg importé,-1,298.8, 
sac sucre 50kg importé css,0,0.1, 
sac tangal menthe fraiche 400g x20,94,10, 
sachet chocolat delia stick 12g x60,216,19.4, 
sachet mayonnaise diamo stick 18ml x25,43,2.7, 
sankhal jeyna 400g x10,0,0.1, 
sankhal maman thiaba 200g x20,290,28.5, 
sauce soja resto 100f 25ml x10,266,61.7, 
sauce soja resto 50f 12ml x10,0,0.1, 
sauce soja resto gm 750ml x12,41,6.4, 
sauce soja resto pm 150ml x12,38,4.1, 
savon bacteril classic 200g x6,455,20.1, 
seau beurre jadida 2.5kg,34,1.2, 
seau beurre jadida 5kg,25,4.6, 
seau bouillon tak tak poudre 5kg,0,0.1, 
seau chocolat chocopain 5kg,876,79.2, 
seau chocolat delia 5kg,162,12.4, 
seau chocolat mon choco 5kg,418,36.8, 
seau huile niani (arachide) dosette x60,5,0.3, 
seau mayonnaise ami 5l,0,0.1, 
seau mayonnaise chef aida 5l,383,28.2, 
seau mayonnaise diamo 5l,245,24.6, 
seau mayonnaise ekla 5l,201,42.3, 
seau mayonnaise jadida 5l,1368,123, 
seau mayonnaise kadi 5l,0,48.2, 
seau mayonnaise maynes 5l,0,0.1, 
seau mayonnaise mis 5l,0,6.4, 
seau moutarde chef aida 2kg,0,0.1, 
seau moutarde chef aida 5kg,0,0.5, 
seau moutarde kadi 5kg,38,4.4, 
seau moutarde reine 5kg,255,27.2, 
serpillère blanc x1,108,57.4, 
serpillère noir x1,58,80.1, 
serviette de table lilas x1,0,57.2, 
serviette de table lilas x18,198,23.4, 
serviettes de table lys x18,175,14.3, 
serviettes hygieniques always maxi long x18,237,15.7, 
serviettes hygieniques perfect maxi night x12,0,17.6, 
serviettes hygieniques perfect maxi normal pocket x12,45,9.6, 
serviettes hygieniques perfect maxi super pocket x12,31,6.8, 
serviettes hygieniques softcare a+ jaune nouveau format x24,0,41, 
serviettes hygieniques softcare a+ rose x24,3,5.9, 
serviettes hygieniques softcare mauve x24,0,6.6, 
stylo bic bleu cristal original x10,516,49.1, 
stylo bic noir cristal original x10,267,15.8, 
stylo bic rouge cristal original x10,196,19.4, 
stylo bic vert cristal original x10,0,0.1, 
stylo long pen  bleu x50,1469,9.3, 
stylo tri grip bleu,301,9.4, 
sucre buchette st louis sachets 4g x125,10,1.1, 
sucre cristal bon appetit gm menthe 180g x30,48,4, 
sucre cristal bon appetit gm vanille 180g x30,111,10.1, 
sucre cristal bon appetit pm vanille 20g x10,335,20.3, 
sucre cristal gourmet vanille pm 20g x100,513,73.8, 
sucre morceaux beghin say 1kg x5,388,26.9, 
sucre morceaux bon appetit (importe) 1kg x5,415,18.4, 
sucre morceaux css 1kg x5,282,49, 
sucre morceaux daddy 1kg x5,1,3.7, 
sucre morceaux roux css 1kg x5,4,2.5, 
sucre morceaux souki 1kg x5,38,5.8, 
sucre morceaux st louis 1kg x5,227,24.2, 
sucre poudre sunu suker css 1kg x5,49,1.3, 
sucre vanille foster clark 6g x24,36,2.4, 
sucre vanille smartchef 20g x100,34,3, 
sunuton 380g x12,0,27.3, 
tablette chewing-gum hollywood x20,3688,216.1, 
tangal freegel bleu x12,69,10.7, 
tangal freegel noir x12,1570,122.4, 
tangal freegel vert x12,114,11.9, 
tangal royal fruits 100pcs,11870,56.4, 
tangal royal fruits 100pcs,11870,56.4, 
tangal royal ginger-fruit 100pcs,10721,17.1, 
tangal royal ginger-fruit 100pcs,10721,17.1, 
tangal royal mint 100pcs,14920,271.5, 
tangal royal mint 100pcs,14920,271.5, 
tangal sucettes rio pop cola 48,195,26.6, 
tangal sucettes rio pop fraise 48,321,43.7, 
tangal sucettes rio pop ice cream 48,187,16.3, 
tangal sucettes rio pop mega x24,193,16, 
tangal sucettes rio pop mix fruit x48,196,30.6, 
tangal super mint x50,32,6.8, 
tasses ataya x12,72,45.3, 
tasses à café + couvercles taille 8 x50,-1,7.8, 
tasses à café taille 2 x50,0,0.1, 
"tasses à café taille 3,5 x50",-1,114.8, 
tasses à café taille 4 x50,0,98.2, 
tasses à café taille 5 x50,458,25.1, 
tasses à café vitfé taille 4 x50,328,20.8, 
the lipton classique x100,0,27.6, 
the nour classique x100,9,7.2, 
thiouraye anti moustique x1,111,6.3, 
tomate concentree dieg bou diar 400g x12,104,10.4, 
tomate concentree dieg bou diar 800g x12,139,8.3, 
tomate concentree dieg bou diar sachet gm 60g x40,719,122.1, 
tomate concentree dieg bou diar sachet pm 30g x80,131,13.8, 
tomate concentree flora 2kg x6,0,0.1, 
tomate concentree linguere 350g x12,88,5.8, 
tomate concentree linguere 700g x12,115,1.9, 
tomate concentree linguere 800g x12,0,0.1, 
tomate concentree linguere sachet gm 60g x40,461,31.4, 
tomate concentree linguere sachet pm 30g x80,250,5.1, 
tomate concentree linguere seau 2kg x6,13,1.3, 
tomate concentree tama 2kg x6,595,59.2, 
tomate concentree tama 350g x12,154,12.8, 
tomate concentree tama 700g x12,0,0.1, 
tomate concentree tama sachet gm 60g x40,0,0.1, 
tomate dieg bou diar metal gm 2kg,0,0.1, 
tomate dieg bou diar plastique gm 2kg x6,-4,14.4, 
tomate dieg bou diar plastique pm 350g x12,215,13.9, 
tomate rouge tomatina 800g x12,1,0.6, 
tomate sauce flora 400g x12,0,0.1, 
tomate sauce flora 800g x12,32,2.6, 
trousseau geometrique gm x1,396,47.9, 
trousseau geometrique pm x1,438,65.3, 
twins cake x24,0,78, 
vinaigre 3 lions gm blanc 1l x12,19,1.1, 
vinaigre adja colore gm 1l x12,2923,43, 
vinaigre adja colore pm 25cl x24,0,0.1, 
vinaigre kadi colore gm 1l x12,80,19.3, 
vinaigre marin'or blanc gm 1l x12,81,6.3, 
vinaigre marin'or blanc pm 25cl x24,13,1.7, 
vinaigre marin'or coloré gm 1l x12,162,11.9, 
vinaigre marin'or coloré pm 25cl x24,134,6.2, 
vinaigre mis colore gm 1l x12,-204,10.6, 
vinaigre mis colore pm 25cl x24,0,11.2, 
vinaigre noor blanc gm 1l x12,6,2.1, 
vinaigre noor blanc pm 250ml x24,0,0.1, 
vinaigre noor rouge gm 1l x12,13,1.9, 
vinaigre noor rouge pm 250ml x24,15,3.4, 
wekhal en grains vitfé 7g x100,0,6.1, 
yewi ananas 450ml x12,207,14.8, 
yewi citron 450ml x12,103,8.7, 
yewi cocktail 450ml x12,153,9.5, 
yewi fruits rouges 450ml x12,300,16.3, 
yewi mangue 450ml x12,187,8.6, 
yewi orange 450ml x12,233,10.1, 
yewi pomme 450ml x12,97,6.1, 
,0,0.1,
,0,0.1,
