product_name,Supplier,total_stock,Max Daily Sales (Pikine),Product Category,Buffer Value,Optimal Stock (Reorder Point),Max Lead Time,Daily OOS Rate (30d),Max Coverage Day,Predicted Stockout,Stock Status,Predicted Order Quantity,Recalculated Average Daily Sales,Credit Days
1/2 carton biscuits chico miko chocolat gm 125g x12,MBD SUARL,12.0,8.0,CX,5.0,8.5,0.0,0.0,120.0,False,Stock OK,0.0,0.9,0
1/2 carton biscuits chico miko fraise gm 125g x12,MBD SUARL,3.0,2.0,CX,5.0,3.5,0.0,0.0,7.5,True,Predicted Stockout Soon,0.0,0.4,0
1/2 carton chocolat delia 1kg x3,SENICO,50.0,8.0,CX,5.0,17.5,16.0,0.0,23.80952380952381,False,Order Soon,0.0,2.7,0
1/2 carton chocolat delia 250g x6,SENICO,43.0,12.0,CX,5.0,25.5,16.0,0.0,11.025641025641026,False,Order Soon,27.39999999999999,4.3999999999999995,0
1/2 carton chocolat delia 500g x6,SENICO,98.0,14.0,CX,5.0,33.5,16.0,0.0,20.416666666666668,False,Order Soon,0.0,4.8,0
1/2 carton huile niani (arachide) 1l x6,Sonacos,5.0,7.0,CX,5.0,11.0,1.86,0.0,3.3333333333333335,True,Predicted Stockout Soon,0.0,2.1,0
1/2 carton lait concentré hollandia 120g x12,MAERKS,0.0,1.13,CX,5.0,1.15,1.86,0.0,-0.004972375690607734,True,Out of Stock,0.37200000000000005,0.2,0
1/2 carton lait concentré sucré cheri mama x12,MBD & Fils,0.0,14.0,CX,5.0,34.0,5.0,0.0,0.0,True,Out of Stock,26.999999999999996,5.3999999999999995,0
1/2 carton lait en poudre lalia gm 400g x5,COSEDI,0.0,8.0,CX,5.0,12.0,14.0,0.0,0.0,True,Out of Stock,33.6,2.4,0
1/2 carton lait en poudre lalia pm 20g x50,COSEDI,27.0,7.0,CX,5.0,16.5,14.0,0.0,10.384615384615385,False,Order Soon,17.800000000000004,3.2,0
1/2 carton lait evaporé laicran pot 170g x12,Ets Meroueh,1.0,5.0,CX,5.0,5.0,1.0,0.0,2.0,True,Predicted Stockout Soon,0.7000000000000002,1.7000000000000002,0
1/2 carton lait mulik banane 500ml x9,MBD & Fils,0.0,13.09,CX,5.0,27.755,5.0,0.0,0.0,True,Out of Stock,1.0,0.2,0
1/2 carton lait mulik chocolat 500ml x9,MBD & Fils,0.0,13.09,CX,5.0,27.755,5.0,0.0,0.0,True,Out of Stock,1.0,0.2,0
1/2 carton lait mulik vanille 500ml x9,MBD & Fils,0.0,13.09,CX,5.0,27.755,5.0,0.0,0.0,True,Out of Stock,1.0,0.2,0
1/2 carton mayonnaise chef aida 225ml x6,SENAME,335.0,3.0,CX,5.0,5.0,8.0,0.0,478.5714285714286,False,Stock OK,0.0,1.0,0
1/2 carton moutarde chef aida 1kg x3,SENAME,6.0,3.46,CX,5.0,5.97,8.0,0.0,14.052945251257533,False,Order Soon,0.0,0.2,0
1/2 carton moutarde chef aida 450ml x3,SENAME,0.0,2.66,CX,5.0,3.605,8.0,0.0,2.4,True,Out of Stock,1.6,0.2,0
1/2 carton nutrilac pot blé avec lait cereales 400g x6,MBD & Fils,53.0,21.0,CX,5.0,39.0,5.0,0.0,9.298245614035089,False,Order Soon,0.0,5.8,0
1/2 carton pates amira macaroni lisse 250g x12,SENICO,0.0,3.49,CX,5.0,6.525,16.0,0.0,0.0,True,Out of Stock,3.2,0.2,0
1/2 carton pates amira macaroni lisse 500g x10,SENICO,1.0,9.0,CX,5.0,15.0,16.0,0.0,0.5555555555555556,True,Predicted Stockout Soon,27.8,1.8,0
1/2 carton pates amira macaroni lisse 500g x6,SENICO,236.0,8.0,CX,5.0,18.5,16.0,0.0,81.37931034482759,False,Stock OK,0.0,3.0,0
1/2 carton pates amira macaroni rayé 500g x6,SENICO,89.0,13.0,CX,5.0,38.5,16.0,0.0,14.354838709677422,False,Order Soon,10.199999999999989,6.199999999999999,0
1/2 carton pates amira spaghetti gm 500g x10,SENICO,90.0,34.0,CX,5.0,112.0,16.0,0.0,4.7368421052631575,True,Predicted Stockout Soon,273.20000000000005,22.700000000000003,0
1/2 carton pates amira spaghetti pm 250g x20,SENICO,399.0,63.0,CX,5.0,191.0,16.0,0.0,12.50783699059561,False,Order Soon,188.20000000000005,36.7,0
1/2 carton pates amira torsades 500g x10,SENICO,0.0,12.0,CX,5.0,24.0,16.0,0.0,0.0,True,Out of Stock,57.6,3.6,0
1/2 carton pates amira torsades 500g x6,SENICO,0.0,14.0,CX,5.0,23.5,16.0,0.0,0.0,True,Out of Stock,52.800000000000004,3.3000000000000003,0
1/2 demi carton adja arome liquide pm 220ml x24,Patisen,0.0,9.55,CX,5.0,24.35,9.0,0.0,0.0,True,Out of Stock,1.8,0.2,0
1/2 demi carton adja epices 12g x360,Patisen,430.0,61.0,CX,5.0,189.0,9.0,0.0,16.47509578544061,False,Order Soon,0.0,26.1,0
1/2 demi carton adja epices 15g x360,Patisen,0.0,9.55,CX,5.0,24.35,9.0,0.0,0.0,True,Out of Stock,1.8,0.2,0
1/2 demi carton adja epices 60g x60,Patisen,319.0,76.0,AZ,10.0,456.00000000000006,9.0,0.0,7.63157894736842,True,Predicted Stockout Soon,90.5,45.5,0
1/2 demi carton adja epices 75g x60,Patisen,0.0,9.55,CX,5.0,24.35,9.0,0.0,0.0,True,Out of Stock,1.8,0.2,0
1/2 demi carton adja super 12g x360,Patisen,210.0,22.0,CX,5.0,74.0,9.0,0.0,18.421052631578945,False,Stock OK,0.0,11.4,0
1/2 demi carton adja super 15g x360,Patisen,0.0,9.55,CX,5.0,24.35,9.0,0.0,0.0,True,Out of Stock,1.8,0.2,0
1/2 demi carton adja super 60g x60,Patisen,224.0,36.0,CZ,5.0,87.0,9.0,0.0,27.654320987654323,False,Stock OK,0.0,8.1,0
1/2 demi carton adja super 75g x60,Patisen,0.0,9.55,CX,5.0,24.35,9.0,0.0,0.0,True,Out of Stock,1.8,0.2,0
1/2 demi carton adja tablette 10g x720,Patisen,0.0,9.55,CX,5.0,24.35,9.0,0.0,0.0,True,Out of Stock,1.8,0.2,0
1/2 demi carton adja tomate 12g x360,Patisen,120.0,31.0,CX,5.0,81.0,9.0,0.0,15.384615384615385,False,Order Soon,0.0,7.8,0
1/2 demi carton adja tomate 15g x360,Patisen,0.0,9.55,CX,5.0,24.35,9.0,0.0,0.0,True,Out of Stock,1.8,0.2,0
1/2 demi carton adja tomate 60g x60,Patisen,148.0,26.0,BZ,8.0,124.2,9.0,0.0,10.647482014388489,False,Order Soon,0.0,15.2,0
1/2 demi carton adja tomate 75g x60,Patisen,0.0,9.55,CX,5.0,24.35,9.0,0.0,0.0,True,Out of Stock,1.8,0.2,0
1/2 demi carton adja tomate sachets 1kg x6,Patisen,0.0,9.55,CX,5.0,24.35,9.0,0.0,0.0,True,Out of Stock,1.8,0.2,0
1/2 demi carton ami tablette 10g x720,Patisen,0.0,9.55,CX,5.0,24.35,9.0,0.0,0.0,True,Out of Stock,1.8,0.2,0
1/2 demi carton amira spaghetti gm 500g x20,SENICO,0.0,3.49,CX,5.0,6.525,16.0,0.0,0.0,True,Out of Stock,3.2,0.2,0
1/2 demi carton amira spaghetti pm 250g x40,SENICO,0.0,3.49,CX,5.0,6.525,16.0,0.0,0.0,True,Out of Stock,3.2,0.2,0
1/2 demi carton batterie duracell moyen aa x10,CSPE,0.0,7.33,CY,5.0,15.945,1.86,0.0,0.0,True,Out of Stock,0.37200000000000005,0.2,0
1/2 demi carton bicarbonate 90g x50,FMCG DISTRIBUTION,163.0,38.0,BX,6.0,149.8,1.86,0.0,10.794701986754967,False,Order Soon,0.0,15.1,0
1/2 demi carton boite mouchoir pour voiture lys x30,SDD SA,0.0,2.51,CX,5.0,3.18,7.0,0.0,0.0,True,Out of Stock,1.4000000000000001,0.2,0
1/2 demi carton bouillon tak tak poudre 15g x25x20,Sonia,0.0,11.93,CX,5.0,22.105,14.0,0.0,0.0,True,Out of Stock,2.8000000000000003,0.2,0
1/2 demi carton cafe teranga 100g x12,ARIMEX,0.0,10.47,CZ,5.0,22.805,8.0,0.0,0.0,True,Out of Stock,1.6,0.2,0
1/2 demi carton cafe teranga 200g x12,ARIMEX,0.0,10.47,CZ,5.0,22.805,8.0,0.0,0.0,True,Out of Stock,1.6,0.2,0
1/2 demi carton cafe teranga 50g x24,ARIMEX,72.0,22.0,BZ,8.0,96.6,8.0,0.0,6.728971962616823,True,Predicted Stockout Soon,40.8,14.1,0
1/2 demi carton doli arome liquide pm 220ml x24,Patisen,0.0,9.55,CX,5.0,24.35,9.0,0.0,0.0,True,Out of Stock,1.8,0.2,0
1/2 demi carton doli arome tablette 10g x720,Patisen,0.0,9.55,CX,5.0,24.35,9.0,0.0,0.0,True,Out of Stock,1.8,0.2,0
1/2 demi carton doli crevettes 60g x60,Patisen,0.0,9.55,CX,5.0,24.35,9.0,0.0,0.0,True,Out of Stock,1.8,0.2,0
1/2 demi carton doli epices tablette 10g x720,Patisen,0.0,9.55,CX,5.0,24.35,9.0,0.0,0.0,True,Out of Stock,1.8,0.2,0
1/2 demi carton doli poulet 60g x60,Patisen,0.0,9.55,CX,5.0,24.35,9.0,0.0,0.0,True,Out of Stock,1.8,0.2,0
1/2 demi carton fromage laicran 24 portions,ETS MEROUEH,0.0,1.37,CX,5.0,1.475,1.86,0.0,0.0,True,Out of Stock,0.37200000000000005,0.2,0
1/2 demi carton fromage laicran 8 portions,ETS MEROUEH,0.0,1.37,CX,5.0,1.475,1.86,0.0,0.0,True,Out of Stock,0.37200000000000005,0.2,0
1/2 demi carton fromage vache qui rit 24 portions x12,Saprolait,218.0,69.0,BX,6.0,203.70000000000002,4.0,0.0,8.19548872180451,False,Order Soon,0.0,26.6,0
1/2 demi carton fromage vache qui rit 8 portions x36,Saprolait,160.0,33.0,BX,6.0,112.5,4.0,0.0,10.0,False,Order Soon,0.0,16.5,0
1/2 demi carton huile jadida soja 1l x12,SENICO,0.0,3.49,CX,5.0,6.525,16.0,0.0,0.0,True,Out of Stock,3.2,0.2,0
1/2 demi carton huile jadida soja 250ml x24,SENICO,0.0,3.49,CX,5.0,6.525,16.0,0.0,0.0,True,Out of Stock,3.2,0.2,0
1/2 demi carton huile kadi tournesol 1l x12,SENICO,0.0,3.49,CX,5.0,6.525,16.0,0.0,0.0,True,Out of Stock,3.2,0.2,0
1/2 demi carton joker epices 12g x240,Patisen,110.0,16.0,BZ,8.0,64.8,9.0,0.0,17.1875,False,Order Soon,0.0,6.3999999999999995,0
1/2 demi carton joker epices 60g x60,Patisen,135.0,18.0,CZ,5.0,44.5,9.0,0.0,21.7741935483871,False,Stock OK,0.0,6.199999999999999,0
1/2 demi carton joker piment 12g x240,Patisen,0.0,10.33,CZ,5.0,27.63,9.0,0.0,0.0,True,Out of Stock,1.8,0.2,0
1/2 demi carton joker piment 60g x60,Patisen,0.0,10.33,CZ,5.0,27.63,9.0,0.0,0.0,True,Out of Stock,1.8,0.2,0
1/2 demi carton joker super 12g x240,Patisen,254.0,55.0,BZ,8.0,248.3,9.0,0.0,9.202898550724637,False,Order Soon,46.599999999999966,33.4,0
1/2 demi carton joker super 60g x60,Patisen,243.0,60.0,CZ,5.0,168.5,9.0,0.0,9.0,False,Order Soon,0.0,27.0,0
1/2 demi carton joker tablette 10g x720,Patisen,0.0,9.55,CX,5.0,24.35,9.0,0.0,0.0,True,Out of Stock,1.8,0.2,0
1/2 demi carton joker tomate 12g x240,Patisen,88.0,31.0,CZ,5.0,88.5,9.0,0.0,7.394957983193277,True,Predicted Stockout Soon,19.10000000000001,11.9,0
1/2 demi carton joker tomate 60g x60,Patisen,53.0,13.0,CZ,5.0,40.5,9.0,0.0,7.794117647058823,False,Order Soon,10.899999999999999,7.1,0
1/2 demi carton jumbo arome cube x12x24,GB FOODS,1.0,9.0,CY,5.0,24.5,1.86,0.0,0.25,True,Predicted Stockout Soon,6.44,4.0,0
1/2 demi carton jumbo cube x12x24,GB FOODS,6.0,14.0,BX,6.0,34.599999999999994,1.86,0.0,1.3043478260869565,True,Predicted Stockout Soon,7.3919999999999995,7.199999999999999,0
1/2 demi carton kadi epices 10g x360,SENICO,0.0,3.49,CX,5.0,6.525,16.0,0.0,0.0,True,Out of Stock,3.2,0.2,0
1/2 demi carton kadi epices 12g x360,SENICO,25.0,5.0,BZ,8.0,12.9,16.0,0.0,27.77777777777778,False,Order Soon,0.0,0.9,0
1/2 demi carton kadi epices 60g x60,SENICO,192.0,42.0,AZ,10.0,238.00000000000003,16.0,0.0,8.847926267281105,True,Predicted Stockout Soon,195.20000000000005,24.200000000000003,0
1/2 demi carton kadi tablette 10g x720,SENICO,0.0,3.49,CX,5.0,6.525,16.0,0.0,0.0,True,Out of Stock,3.2,0.2,0
1/2 demi carton lait bridel fer gm 50cl x24,SOFIEX,0.0,5.55,CX,5.0,10.225,2.0,0.0,0.0,True,Out of Stock,0.4,0.2,0
1/2 demi carton lait bridel gm 50cl x12,SOFIEX,228.0,84.0,CX,5.0,225.0,2.0,0.0,6.229508196721311,False,Order Soon,0.0,40.800000000000004,0
1/2 demi carton lait bridel pm 25cl x12,SOFIEX,135.0,29.0,CX,5.0,89.0,2.0,0.0,9.060402684563758,False,Stock OK,0.0,16.5,0
1/2 demi carton lait concentre gloria pot gm 370g x24,Sedipal,-1.0,17.0,BX,6.0,37.3,2.0,0.0,-0.20833333333333334,True,Out of Stock,10.6,4.8,0
1/2 demi carton lait concentré sucré nour1kg x12,DAP,0.0,11.0,CX,5.0,22.0,6.0,0.0,0.0,True,Out of Stock,19.8,3.3000000000000003,0
1/2 demi carton lait de corps mixa nutrition 250ml x6,CSPE,0.0,1.4,CX,5.0,1.54,1.86,0.0,0.0,True,Out of Stock,0.37200000000000005,0.2,0
1/2 demi carton lait en poudre halib gm 400g x5,SENICO,39.0,15.0,CX,5.0,45.0,16.0,0.0,5.270270270270271,True,Predicted Stockout Soon,79.39999999999999,7.3999999999999995,0
1/2 demi carton lait en poudre laclait gm 400g x5,SENICO,102.0,24.0,CX,5.0,35.5,16.0,0.0,21.702127659574472,False,Order Soon,0.0,5.3999999999999995,0
1/2 demi carton lait en poudre nour animal gm 350g x5,DAP,59.0,1.0,CX,5.0,1.15,6.0,0.0,590.0,False,Stock OK,0.0,0.1,0
1/2 demi carton lait en poudre nour végétal gm 400g x5,DAP,64.0,4.0,CX,5.0,7.0,6.0,0.0,91.42857142857143,False,Stock OK,0.0,0.7,0
1/2 demi carton lait evaporé gloria pm 150g x48,Sedipal,0.0,6.88,CX,5.0,12.565,2.0,0.0,0.0,True,Out of Stock,0.4,0.2,0
1/2 demi carton lait sucré goodlait 1kg x12,GOODLAIT,0.0,35.22,BZ,8.0,139.76699999999997,1.86,0.0,0.0,True,Out of Stock,0.37200000000000005,0.2,0
1/2 demi carton lait sucré hollanda 1kg x24,Abasse Distribution,0.0,1.4,CX,5.0,1.54,1.86,0.0,0.0,True,Out of Stock,0.37200000000000005,0.2,0
1/2 demi carton lait sucré sala 1kg x12,Borodji Distribution,0.0,6.57,CX,5.0,13.47,4.0,0.0,0.0,True,Out of Stock,0.8,0.2,0
1/2 demi carton maggi arome liquide gm 250ml x12,Sedipal,0.0,6.88,CX,5.0,12.565,2.0,0.0,0.0,True,Out of Stock,0.4,0.2,0
1/2 demi carton maggi arome liquide pm 138ml x14,Sedipal,66.0,18.0,BY,6.0,43.199999999999996,2.0,0.0,11.578947368421055,False,Stock OK,0.0,6.6,0
1/2 demi carton mameum epices maggi sticks 15g,Sedipal,310.0,39.0,AZ,10.0,207.5,2.0,0.0,23.134328358208954,False,Stock OK,0.0,18.8,0
1/2 demi carton mameum tomates maggi sticks 15g,Sedipal,0.0,6.88,CX,5.0,12.565,2.0,0.0,0.0,True,Out of Stock,0.4,0.2,0
1/2 demi carton mouchoir lotus 100f x20,SDD SA,362.0,25.0,BX,6.0,87.5,7.0,0.0,28.96,False,Stock OK,0.0,15.799999999999999,0
1/2 demi carton mouchoir smiley 100f x15x5,ARIMEX,440.0,20.0,CX,5.0,55.0,8.0,0.0,48.888888888888886,False,Stock OK,0.0,11.5,0
1/2 demi carton mouchoir à poche vitfé 100f x12,VITFE,0.0,10.5,CX,5.0,13.165,1.86,0.0,0.0,True,Out of Stock,0.37200000000000005,0.2,0
1/2 demi carton moutarde extra forte 25g x12x20,Sonia,4.0,29.0,CY,5.0,55.5,14.0,0.0,0.5194805194805195,True,Predicted Stockout Soon,103.79999999999998,7.699999999999999,0
1/2 demi carton multicafé pot 100g x12,Multicafé,0.0,45.48,CX,5.0,86.29,5.0,0.0,0.0,True,Out of Stock,1.0,0.2,0
1/2 demi carton multicafé pot 200g x6,Multicafé,0.0,45.48,CX,5.0,86.29,5.0,0.0,0.0,True,Out of Stock,1.0,0.2,0
1/2 demi carton multicafé pot 50g x24,Multicafé,0.0,45.48,CX,5.0,86.29,5.0,0.0,0.0,True,Out of Stock,1.0,0.2,0
1/2 demi carton nescafé pot 100g x12,Sedipal,0.0,12.0,CX,5.0,30.0,2.0,0.0,0.0,True,Out of Stock,11.0,5.5,0
1/2 demi carton nescafé pot 200g x6,Sedipal,0.0,8.0,CX,5.0,20.0,2.0,0.0,0.0,True,Out of Stock,8.6,4.3,0
1/2 demi carton nescafé pot 50g x24,Sedipal,0.0,12.0,CX,5.0,30.0,2.0,0.0,0.0,True,Out of Stock,14.0,7.0,0
1/2 demi carton oro insecticide gm pompe double action 750ml x12,SNAD,99.0,11.0,CX,5.0,30.5,1.0,0.0,19.8,False,Stock OK,0.0,6.699999999999999,0
1/2 demi carton oro insecticide pm pompe double action 300ml x12,SNAD,227.0,36.0,CX,5.0,94.0,1.0,0.0,14.93421052631579,False,Stock OK,0.0,22.1,0
1/2 demi carton papier mouchoir de poche lucart x12,Yobale Senegal SUARL,0.0,1.4,CX,5.0,1.54,1.86,0.0,0.0,True,Out of Stock,0.37200000000000005,0.2,0
1/2 demi carton pates amira vermicelles gm 500g x6,SENICO,30.0,5.0,CX,5.0,11.0,16.0,0.0,17.64705882352941,False,Order Soon,0.0,1.7000000000000002,0
1/2 demi carton pates amira vermicelles pm 250g x12,SENICO,51.0,6.0,CX,5.0,11.0,16.0,0.0,255.0,False,Stock OK,0.0,0.2,0
1/2 demi carton sardines 125g x25,CMGA,0.0,46.0,BY,6.0,143.60000000000002,9.0,0.0,0.0,True,Out of Stock,180.9,20.1,0
1/2 demi carton sardines beaux rivages 125g x25,EZAL TRADING,0.0,1.4,CX,5.0,1.54,1.86,0.0,0.0,True,Out of Stock,0.37200000000000005,0.2,0
1/2 demi carton sauce soralé epices pm 12ml x240,Patisen,0.0,9.55,CX,5.0,24.35,9.0,0.0,0.0,True,Out of Stock,1.8,0.2,0
1/2 demi carton sel raffine selbe 250g x50,Seldafrique,94.0,77.0,CX,5.0,96.5,7.0,0.0,8.10344827586207,True,Predicted Stockout Soon,8.899999999999991,14.7,0
1/2 demi carton sticks reine 15g x150,Sosagrin,0.0,1.4,CX,5.0,1.54,1.86,0.0,0.0,True,Out of Stock,0.37200000000000005,0.2,0
1/2 demi carton sticks reine 25g x150,Sosagrin,0.0,1.4,CX,5.0,1.54,1.86,0.0,0.0,True,Out of Stock,0.37200000000000005,0.2,0
1/2 demi carton tablette maggi arome x24,Sedipal,123.0,19.0,BX,6.0,61.099999999999994,2.0,0.0,15.974025974025976,False,Stock OK,0.0,8.6,0
1/2 demi carton tablette maggi x24,Sedipal,275.0,53.0,AX,8.0,282.5,2.0,0.0,8.59375,True,Predicted Stockout Soon,0.0,35.5,0
1/2 demi carton the flecha noir gm 250g x40,SENICO,-1.0,4.92,CX,5.0,12.2,16.0,0.0,-0.10766229740715628,True,Out of Stock,4.2,0.2,0
1/2 demi carton the flecha noir pm 25g x100,SENICO,32.0,14.0,BX,6.0,43.0,16.0,0.0,7.272727272727273,True,Predicted Stockout Soon,38.39999999999999,4.3999999999999995,0
1/2 demi carton the flecha vert gm 200g x50,SENICO,46.0,12.0,CX,5.0,25.5,16.0,0.0,11.794871794871796,False,Order Soon,35.599999999999994,5.1,0
1/2 demi carton the flecha vert jaune pm x100,SENICO,0.0,3.49,CX,5.0,6.525,16.0,0.0,0.0,True,Out of Stock,3.2,0.2,0
1/2 demi carton the flecha vert pm 25g x100,SENICO,481.0,149.0,AY,8.0,778.5,16.0,0.0,5.465909090909091,True,Predicted Stockout Soon,1205.3999999999999,105.39999999999999,0
1/2 demi carton the gazelle 25g x100x50,CCSN (Grocery),0.0,1.4,CX,5.0,1.54,1.86,0.0,0.0,True,Out of Stock,0.37200000000000005,0.2,0
1/2 demi carton the koutam moyen 100g x50,SOCADIS,0.0,1.4,CX,5.0,1.54,1.86,0.0,0.0,True,Out of Stock,0.37200000000000005,0.2,0
1/2 demi carton the koutam pm 25g x100,SOCADIS,88.0,81.0,CX,5.0,81.0,1.86,0.0,80.0,False,Stock OK,0.0,1.1,0
1/2 demi carton the la force vert pm 25g x100,SENICO,0.0,3.49,CX,5.0,6.525,16.0,0.0,0.0,True,Out of Stock,3.2,0.2,0
1/2 demi carton the majesté 25g x100,FKS,0.0,18.74,CX,5.0,29.415,8.0,0.0,0.0,True,Out of Stock,1.6,0.2,0
1/2 demi carton the vert bara musso x100,Bara Muso,0.0,5.29,CX,5.0,9.305,2.0,0.0,0.0,True,Out of Stock,0.4,0.2,0
1/2 demi carton the vert elhadj 25g x10 x20,Patisen,0.0,9.55,CX,5.0,24.35,9.0,0.0,0.0,True,Out of Stock,1.8,0.2,0
1/2 demi carton thon miettes huiles 160g x48,Condak (Pinthon),0.0,4.68,CX,5.0,6.671,9.0,0.0,0.0,True,Out of Stock,1.8,0.2,0
1/2 demi carton vinaigre kadi colore gm 1l x6,SENICO,0.0,3.49,CX,5.0,6.525,16.0,0.0,0.0,True,Out of Stock,3.2,0.2,0
1/2 demi carton vinaigre kadi colore pm 25cl x12,SENICO,0.0,3.49,CX,5.0,6.525,16.0,0.0,0.0,True,Out of Stock,3.2,0.2,0
1/2 demi carton vitfe pompe insecticide x12,VITFE,204.0,36.0,BX,6.0,86.4,1.86,0.0,17.894736842105264,False,Stock OK,0.0,22.0,0
1/2 demi carton yotox insecticide 1l x24,SENEGALAP,0.0,1.4,CX,5.0,1.54,1.86,0.0,0.0,True,Out of Stock,0.37200000000000005,0.2,0
1/2 demi carton yotox insecticide jaune 520ml x24,SENEGALAP,0.0,1.4,CX,5.0,1.54,1.86,0.0,0.0,True,Out of Stock,0.37200000000000005,0.2,0
1/2 demi carton yotox insecticide pm 400ml x12,SENEGALAP,198.0,26.0,BY,6.0,87.4,1.86,0.0,15.96774193548387,False,Stock OK,0.0,16.5,0
1/2 demi lait countre banane 0.5l x20,Finamark,0.0,5.51,CX,5.0,7.565,8.0,0.0,0.0,True,Out of Stock,1.6,0.2,0
1/2 demi lait countre fraise 0.5l x20,Finamark,0.0,5.51,CX,5.0,7.565,8.0,0.0,0.0,True,Out of Stock,1.6,0.2,0
1/2 demi lait countre vanille 0.5l x20,Finamark,0.0,5.51,CX,5.0,7.565,8.0,0.0,0.0,True,Out of Stock,1.6,0.2,0
1/2 demi lait gloria liquide sachet 29g x180,Sedipal,0.0,6.88,CX,5.0,12.565,2.0,0.0,0.0,True,Out of Stock,0.4,0.2,0
1/2 galette de riz divino 450g x20(t18),FMCG DISTRIBUTION,0.0,2.04,CX,5.0,5.985,1.86,0.0,0.09428571428571429,True,Out of Stock,0.37200000000000005,0.2,0
1/2 lait - bonnet rouge pot gm 390g x12,DAP,0.0,6.25,CX,5.0,17.435,6.0,0.0,0.0,True,Out of Stock,1.2000000000000002,0.2,0
1/2 lait de corps nivea hydratation x6,CSPE,0.0,1.4,CX,5.0,1.54,1.86,0.0,0.0,True,Out of Stock,0.37200000000000005,0.2,0
1/2 mayonnaise chef aida 1l x3,SENAME,0.0,2.66,CX,5.0,3.605,8.0,0.0,2.4,True,Out of Stock,1.6,0.2,0
1/2 mayonnaise chef aida 450ml x6,SENAME,0.0,2.66,CX,5.0,3.605,8.0,0.0,2.4,True,Out of Stock,1.6,0.2,0
1/2 moutarde chef aida 225ml x6,SENAME,14.0,2.0,CX,5.0,4.0,8.0,0.0,23.333333333333336,False,Stock OK,0.0,0.7999999999999999,0
1/2 sachet sucre poudre css sunu suker 250g x20,CSS,0.0,3.0,CX,5.0,5.0,6.0,0.0,0.0,True,Out of Stock,4.199999999999999,0.7,0
1/2 sachet sucre poudre souki 250g x20,CSS,10.0,3.0,CX,5.0,6.0,6.0,0.0,11.11111111111111,False,Order Soon,0.0,1.2000000000000002,0
1/4 rasoirs bic x5 sachet x10,SOCOMAF,70.0,36.0,BX,6.0,118.20000000000002,1.86,0.0,4.191616766467065,True,Predicted Stockout Soon,0.0,19.200000000000003,0
1/4 rasoirs laser platinum double 2 x10,CMGA,53.0,15.0,CX,5.0,36.5,9.0,0.0,9.13793103448276,False,Order Soon,1.0,6.0,0
accent kit ecouteur,ACCENT,0.0,1.4,CX,5.0,1.54,1.86,0.0,0.0,True,Out of Stock,0.37200000000000005,0.2,0
affiches lalia,COSEDI,141.0,22.73,CX,5.0,66.473,14.0,0.0,558.6556372450028,False,Order Soon,0.0,0.2,0
ail carton 10kg,CCM,122.0,81.0,AX,8.0,338.90000000000003,1.0,0.0,3.270777479892761,True,Predicted Stockout Soon,0.0,45.7,0
aline gros sel 500g x25,EGNAB,0.0,1.4,CX,5.0,1.54,1.86,0.0,0.0,True,Out of Stock,0.37200000000000005,0.2,0
aline sel fin 500g x25,EGNAB,0.0,1.4,CX,5.0,1.54,1.86,0.0,0.0,True,Out of Stock,0.37200000000000005,0.2,0
allumettes baobab pm x100,ARIMEX,428.0,33.0,CX,5.0,67.5,8.0,0.0,41.96078431372549,False,Stock OK,0.0,15.5,0
allumettes palm tree moyen 3 x12,LSB,268.0,12.0,CY,5.0,12.0,1.0,0.0,2680.0,False,Stock OK,0.0,0.1,0
allumettes palm tree pm x100,LSB,492.0,74.0,BZ,8.0,334.6,1.0,0.0,13.225806451612902,False,Stock OK,0.0,41.1,0
arachide trié 1kg,Solsen,0.0,1.4,CX,5.0,1.54,1.86,0.0,0.0,True,Out of Stock,0.37200000000000005,0.2,0
arachide trié 2kg,Solsen,0.0,1.4,CX,5.0,1.54,1.86,0.0,0.0,True,Out of Stock,0.37200000000000005,0.2,0
araw jeyna 400g x10,STA,0.0,1.0,CX,5.0,1.0,1.86,0.0,0.0,True,Out of Stock,0.18600000000000003,0.1,0
arome chapelet jumbo liquide sachets pm x20,GB FOODS,0.0,191.0,BY,6.0,576.6999999999999,1.86,0.0,0.0,True,Out of Stock,149.172,80.19999999999999,0
arome sauce  soralé pm 340ml x12,Patisen,43.0,7.0,CZ,5.0,16.0,9.0,0.0,23.88888888888889,False,Stock OK,0.0,1.8,0
arome sauce soralé gm 880ml x6,Patisen,0.0,9.55,CX,5.0,24.35,9.0,0.0,0.0,True,Out of Stock,1.8,0.2,0
babylac pot blé et lait cereales 300g x12,SIAD,0.0,5.49,CX,5.0,10.57,1.0,0.0,0.0,True,Out of Stock,0.2,0.2,0
babylac pot blé et miel cereales 300g x12,SIAD,0.0,5.49,CX,5.0,10.57,1.0,0.0,0.0,True,Out of Stock,0.2,0.2,0
"babylac pot cereales, fruits et lait 300g x12",SIAD,0.0,5.49,CX,5.0,10.57,1.0,0.0,0.0,True,Out of Stock,0.2,0.2,0
babylac pot céréales et lait 300g x12,SIAD,0.0,5.49,CX,5.0,10.57,1.0,0.0,0.0,True,Out of Stock,0.2,0.2,0
balai abc x1,Borodji Distribution,0.0,6.57,CX,5.0,13.47,4.0,0.0,0.0,True,Out of Stock,0.8,0.2,0
balai x1,Borodji Distribution,170.0,74.0,CX,5.0,175.5,4.0,0.0,6.137184115523465,True,Predicted Stockout Soon,0.0,33.1,0
balle dalle adidas x1,Borodji Distribution,0.0,6.57,CX,5.0,13.47,4.0,0.0,0.0,True,Out of Stock,0.8,0.2,0
balle dalle thiarakh marron x6,Borodji Distribution,137.0,25.0,CX,5.0,70.0,4.0,0.0,22.459016393442624,False,Stock OK,0.0,6.1,0
balle dalle thiarakh x6,Borodji Distribution,232.0,41.0,CX,5.0,102.0,4.0,0.0,26.976744186046513,False,Stock OK,0.0,8.6,0
balle journal 15kg x1,Borodji Distribution,107.0,53.0,CX,5.0,138.0,4.0,0.0,4.819819819819819,True,Predicted Stockout Soon,0.0,22.200000000000003,0
balle plastique x6,Borodji Distribution,131.0,21.0,CX,5.0,57.5,4.0,0.0,13.936170212765957,False,Stock OK,0.0,11.1,0
balle tango x5,Borodji Distribution,0.0,6.57,CX,5.0,13.47,4.0,0.0,0.0,True,Out of Stock,0.8,0.2,0
balle tangsi x12,Borodji Distribution,44.0,16.0,CX,5.0,45.0,4.0,0.0,5.9459459459459465,True,Predicted Stockout Soon,0.0,8.7,0
bama mayonnaise stick 17ml x100,GB FOODS,0.0,1.51,CX,5.0,9.396999999999998,1.86,0.0,0.0,True,Out of Stock,0.37200000000000005,0.2,0
barbecue linguere 220g x24,AGROLINE,0.0,4.72,CX,5.0,8.795,2.0,0.0,0.0,True,Out of Stock,0.4,0.2,0
barquette aluminium 1kg x125,Borodji Distribution,101.0,25.0,CX,5.0,51.5,4.0,0.0,12.948717948717949,False,Stock OK,0.0,9.0,0
barquette aluminium pm (sauce) x125,Shivam General Trading,0.0,1.4,CX,5.0,1.54,1.86,0.0,0.0,True,Out of Stock,0.37200000000000005,0.2,0
barquette lakh plastique x50,Borodji Distribution,0.0,6.57,CX,5.0,13.47,4.0,0.0,0.0,True,Out of Stock,0.8,0.2,0
batterie kk dido x12,Borodji Distribution,85.0,19.0,CX,5.0,42.0,4.0,0.0,13.076923076923077,False,Stock OK,0.0,6.8,0
bec à gaz original,Borodji Distribution,354.0,61.0,CX,5.0,180.5,4.0,0.0,11.8,False,Stock OK,0.0,37.1,0
bec à gaz rouge original,Borodji Distribution,23.0,12.0,CX,5.0,18.5,4.0,0.0,9.2,False,Order Soon,0.0,4.3999999999999995,0
beignets crevettes blanc 175g,CMGA,0.0,5.84,CX,5.0,6.107,9.0,0.0,0.0,True,Out of Stock,1.8,0.2,0
beignets crevettes prima multi colores 170g x1,ARIMEX,489.0,373.0,CX,5.0,1063.5,8.0,0.0,2.7879133409350056,True,Predicted Stockout Soon,1114.2,200.4,0
beignets crevettes rouge 175g,CMGA,0.0,5.84,CX,5.0,6.107,9.0,0.0,0.0,True,Out of Stock,1.8,0.2,0
beurre adja 1kg x6,Patisen,0.0,9.55,CX,5.0,24.35,9.0,0.0,0.0,True,Out of Stock,1.8,0.2,0
beurre adja 500g x12,Patisen,0.0,9.55,CX,5.0,24.35,9.0,0.0,0.0,True,Out of Stock,1.8,0.2,0
beurre jadida 1kg x6,SENICO,104.0,6.0,CX,5.0,19.0,16.0,0.0,41.6,False,Stock OK,0.0,3.2,0
beurre jadida 500g x12,SENICO,145.0,33.0,AY,8.0,150.9,16.0,0.0,8.630952380952381,True,Predicted Stockout Soon,149.40000000000003,18.400000000000002,0
beurre kadi 1kg x6,SENICO,0.0,5.0,CX,5.0,11.0,16.0,0.0,0.0,True,Out of Stock,27.200000000000003,1.7000000000000002,0
beurre kadi 500g x12,SENICO,30.0,4.0,CX,5.0,8.5,16.0,0.0,23.076923076923077,False,Order Soon,0.0,1.6,0
beurre sofia 1kg x3,SOFIEX,0.0,5.55,CX,5.0,10.225,2.0,0.0,0.0,True,Out of Stock,0.4,0.2,0
beurre sofia 500g x12,SOFIEX,0.0,5.55,CX,5.0,10.225,2.0,0.0,0.0,True,Out of Stock,0.4,0.2,0
beurre sofia sachets 20g x100,SOFIEX,151.0,68.0,BY,6.0,199.0,2.0,0.0,5.490909090909091,True,Predicted Stockout Soon,0.0,30.1,0
bic feutre vitfé x13,VITFE,57.0,30.0,CX,5.0,73.0,1.86,0.0,5.135135135135135,True,Predicted Stockout Soon,0.0,11.1,0
bic feutre x12,Borodji Distribution,133.0,19.0,CX,5.0,43.0,4.0,0.0,20.78125,False,Stock OK,0.0,6.3999999999999995,0
bic marqueur x10,Borodji Distribution,39.0,4.0,CX,5.0,11.5,4.0,0.0,20.52631578947368,False,Stock OK,0.0,2.7,0
biscuits a break cacao 37g x24,FKS,61.0,20.0,CY,5.0,48.5,8.0,0.0,7.922077922077923,False,Order Soon,16.599999999999994,9.7,0
biscuits a break plain 37g x24,FKS,40.0,11.0,CY,5.0,26.0,8.0,0.0,14.814814814814813,False,Order Soon,0.0,2.7,0
biscuits baba x50,Sogepal,2674.0,316.0,BY,6.0,932.5999999999999,8.0,0.0,20.712625871417508,False,Stock OK,0.0,171.1,0
biscuits be -breton 48g x30,Prodim,14.0,6.0,CX,5.0,10.5,7.0,0.0,12.727272727272727,False,Order Soon,0.0,1.1,0
biscuits be -cooky 68g x24,Prodim,1.0,19.0,CX,5.0,36.5,7.0,0.0,0.1851851851851852,True,Predicted Stockout Soon,48.699999999999996,7.1,0
biscuits be -fun choco 60g x30,Prodim,7.0,5.0,CX,5.0,10.0,7.0,0.0,4.666666666666667,True,Predicted Stockout Soon,7.0,2.0,0
biscuits be -top 52g x30,Prodim,15.0,4.0,CX,5.0,9.0,7.0,0.0,10.714285714285714,False,Order Soon,0.0,1.5,0
biscuits begue beurre x50,CONFISEN,0.0,1.4,CX,5.0,1.54,1.86,0.0,0.0,True,Out of Stock,0.37200000000000005,0.2,0
biscuits bisko chocolat sachets x50,Sogepal,75.0,83.0,CY,5.0,251.0,8.0,0.0,1.7899761336515514,True,Predicted Stockout Soon,341.8,52.1,0
biscuits bisko fourio chocolat 40g x48,Sogepal,71.0,7.0,CX,5.0,14.0,8.0,0.0,78.88888888888889,False,Stock OK,0.0,0.9,0
biscuits bisko fourio vanille 40g x48,Sogepal,13.0,9.0,CX,5.0,17.5,8.0,0.0,16.25,True,Predicted Stockout Soon,7.800000000000001,2.6,0
biscuits bisko gm sakane 100f x50,Sogepal,0.0,7.58,CX,5.0,14.715,8.0,0.0,0.0,True,Out of Stock,1.6,0.2,0
biscuits bisko l'original pm sachets x50,Sogepal,-2.0,890.0,AX,8.0,4074.6000000000004,8.0,0.0,-0.0031655587211142765,True,Out of Stock,5056.400000000001,631.8000000000001,0
biscuits bisko mini salé fromage x24,Sogepal,0.0,7.58,CX,5.0,14.715,8.0,0.0,0.0,True,Out of Stock,1.6,0.2,0
biscuits bisko mini salé nature x24,Sogepal,0.0,7.58,CX,5.0,14.715,8.0,0.0,0.0,True,Out of Stock,1.6,0.2,0
biscuits biskrem gm 100g x12,ARIMEX,0.0,7.09,CX,5.0,17.065,8.0,0.0,0.0,True,Out of Stock,1.6,0.2,0
biscuits biskrem pm 40g x24,AIMEX,0.0,28.58,BX,6.0,81.35800000000003,1.86,0.0,0.0,True,Out of Stock,0.37200000000000005,0.2,0
biscuits bissrol mozaik 45g x24,AIMEX,0.0,1.4,CX,5.0,1.54,1.86,0.0,0.0,True,Out of Stock,0.37200000000000005,0.2,0
biscuits bissrol mozaik nouveau 45g x24,AIMEX,0.0,1.4,CX,5.0,1.54,1.86,0.0,0.0,True,Out of Stock,0.37200000000000005,0.2,0
biscuits boom abc x24,ARIMEX,0.0,7.09,CX,5.0,17.065,8.0,0.0,0.0,True,Out of Stock,1.6,0.2,0
biscuits boom banane x24,ARIMEX,0.0,7.09,CX,5.0,17.065,8.0,0.0,0.0,True,Out of Stock,1.6,0.2,0
biscuits boom choco x24,ARIMEX,810.0,97.0,BZ,8.0,440.5,8.0,0.0,16.53061224489796,False,Order Soon,0.0,61.7,0
biscuits boom fraise x24,ARIMEX,0.0,7.09,CX,5.0,17.065,8.0,0.0,0.0,True,Out of Stock,1.6,0.2,0
biscuits boom vanille x24,ARIMEX,366.0,47.0,CZ,5.0,151.0,8.0,0.0,14.352941176470589,False,Order Soon,0.0,27.0,0
biscuits browni x24,AIMEX,0.0,1.4,CX,5.0,1.54,1.86,0.0,0.0,True,Out of Stock,0.37200000000000005,0.2,0
biscuits carnaval gm banane 40g x24,FKS,0.0,12.0,CX,5.0,24.0,8.0,0.0,0.0,True,Out of Stock,30.400000000000002,3.8000000000000003,0
biscuits carnaval gm cacao 40g x24,FKS,-1.0,32.0,CX,5.0,75.0,8.0,0.0,-0.06756756756756757,True,Out of Stock,119.39999999999999,14.799999999999999,0
biscuits carnaval gm fraise 40g x24,FKS,3.0,20.0,CY,5.0,35.5,8.0,0.0,0.6666666666666666,True,Predicted Stockout Soon,33.0,4.5,0
biscuits carnaval gm vanille 40g x24,FKS,80.0,21.0,CX,5.0,56.0,8.0,0.0,8.791208791208792,False,Order Soon,0.0,10.0,0
biscuits carnaval pm banane 22g x24,FKS,22.0,49.0,CY,5.0,115.50000000000001,8.0,0.0,1.2087912087912085,True,Predicted Stockout Soon,134.0,19.5,0
biscuits carnaval pm cacao 22g x24,FKS,42.0,69.0,CY,5.0,230.0,8.0,0.0,1.0741687979539642,True,Predicted Stockout Soon,319.6,45.2,0
biscuits carnaval pm fraise 22g x24,FKS,317.0,62.0,CY,5.0,153.5,8.0,0.0,14.608294930875575,False,Order Soon,0.0,21.700000000000003,0
biscuits carnaval pm lait 22g x24,FKS,0.0,49.0,CY,5.0,179.5,8.0,0.0,0.0,True,Out of Stock,272.8,34.1,0
biscuits chico miko chocolat pm 30g x24,MBD SUARL,46.0,8.0,CX,5.0,17.0,0.0,0.0,17.692307692307693,False,Stock OK,0.0,3.7,0
biscuits chico miko fraise pm 30g x24,MBD SUARL,21.0,4.0,CX,5.0,9.5,0.0,0.0,14.0,False,Stock OK,0.0,2.4,0
biscuits choco cookies x24,ARIMEX,0.0,7.09,CX,5.0,17.065,8.0,0.0,0.0,True,Out of Stock,1.6,0.2,0
biscuits cikilopcuk 44g x24,LSB,0.0,5.58,CX,5.0,9.055,1.0,0.0,0.0,True,Out of Stock,0.2,0.2,0
biscuits coconut cookies x24,ARIMEX,0.0,7.09,CX,5.0,17.065,8.0,0.0,0.0,True,Out of Stock,1.6,0.2,0
biscuits cookie boom nature 36g x24,FKS,43.0,14.0,CY,5.0,44.0,8.0,0.0,6.142857142857143,True,Predicted Stockout Soon,13.0,7.0,0
biscuits cream fresh ananas x100,ARIMEX,0.0,7.09,CX,5.0,17.065,8.0,0.0,0.0,True,Out of Stock,1.6,0.2,0
biscuits cream fresh chocolat x100,ARIMEX,0.0,7.09,CX,5.0,17.065,8.0,0.0,0.0,True,Out of Stock,1.6,0.2,0
biscuits cream fresh vanille x100,ARIMEX,0.0,7.09,CX,5.0,17.065,8.0,0.0,0.0,True,Out of Stock,1.6,0.2,0
biscuits creamy magic ananas x24,ARIMEX,0.0,7.09,CX,5.0,17.065,8.0,0.0,0.0,True,Out of Stock,1.6,0.2,0
biscuits creamy magic coco x24,ARIMEX,0.0,7.09,CX,5.0,17.065,8.0,0.0,0.0,True,Out of Stock,1.6,0.2,0
biscuits creamy magic fraise x24,ARIMEX,0.0,7.09,CX,5.0,17.065,8.0,0.0,0.0,True,Out of Stock,1.6,0.2,0
biscuits creamy magic mangue x24,ARIMEX,0.0,7.09,CX,5.0,17.065,8.0,0.0,0.0,True,Out of Stock,1.6,0.2,0
biscuits creamy magic orange x24,ARIMEX,0.0,7.09,CX,5.0,17.065,8.0,0.0,0.0,True,Out of Stock,1.6,0.2,0
biscuits crunchy munchy x24,ARIMEX,0.0,7.09,CX,5.0,17.065,8.0,0.0,0.0,True,Out of Stock,1.6,0.2,0
biscuits deemah chocolat x24,Prodim,0.0,4.82,CX,5.0,8.055,7.0,0.0,0.0,True,Out of Stock,1.4000000000000001,0.2,0
biscuits deemah coco x24,Prodim,0.0,4.82,CX,5.0,8.055,7.0,0.0,0.0,True,Out of Stock,1.4000000000000001,0.2,0
biscuits deemah vanille x24,Prodim,0.0,4.82,CX,5.0,8.055,7.0,0.0,0.0,True,Out of Stock,1.4000000000000001,0.2,0
biscuits deemah x24,Prodim,0.0,19.0,CX,5.0,50.0,7.0,0.0,0.0,True,Out of Stock,80.5,11.5,0
biscuits empire gm cacao 100g x12,FKS,56.0,26.0,CX,5.0,66.0,8.0,0.0,5.283018867924529,True,Predicted Stockout Soon,46.39999999999999,12.799999999999999,0
biscuits empire gm plain 100g x12,FKS,0.0,31.0,CX,5.0,60.5,8.0,0.0,0.0,True,Out of Stock,118.39999999999999,14.799999999999999,0
biscuits empire pm cacao 40g x24,FKS,1.0,32.0,CY,5.0,91.0,8.0,0.0,0.06666666666666667,True,Predicted Stockout Soon,164.60000000000002,20.700000000000003,0
biscuits empire pm plain 40g x24,FKS,1.0,46.0,CX,5.0,128.5,8.0,0.0,0.04739336492890995,True,Predicted Stockout Soon,205.4,25.8,0
biscuits exelo eyo'o cover 48g x30,Prodim,20.0,8.0,CX,5.0,17.5,7.0,0.0,8.333333333333334,False,Order Soon,0.0,2.4,0
biscuits exelo king cookies 48g x30,Prodim,0.0,7.0,CX,5.0,15.000000000000002,7.0,0.0,0.0,True,Out of Stock,16.1,2.3000000000000003,0
biscuits fiarino chocolat 40g x24,AIMEX,0.0,1.4,CX,5.0,1.54,1.86,0.0,0.0,True,Out of Stock,0.37200000000000005,0.2,0
biscuits fiarino vanille 40g x24,AIMEX,0.0,1.4,CX,5.0,1.54,1.86,0.0,0.0,True,Out of Stock,0.37200000000000005,0.2,0
biscuits go7 gm vanille 37g x24,FKS,3.0,6.0,CX,5.0,13.5,8.0,0.0,1.4285714285714286,True,Predicted Stockout Soon,18.6,2.7,0
biscuits good time x24,ARIMEX,32.0,24.0,CX,5.0,45.0,8.0,0.0,4.848484848484849,True,Predicted Stockout Soon,46.39999999999999,9.799999999999999,0
biscuits harmony maxi gm cacao 40g x24,FKS,35.0,12.0,CX,5.0,31.999999999999996,8.0,0.0,6.862745098039216,False,Order Soon,5.799999999999997,5.1,0
biscuits harmony maxi gm vanille 40g x24,FKS,22.0,13.0,CY,5.0,34.0,8.0,0.0,5.365853658536586,True,Predicted Stockout Soon,10.799999999999997,4.1,0
biscuits harmony pm banane 17g x100,FKS,0.0,18.74,CX,5.0,29.415,8.0,0.0,0.0,True,Out of Stock,1.6,0.2,0
biscuits harmony pm cacao 17g x100,FKS,0.0,18.74,CX,5.0,29.415,8.0,0.0,0.0,True,Out of Stock,1.6,0.2,0
biscuits harmony pm fraise 17g x100,FKS,0.0,18.74,CX,5.0,29.415,8.0,0.0,0.0,True,Out of Stock,1.6,0.2,0
biscuits harmony pm fraise 17g x24,FKS,0.0,18.74,CX,5.0,29.415,8.0,0.0,0.0,True,Out of Stock,1.6,0.2,0
biscuits harmony pm noisette 17g x24,FKS,0.0,18.74,CX,5.0,29.415,8.0,0.0,0.0,True,Out of Stock,1.6,0.2,0
biscuits harmony pm vanille 17g x100,FKS,0.0,18.74,CX,5.0,29.415,8.0,0.0,0.0,True,Out of Stock,1.6,0.2,0
biscuits harmony pm vanille 17g x24,FKS,159.0,10.0,CX,5.0,16.0,8.0,0.0,72.27272727272727,False,Stock OK,0.0,2.9,0
biscuits hay hay caramel x24,ARIMEX,766.0,145.0,CZ,5.0,513.0,8.0,0.0,8.694665153234961,False,Order Soon,39.59999999999991,100.69999999999999,0
biscuits hay hay chocolat x24,ARIMEX,190.0,241.0,BZ,8.0,1324.5,8.0,0.0,1.2624584717607974,True,Predicted Stockout Soon,1186.0,172.0,0
biscuits hay hay coco x24,ARIMEX,0.0,7.09,CX,5.0,17.065,8.0,0.0,0.0,True,Out of Stock,1.6,0.2,0
biscuits hay hay fraise x24,ARIMEX,726.0,154.0,CZ,5.0,551.5,8.0,0.0,7.650158061116966,False,Order Soon,141.19999999999993,108.39999999999999,0
biscuits hi hello banane x24,AIMEX,0.0,1.4,CX,5.0,1.54,1.86,0.0,0.0,True,Out of Stock,0.37200000000000005,0.2,0
biscuits hi hello fraise x24,ARIMEX,0.0,7.09,CX,5.0,17.065,8.0,0.0,0.0,True,Out of Stock,1.6,0.2,0
biscuits hi hello orange x24,AIMEX,0.0,1.4,CX,5.0,1.54,1.86,0.0,0.0,True,Out of Stock,0.37200000000000005,0.2,0
biscuits hi hello vanille x24,AIMEX,2.0,2.75,CX,5.0,4.515,1.86,0.0,0.9306200324113277,True,Predicted Stockout Soon,0.0,0.2,0
biscuits hi hello x24,AIMEX,134.0,41.0,CY,5.0,88.0,1.86,0.0,23.10344827586207,False,Stock OK,0.0,13.5,0
biscuits ikram 58g x36,AIMEX,632.0,250.0,BY,6.0,645.8,1.82,0.0,7.7073170731707314,True,Predicted Stockout Soon,0.0,82.0,0
biscuits klas 40g x24,AIMEX,0.0,35.22,BZ,8.0,139.76699999999997,1.86,0.0,0.0,True,Out of Stock,0.37200000000000005,0.2,0
biscuits kreamali chocolat x24,ARIMEX,0.0,7.09,CX,5.0,17.065,8.0,0.0,0.0,True,Out of Stock,1.6,0.2,0
biscuits kreamali vanille x24,ARIMEX,0.0,7.09,CX,5.0,17.065,8.0,0.0,0.0,True,Out of Stock,1.6,0.2,0
biscuits limousine banane 45g x24,ARIMEX,0.0,10.47,CZ,5.0,22.805,8.0,0.0,0.0,True,Out of Stock,1.6,0.2,0
biscuits limousine chocolat 45g x24,ARIMEX,339.0,53.0,CY,5.0,154.0,8.0,0.0,13.294117647058824,False,Order Soon,0.0,28.5,0
biscuits limousine fraise 45g x24,ARIMEX,0.0,7.09,CX,5.0,17.065,8.0,0.0,0.0,True,Out of Stock,1.6,0.2,0
biscuits limousine vanille 45g x24,ARIMEX,0.0,11.83,CY,5.0,27.11,8.0,0.0,0.0,True,Out of Stock,1.6,0.2,0
biscuits mama tik tok chocolat x48,ARIMEX,0.0,7.09,CX,5.0,17.065,8.0,0.0,0.0,True,Out of Stock,1.6,0.2,0
biscuits mama tik tok vanille x48,ARIMEX,0.0,7.09,CX,5.0,17.065,8.0,0.0,0.0,True,Out of Stock,1.6,0.2,0
biscuits manga white chocolat pm15g x24,FKS,31.0,6.0,CX,5.0,13.0,8.0,0.0,15.5,False,Order Soon,0.0,2.5,0
biscuits maxon 55g x24,AIMEX,0.0,1.4,CX,5.0,1.54,1.86,0.0,0.0,True,Out of Stock,0.37200000000000005,0.2,0
biscuits mazen chocolat x24,ARIMEX,0.0,7.09,CX,5.0,17.065,8.0,0.0,0.0,True,Out of Stock,1.6,0.2,0
biscuits mazen custard x24,ARIMEX,0.0,7.09,CX,5.0,17.065,8.0,0.0,0.0,True,Out of Stock,1.6,0.2,0
biscuits mazen fraise x24,ARIMEX,0.0,7.09,CX,5.0,17.065,8.0,0.0,0.0,True,Out of Stock,1.6,0.2,0
biscuits mazen orange x24,ARIMEX,0.0,7.09,CX,5.0,17.065,8.0,0.0,0.0,True,Out of Stock,1.6,0.2,0
biscuits mazen vanille x24,ARIMEX,0.0,7.09,CX,5.0,17.065,8.0,0.0,0.0,True,Out of Stock,1.6,0.2,0
biscuits milk cream x48,ARIMEX,0.0,11.83,CY,5.0,27.11,8.0,0.0,0.0,True,Out of Stock,1.6,0.2,0
biscuits milk x24,AIMEX,541.0,290.0,BX,6.0,702.4,1.82,0.0,8.348765432098766,True,Predicted Stockout Soon,0.0,92.89999999999999,0
biscuits milkano x24,ARIMEX,0.0,50.0,CX,5.0,137.0,8.0,0.0,0.0,True,Out of Stock,179.20000000000002,22.400000000000002,0
biscuits mini milk x100,ARIMEX,0.0,7.09,CX,5.0,17.065,8.0,0.0,0.0,True,Out of Stock,1.6,0.2,0
biscuits mon goffi pm chocolat 17g x24,FKS,0.0,16.0,CX,5.0,32.0,8.0,0.0,0.0,True,Out of Stock,38.4,4.8,0
biscuits mosaic gm 100g x12,FKS,0.0,18.74,CX,5.0,29.415,8.0,0.0,0.0,True,Out of Stock,1.6,0.2,0
biscuits mosaic pm 40g x24,FKS,0.0,18.74,CX,5.0,29.415,8.0,0.0,0.0,True,Out of Stock,1.6,0.2,0
biscuits ndeki sachets x50,IMS - African Chips,57.0,22.0,CX,5.0,59.5,4.0,0.0,5.876288659793815,True,Predicted Stockout Soon,0.0,12.2,0
biscuits nouveau harmony pm banane 17g x24,FKS,0.0,16.0,CZ,5.0,33.0,8.0,0.0,0.0,True,Out of Stock,27.2,3.4,0
biscuits nouveau harmony pm cacao 17g x24,FKS,0.0,12.0,CX,5.0,21.0,8.0,0.0,0.0,True,Out of Stock,34.4,4.3,0
biscuits nutro fraise x24,Prodim,0.0,4.82,CX,5.0,8.055,7.0,0.0,0.0,True,Out of Stock,1.4000000000000001,0.2,0
biscuits nutro vanille x24,Prodim,0.0,4.82,CX,5.0,8.055,7.0,0.0,0.0,True,Out of Stock,1.4000000000000001,0.2,0
biscuits nutro x24,Prodim,71.0,20.0,CX,5.0,46.5,7.0,0.0,9.726027397260275,False,Order Soon,0.0,8.4,0
biscuits pastella pepite chocolat 50g x24,LSB,0.0,5.58,CX,5.0,9.055,1.0,0.0,0.0,True,Out of Stock,0.2,0.2,0
biscuits puff it chocolat x24,ARIMEX,0.0,7.09,CX,5.0,17.065,8.0,0.0,0.0,True,Out of Stock,1.6,0.2,0
biscuits puff it fraise x24,ARIMEX,0.0,7.09,CX,5.0,17.065,8.0,0.0,0.0,True,Out of Stock,1.6,0.2,0
biscuits puff it limon x24,ARIMEX,0.0,7.09,CX,5.0,17.065,8.0,0.0,0.0,True,Out of Stock,1.6,0.2,0
biscuits puff it orange x24,ARIMEX,0.0,7.09,CX,5.0,17.065,8.0,0.0,0.0,True,Out of Stock,1.6,0.2,0
biscuits puff it vanille x24,ARIMEX,0.0,7.09,CX,5.0,17.065,8.0,0.0,0.0,True,Out of Stock,1.6,0.2,0
biscuits rio chocolat x24,Sogepal,0.0,7.58,CX,5.0,14.715,8.0,0.0,0.0,True,Out of Stock,1.6,0.2,0
biscuits rio vanille x24,Sogepal,0.0,7.58,CX,5.0,14.715,8.0,0.0,0.0,True,Out of Stock,1.6,0.2,0
biscuits romo x24,AIMEX,0.0,1.4,CX,5.0,1.54,1.86,0.0,0.0,True,Out of Stock,0.37200000000000005,0.2,0
biscuits saray choco lato 34g x24,LSB,0.0,5.58,CX,5.0,9.055,1.0,0.0,0.0,True,Out of Stock,0.2,0.2,0
biscuits selfy 40g x24,Prodim,0.0,1.0,CX,5.0,1.0,7.0,0.0,0.0,True,Out of Stock,0.7000000000000001,0.1,0
biscuits selfy dark 40g x24,Prodim,0.0,4.82,CX,5.0,8.055,7.0,0.0,0.0,True,Out of Stock,1.4000000000000001,0.2,0
biscuits tasty x24,CEIDA,0.0,1.4,CX,5.0,1.54,1.86,0.0,0.0,True,Out of Stock,0.37200000000000005,0.2,0
biscuits warr bi gm 100f x50,Sogepal,11.0,8.02,CX,5.0,15.51,8.0,0.0,10.564955668614749,True,Predicted Stockout Soon,0.0,0.2,0
biscuits zina bar pm chocolat 10g x100,Sogepal,5.0,8.0,CX,5.0,20.0,8.0,0.0,1.5625,True,Predicted Stockout Soon,21.400000000000002,3.3000000000000003,0
biscuits zina bar pm fraise 10g x100,Sogepal,54.0,11.0,CX,5.0,24.5,8.0,0.0,33.75,False,Order Soon,0.0,3.8000000000000003,0
biscuits zina bar pm vanille 10g x100,Sogepal,41.0,10.0,CX,5.0,25.999999999999996,8.0,0.0,19.523809523809522,False,Order Soon,0.0,4.199999999999999,0
biscuits zina duo choco 40g x24,Sogepal,0.0,8.0,CX,5.0,17.5,8.0,0.0,0.0,True,Out of Stock,21.6,2.7,0
biscuits zina duo fraise 40g x24,Sogepal,32.0,7.0,CX,5.0,13.5,8.0,0.0,80.0,False,Stock OK,0.0,2.0,0
biscuits zina duo vanille 40g x24,Sogepal,4.0,10.0,CX,5.0,14.5,8.0,0.0,2.1052631578947367,True,Predicted Stockout Soon,11.200000000000001,1.9000000000000001,0
bissap rouge  2kg (9 pots),Dieye Mou serigne Fallou,0.0,1.4,CX,5.0,1.54,1.86,0.0,0.0,True,Out of Stock,0.37200000000000005,0.2,0
bissap rouge ordinaire 2kg (9 pots),Solsen,2.0,2.75,CX,5.0,4.515,1.86,0.0,0.9306200324113277,True,Predicted Stockout Soon,0.0,0.2,0
bleu sachet 7g x50,Borodji Distribution,153.0,30.0,CX,5.0,70.0,4.0,0.0,13.909090909090908,False,Stock OK,0.0,18.5,0
bougie 100f x10,Borodji Distribution,164.0,145.0,CX,5.0,260.5,4.0,0.0,4.361702127659575,True,Predicted Stockout Soon,73.20000000000002,59.300000000000004,0
bougie 50f x6,Borodji Distribution,0.0,103.0,CX,5.0,183.5,4.0,0.0,0.0,True,Out of Stock,175.6,43.9,0
briquets bic gm j6 maxi x50,SOCOMAF,0.0,1.74,CX,5.0,2.685,1.86,0.0,0.0,True,Out of Stock,0.37200000000000005,0.2,0
briquets bic pm j3 moyen x50,SOCOMAF,0.0,1.74,CX,5.0,2.685,1.86,0.0,0.0,True,Out of Stock,0.37200000000000005,0.2,0
briquets bic pm j5 mini x50,SOCOMAF,17.0,5.0,CX,5.0,9.0,1.86,0.0,15.454545454545453,False,Stock OK,0.0,1.1,0
briquets blanc pm x50,Borodji Distribution,85.0,26.0,CX,5.0,69.0,4.0,0.0,7.589285714285714,False,Order Soon,0.0,15.1,0
briquets pm x50,Borodji Distribution,119.0,31.0,CX,5.0,72.5,4.0,0.0,10.43859649122807,False,Order Soon,0.0,12.4,0
brosse a dents colgate  deep clean x12,EMAB,89.0,11.0,CX,5.0,30.5,1.86,0.0,17.8,False,Stock OK,0.0,5.5,0
brosse a dents colgate  double action x12,EMAB,106.0,13.0,CY,5.0,29.999999999999996,1.86,0.0,22.553191489361705,False,Stock OK,0.0,4.699999999999999,0
brosse a dents colgate anticavity x12,EMAB,0.0,2.63,CX,5.0,4.8,1.86,0.0,0.06666666666666667,True,Out of Stock,0.37200000000000005,0.2,0
brosse a dents colgate charbon  x12,EMAB,2.0,4.0,CX,5.0,6.5,1.86,0.0,2.2222222222222223,True,Predicted Stockout Soon,0.04600000000000026,1.1,0
brosse a dents enfant x12,Borodji Distribution,55.0,16.0,CX,5.0,36.0,4.0,0.0,11.224489795918368,False,Order Soon,0.0,4.8999999999999995,0
brosse a dents oral b x12,WADIC,0.0,28.67,CX,5.0,49.195,1.86,0.0,0.0,True,Out of Stock,0.37200000000000005,0.2,0
brosse a dents signal x12,CSPE,0.0,1.4,CX,5.0,1.54,1.86,0.0,0.0,True,Out of Stock,0.37200000000000005,0.2,0
brosse a dents vitfé 300f x12,VITFE,40.0,10.0,CX,5.0,28.499999999999996,1.86,0.0,8.510638297872342,False,Stock OK,0.0,5.0,0
brosse jean x6,Borodji Distribution,50.0,8.0,CX,5.0,24.5,4.0,0.0,12.195121951219512,False,Stock OK,0.0,4.699999999999999,0
cable usb 1m bamba fepp x5,Borodji Distribution,0.0,11.0,CX,5.0,21.5,4.0,0.0,0.0,True,Out of Stock,21.599999999999998,5.3999999999999995,0
cable usb 1m iphone x5,Borodji Distribution,0.0,7.0,CX,5.0,14.5,4.0,0.0,0.0,True,Out of Stock,8.8,2.2,0
cable usb 1m type c x5,Borodji Distribution,23.0,8.0,CX,5.0,17.5,4.0,0.0,8.846153846153847,False,Order Soon,0.0,2.6,0
cadeau - calebasses chef aida,Maad,18.0,1.0,CX,5.0,1.15,1.86,0.0,180.0,False,Stock OK,0.0,0.1,0
cadeau - calebasses grand modele laicran,ETS MEROUEH,0.0,1.37,CX,5.0,1.475,1.86,0.0,0.0,True,Out of Stock,0.37200000000000005,0.2,0
cadeau - carafe lalia,COSEDI,0.0,5.39,CX,5.0,7.325,14.0,0.0,44.07884615384615,True,Out of Stock,2.8000000000000003,0.2,0
cadeau - carafes chef aida,Maad,1.0,2.0,CX,5.0,4.5,1.86,0.0,1.4285714285714286,True,Predicted Stockout Soon,0.30200000000000005,0.7,0
cadeau - louche laicran,ETS MEROUEH,0.0,1.37,CX,5.0,1.475,1.86,0.0,0.0,True,Out of Stock,0.37200000000000005,0.2,0
cadeau - plateau chef aida,Maad,12.0,3.32,CX,5.0,3.8504999999999985,1.86,0.0,120.0,False,Stock OK,0.0,0.1,0
cadeau - plateau laicran,ETS MEROUEH,0.0,1.37,CX,5.0,1.475,1.86,0.0,0.0,True,Out of Stock,0.37200000000000005,0.2,0
cadeau - potou nda chef aida,Maad,20.0,1.0,CX,5.0,1.0,1.86,0.0,200.0,False,Stock OK,0.0,0.1,0
cadeau - présentoir lalia,COSEDI,0.0,5.39,CX,5.0,7.325,14.0,0.0,44.07884615384615,True,Out of Stock,2.8000000000000003,0.2,0
cadeau - sac caba/porte clés vitfé,Maad,0.0,1.34,CX,5.0,1.7545,1.86,0.0,119.96428571428565,True,Out of Stock,0.37200000000000005,0.2,0
cadeau - stylo pepsi,Maad,0.0,1.34,CX,5.0,1.7545,1.86,0.0,119.96428571428565,True,Out of Stock,0.37200000000000005,0.2,0
cadeau - stylo top,SOBOA,-44.0,36.7,CX,5.0,92.795,2.0,0.0,-0.27295657816778784,True,Out of Stock,44.4,0.2,0
cadeau - t-shirt bara musso,Maad,0.0,1.34,CX,5.0,1.7545,1.86,0.0,119.96428571428565,True,Out of Stock,0.37200000000000005,0.2,0
cadeau - t-shirt top,SOBOA,-44.0,36.7,CX,5.0,92.795,2.0,0.0,-0.27295657816778784,True,Out of Stock,44.4,0.2,0
cadeau - t_shirt juko,Maad,48.0,15.81,CX,5.0,35.785,1.86,0.0,193.84452274599218,False,Stock OK,0.0,0.2,0
cadeau - trousse top,SOBOA,-8.0,36.7,CX,5.0,92.795,2.0,0.0,-0.27295657816778784,True,Out of Stock,8.4,0.2,0
cadeau 2 gobelets laicran,Maad,0.0,1.34,CX,5.0,1.7545,1.86,0.0,119.96428571428565,True,Out of Stock,0.37200000000000005,0.2,0
cadeau 3x + sibon,Maad,300.0,36.57,CX,5.0,78.793,1.85,0.0,277.77681818614246,False,Stock OK,0.0,0.2,0
cadeau bic carton crayons de couleur,Maad,0.0,1.34,CX,5.0,1.7545,1.86,0.0,119.96428571428565,True,Out of Stock,0.37200000000000005,0.2,0
cadeau bic présentoir stylo,Maad,0.0,1.34,CX,5.0,1.7545,1.86,0.0,119.96428571428565,True,Out of Stock,0.37200000000000005,0.2,0
cadeau bisko,Maad,0.0,1.34,CX,5.0,1.7545,1.86,0.0,119.96428571428565,True,Out of Stock,0.37200000000000005,0.2,0
cadeau calendrier arome 3 lions,Maad,0.0,1.34,CX,5.0,1.7545,1.86,0.0,119.96428571428565,True,Out of Stock,0.37200000000000005,0.2,0
cadeau calendrier bisko,Maad,0.0,1.34,CX,5.0,1.7545,1.86,0.0,119.96428571428565,True,Out of Stock,0.37200000000000005,0.2,0
cadeau calendrier confisen,Maad,0.0,1.34,CX,5.0,1.7545,1.86,0.0,119.96428571428565,True,Out of Stock,0.37200000000000005,0.2,0
cadeau calendrier gmd,Maad,0.0,1.34,CX,5.0,1.7545,1.86,0.0,119.96428571428565,True,Out of Stock,0.37200000000000005,0.2,0
cadeau calendrier senico,Maad,0.0,1.34,CX,5.0,1.7545,1.86,0.0,119.96428571428565,True,Out of Stock,0.37200000000000005,0.2,0
cadeau calendrier socas,Maad,0.0,1.34,CX,5.0,1.7545,1.86,0.0,119.96428571428565,True,Out of Stock,0.37200000000000005,0.2,0
cadeau calendrier valdafrique,Maad,0.0,1.34,CX,5.0,1.7545,1.86,0.0,119.96428571428565,True,Out of Stock,0.37200000000000005,0.2,0
cadeau calendrier vitfe,Maad,0.0,1.34,CX,5.0,1.7545,1.86,0.0,119.96428571428565,True,Out of Stock,0.37200000000000005,0.2,0
cadeau casquette finamark x1,Finamark,25.0,10.64,CX,5.0,21.25,8.0,0.0,10.608253423011645,False,Order Soon,0.0,0.2,0
cadeau chef aida,Maad,43.0,12.72,CX,5.0,26.97,1.86,0.0,194.0166842998135,False,Stock OK,0.0,0.2,0
cadeau chef aida bassinet,Maad,105.0,16.01,CX,5.0,42.31,1.86,0.0,195.13812677708003,False,Stock OK,0.0,0.2,0
cadeau chef aida plateau,Maad,26.0,6.66,CX,5.0,12.315,1.86,0.0,193.95810366326975,False,Stock OK,0.0,0.2,0
cadeau horloges laicran,Maad,0.0,1.34,CX,5.0,1.7545,1.86,0.0,119.96428571428565,True,Out of Stock,0.37200000000000005,0.2,0
cadeau karafe ou t-shirt cerelac,Maad,43.0,12.72,CX,5.0,26.97,1.86,0.0,194.0166842998135,False,Stock OK,0.0,0.2,0
cadeau laicran fromage (tablier ou bloc note),Maad,0.0,1.34,CX,5.0,1.7545,1.86,0.0,119.96428571428565,True,Out of Stock,0.37200000000000005,0.2,0
cadeau laicran hangueurs,Maad,0.0,1.34,CX,5.0,1.7545,1.86,0.0,119.96428571428565,True,Out of Stock,0.37200000000000005,0.2,0
cadeau lait en poudre sibon (tapis ou tasses),Maad,0.0,1.34,CX,5.0,1.7545,1.86,0.0,119.96428571428565,True,Out of Stock,0.37200000000000005,0.2,0
cadeau menthe fraiche,MAAD,0.0,1.4,CX,5.0,1.54,1.86,0.0,852.0,True,Out of Stock,0.37200000000000005,0.2,0
cadeau o'royal stylo + cahier,Maad,0.0,1.34,CX,5.0,1.7545,1.86,0.0,119.96428571428565,True,Out of Stock,0.37200000000000005,0.2,0
cadeau plateau cerelac,Maad,0.0,1.34,CX,5.0,1.7545,1.86,0.0,119.96428571428565,True,Out of Stock,0.37200000000000005,0.2,0
cadeau présentoir briquets j5 bic,SOCOMAF,0.0,2.0,CX,5.0,2.0,1.86,0.0,0.0,True,Out of Stock,0.37200000000000005,0.2,0
cadeau présentoir rasoirs bic,SOCOMAF,0.0,1.74,CX,5.0,2.685,1.86,0.0,0.0,True,Out of Stock,0.18600000000000003,0.1,0
cadeau sachet laicran,Maad,0.0,1.34,CX,5.0,1.7545,1.86,0.0,119.96428571428565,True,Out of Stock,0.37200000000000005,0.2,0
cadeau sachet sibon,Maad,0.0,1.34,CX,5.0,1.7545,1.86,0.0,119.96428571428565,True,Out of Stock,0.37200000000000005,0.2,0
cadeau seo + pepsi,Maad,86.0,19.32,CX,5.0,54.24,1.86,0.0,194.49308245237108,False,Stock OK,0.0,0.2,0
cadeau t-chirt finamark x1,Finamark,0.0,15.0,CX,5.0,15.0,8.0,0.0,0.0,True,Out of Stock,8.0,1.0,0
cadeau t-shirt casamancaise,Maad,0.0,1.34,CX,5.0,1.7545,1.86,0.0,119.96428571428565,True,Out of Stock,0.37200000000000005,0.2,0
cadeau t-shirt freegel,Maad,0.0,1.34,CX,5.0,1.7545,1.86,0.0,119.96428571428565,True,Out of Stock,0.37200000000000005,0.2,0
cadeau t-shirt laicran,Maad,0.0,1.34,CX,5.0,1.7545,1.86,0.0,119.96428571428565,True,Out of Stock,0.37200000000000005,0.2,0
cadeau t-shirt socas,Maad,0.0,1.34,CX,5.0,1.7545,1.86,0.0,119.96428571428565,True,Out of Stock,0.37200000000000005,0.2,0
cadeau t-shirt vimto,Maad,0.0,1.34,CX,5.0,1.7545,1.86,0.0,119.96428571428565,True,Out of Stock,0.37200000000000005,0.2,0
cadeau tablier laicran,Maad,0.0,1.34,CX,5.0,1.7545,1.86,0.0,119.96428571428565,True,Out of Stock,0.37200000000000005,0.2,0
cadeau tabliers laicran,Maad,0.0,1.34,CX,5.0,1.7545,1.86,0.0,119.96428571428565,True,Out of Stock,0.37200000000000005,0.2,0
cadeau tasse laicran,Maad,14.0,3.09,CX,5.0,4.434499999999998,1.86,0.0,176.64727474095503,False,Stock OK,0.0,0.2,0
cadeau tasses à café laicran,Maad,0.0,1.34,CX,5.0,1.7545,1.86,0.0,119.96428571428565,True,Out of Stock,0.37200000000000005,0.2,0
cadeau tasses à café sibon,Maad,0.0,1.34,CX,5.0,1.7545,1.86,0.0,119.96428571428565,True,Out of Stock,0.37200000000000005,0.2,0
café au lait diamo 30g x50,Hunters Food,0.0,6.79,CX,5.0,11.47,1.0,0.0,0.0,True,Out of Stock,0.2,0.2,0
"café carte noire stick 1,8g x25",Saloum Distribution,0.0,21.94,CX,5.0,37.285,1.0,0.0,0.0,True,Out of Stock,0.2,0.2,0
café good energie stick1.8g x150,GOODLAIT,0.0,1.4,CX,5.0,1.54,1.86,0.0,0.0,True,Out of Stock,0.37200000000000005,0.2,0
"café l'or stick 1,8g x25",Saloum Distribution,0.0,119.0,CX,5.0,308.5,1.0,0.0,0.0,True,Out of Stock,49.800000000000004,49.800000000000004,0
"café maxwell house 1,8g x25",Saloum Distribution,0.0,1.0,CX,5.0,1.0,1.0,0.0,0.0,True,Out of Stock,0.1,0.1,0
café multicafé stick classic 2g x200,Multicafé,0.0,45.48,CX,5.0,86.29,5.0,0.0,0.0,True,Out of Stock,1.0,0.2,0
café multicafé stick gold 1g x20,Multicafé,0.0,45.48,CX,5.0,86.29,5.0,0.0,0.0,True,Out of Stock,1.0,0.2,0
café nescafé sachets 50g x8,Sedipal,0.0,6.88,CX,5.0,12.565,2.0,0.0,0.0,True,Out of Stock,0.4,0.2,0
café nescafé sachets gm 260g x3,Sedipal,0.0,6.88,CX,5.0,12.565,2.0,0.0,0.0,True,Out of Stock,0.4,0.2,0
café nescafé sachets pm 100g x8,Sedipal,10.0,13.0,BX,6.0,25.1,2.0,0.0,3.225806451612903,True,Predicted Stockout Soon,0.0,4.1,0
café nescafé stick 1.5g x150,Sedipal,1.0,703.0,AX,8.0,2284.3,2.0,0.0,0.0041390728476821195,True,Predicted Stockout Soon,637.8000000000001,319.40000000000003,0
café touba bakhdad 1kg sachet x10,Café Touba Bakhdad,0.0,5.57,CX,5.0,9.495,3.0,0.0,0.0,True,Out of Stock,0.6000000000000001,0.2,0
café touba bakhdad 45g sachet x40,Café Touba Bakhdad,1206.0,163.0,AX,8.0,811.0999999999999,3.0,0.0,13.223684210526317,False,Stock OK,0.0,122.69999999999999,0
café touba bakhdad 500g sachet x10,Café Touba Bakhdad,1.0,5.47,CX,5.0,9.335,3.0,0.0,0.1707909889874462,True,Predicted Stockout Soon,0.0,0.2,0
café touba bakhdad sac 10kg,Café Touba Bakhdad,0.0,5.57,CX,5.0,9.495,3.0,0.0,0.0,True,Out of Stock,0.6000000000000001,0.2,0
café touba bakhdad sac 5kg,Café Touba Bakhdad,-1.0,7.52,CX,5.0,14.41,3.0,0.0,-0.07349907761550266,True,Out of Stock,1.6,0.2,0
cahier 100 pages x10,ARIMEX,755.0,97.0,CX,5.0,155.5,8.0,0.0,35.2803738317757,False,Stock OK,0.0,21.400000000000002,0
cahier 200 pages x5,ARIMEX,1788.0,90.0,CX,5.0,145.5,8.0,0.0,88.955223880597,False,Stock OK,0.0,20.1,0
cahier 32 pages x25,ARIMEX,0.0,7.09,CX,5.0,17.065,8.0,0.0,0.0,True,Out of Stock,1.6,0.2,0
cahier 48 pages x24,ARIMEX,1431.0,73.0,CX,5.0,112.0,8.0,0.0,94.76821192052981,False,Stock OK,0.0,15.1,0
cake au chocolat kakaolu kek 35g x24,LSB,0.0,5.58,CX,5.0,9.055,1.0,0.0,0.0,True,Out of Stock,0.2,0.2,0
cake mosaico cocoa 40g x24,LSB,1.0,5.23,CX,5.0,8.145,1.0,0.0,0.7933409674379388,True,Predicted Stockout Soon,0.0,0.2,0
cake saray choco caramel 25g x24,LSB,0.0,5.58,CX,5.0,9.055,1.0,0.0,0.0,True,Out of Stock,0.2,0.2,0
cake trilex  x24,Prodim,201.0,46.0,CX,5.0,116.50000000000001,7.0,0.0,10.748663101604276,False,Order Soon,0.0,20.1,0
cake trilex caramel x24,Prodim,0.0,4.82,CX,5.0,8.055,7.0,0.0,0.0,True,Out of Stock,1.4000000000000001,0.2,0
cake trilex mosaix x24,Prodim,0.0,4.82,CX,5.0,8.055,7.0,0.0,0.0,True,Out of Stock,1.4000000000000001,0.2,0
cake trilex vanille x24,Prodim,0.0,4.82,CX,5.0,8.055,7.0,0.0,0.0,True,Out of Stock,1.4000000000000001,0.2,0
can 3x energy ginger gm 50cl x24,LSB,0.0,5.58,CX,5.0,9.055,1.0,0.0,0.0,True,Out of Stock,0.2,0.2,0
can 3x energy ginger moyen 33cl x24,LSB,0.0,5.58,CX,5.0,9.055,1.0,0.0,0.0,True,Out of Stock,0.2,0.2,0
can 3x energy gm 50cl x24,LSB,1205.0,421.0,A+Z,14.0,2015.1000000000001,1.0,0.0,10.083682008368202,True,Predicted Stockout Soon,0.0,119.5,0
can 3x energy malt moyen 33cl x24,LSB,0.0,5.58,CX,5.0,9.055,1.0,0.0,0.0,True,Out of Stock,0.2,0.2,0
can 3x energy moyen 33cl x24,LSB,1281.0,390.0,A+Z,14.0,3459.7999999999997,1.0,0.0,5.493138936535163,True,Predicted Stockout Soon,0.0,263.20000000000005,0
can 3x energy moyen zero 33cl x24,LSB,0.0,5.58,CX,5.0,9.055,1.0,0.0,0.0,True,Out of Stock,0.2,0.2,0
can 3x energy pm 25cl x24,LSB,-3.0,81.0,A+Z,14.0,683.1,1.0,0.0,-0.06535947712418301,True,Out of Stock,48.9,45.9,0
can 7up 33cl x24,SIAGRO,0.0,8.4,CX,5.0,16.169,2.0,0.0,0.0,True,Out of Stock,0.4,0.2,0
can black power gm 50cl x24,IBS,0.0,47.08,CX,5.0,122.57799999999999,7.0,0.0,0.0,True,Out of Stock,1.4000000000000001,0.2,0
can black power moyen 33cl x24,IBS,0.0,47.08,CX,5.0,122.57799999999999,7.0,0.0,0.0,True,Out of Stock,1.4000000000000001,0.2,0
can black power pm 25cl x24,IBS,0.0,30.0,CX,5.0,77.5,7.0,0.0,0.0,True,Out of Stock,87.5,12.5,0
can coca cola 24cl x24,IBS,8.0,55.91,CX,5.0,135.519,7.0,0.0,5.48409243301253,True,Predicted Stockout Soon,0.0,0.2,0
can coca cola 33cl x24,IBS,35.0,114.0,AX,8.0,512.2,7.0,0.0,0.6151142355008787,True,Predicted Stockout Soon,469.69999999999993,72.1,0
can coca cola zero 33cl x24,IBS,1.0,91.04,BX,6.0,278.56800000000015,7.0,0.0,0.029234344367612488,True,Predicted Stockout Soon,0.40000000000000013,0.2,0
can daroun tropical 33cl x24,MBD & Fils,0.0,13.09,CX,5.0,27.755,5.0,0.0,0.0,True,Out of Stock,1.0,0.2,0
can del monte ananas 24cl x24,Releve de presence,0.0,4.07,CX,5.0,4.51,1.86,0.0,0.0,True,Out of Stock,0.37200000000000005,0.2,0
can del monte mangue 24cl x24,Releve de presence,0.0,4.07,CX,5.0,4.51,1.86,0.0,0.0,True,Out of Stock,0.37200000000000005,0.2,0
can double 7 energie gm 50cl x24,SOFIEX,0.0,5.55,CX,5.0,10.225,2.0,0.0,0.0,True,Out of Stock,0.4,0.2,0
can double 7 energie pm 33cl x24,SOFIEX,0.0,5.55,CX,5.0,10.225,2.0,0.0,0.0,True,Out of Stock,0.4,0.2,0
can fanta ananas 33cl x24,IBS,-1.0,78.0,BY,6.0,307.20000000000005,7.0,0.0,-0.022371364653243846,True,Out of Stock,313.90000000000003,44.7,0
can fanta fruits rouge 33cl x24,IBS,1.0,54.43,CZ,5.0,130.255,7.0,0.0,0.31134041684562247,True,Predicted Stockout Soon,0.40000000000000013,0.2,0
can fanta orange 33cl x24,IBS,1.0,114.0,AX,8.0,481.0,7.0,0.0,0.018867924528301886,True,Predicted Stockout Soon,520.5,74.5,0
can ira ananas gm 320ml x24,Borodji Distribution,0.0,70.25,AZ,10.0,771.72,4.0,0.0,0.0,True,Out of Stock,0.8,0.2,0
can ira ananas pm 235ml x24,Borodji Distribution,0.0,7.12,CZ,5.0,14.245,4.0,0.0,0.0,True,Out of Stock,0.8,0.2,0
can ira cocktail gm 320ml x24,Borodji Distribution,0.0,6.57,CX,5.0,13.47,4.0,0.0,0.0,True,Out of Stock,0.8,0.2,0
can ivorio ananas pm 33cl x24,SOFIEX,0.0,5.55,CX,5.0,10.225,2.0,0.0,0.0,True,Out of Stock,0.4,0.2,0
can jus de coco a la pulpe gm 330ml x24,EZAL TRADING,0.0,1.4,CX,5.0,1.54,1.86,0.0,0.0,True,Out of Stock,0.37200000000000005,0.2,0
can jus de coco divino gm 330ml x24,FMCG DISTRIBUTION,0.0,2.04,CX,5.0,5.985,1.86,0.0,0.09428571428571429,True,Out of Stock,0.37200000000000005,0.2,0
can jus de coco foco gm 520 ml x24,So équipe,0.0,1.4,CX,5.0,1.54,1.86,0.0,0.0,True,Out of Stock,0.37200000000000005,0.2,0
can jus de coco foco moyen 350 ml x24,So équipe,0.0,1.4,CX,5.0,1.54,1.86,0.0,0.0,True,Out of Stock,0.37200000000000005,0.2,0
can minute maid mangue 25cl x24,IBS,0.0,47.08,CX,5.0,122.57799999999999,7.0,0.0,0.0,True,Out of Stock,1.4000000000000001,0.2,0
can minute maid orange 25cl x24,IBS,0.0,47.08,CX,5.0,122.57799999999999,7.0,0.0,0.0,True,Out of Stock,1.4000000000000001,0.2,0
can minute maid tropical 25cl x24,IBS,0.0,47.08,CX,5.0,122.57799999999999,7.0,0.0,0.0,True,Out of Stock,1.4000000000000001,0.2,0
can mirinda ananas 33cl x24,SIAGRO,0.0,8.4,CX,5.0,16.169,2.0,0.0,0.0,True,Out of Stock,0.4,0.2,0
can mirinda fruity 25cl x24,SIAGRO,0.0,18.0,CX,5.0,44.0,2.0,0.0,0.0,True,Out of Stock,14.0,7.0,0
can mirinda orange 33cl x24,SIAGRO,0.0,8.4,CX,5.0,16.169,2.0,0.0,0.0,True,Out of Stock,0.4,0.2,0
can mixte 33cl x24,IBS,2.0,101.0,CX,5.0,181.5,7.0,0.0,20.0,True,Predicted Stockout Soon,181.40000000000003,26.200000000000003,0
can n'wely ananas 24cl x24,WELY,0.0,1.4,CX,5.0,1.54,1.86,0.0,0.0,True,Out of Stock,0.37200000000000005,0.2,0
can n'wely cocktail 24cl x24,WELY,0.0,1.4,CX,5.0,1.54,1.86,0.0,0.0,True,Out of Stock,0.37200000000000005,0.2,0
can n'wely coco ananas 24cl x24,WELY,0.0,1.4,CX,5.0,1.54,1.86,0.0,0.0,True,Out of Stock,0.37200000000000005,0.2,0
can n'wely goyave 24cl x24,WELY,0.0,1.4,CX,5.0,1.54,1.86,0.0,0.0,True,Out of Stock,0.37200000000000005,0.2,0
can n'wely mangue 24cl x24,WELY,0.0,1.4,CX,5.0,1.54,1.86,0.0,0.0,True,Out of Stock,0.37200000000000005,0.2,0
can pepsi 25cl x24,SIAGRO,78.0,20.0,BX,6.0,73.0,2.0,0.0,7.428571428571429,False,Order Soon,0.0,10.5,0
can pepsi 33cl x24,SIAGRO,-125.0,23.94,CX,5.0,57.339,2.0,0.0,-0.27295657816778784,True,Out of Stock,125.4,0.2,0
can pepsi max 25cl x24,SIAGRO,35.0,13.0,CX,5.0,24.5,2.0,0.0,15.217391304347824,False,Stock OK,0.0,2.3000000000000003,0
can pepsi zero 25cl x24,Releve de presence,1.0,5.08,CX,5.0,7.19,1.86,0.0,0.43959890023111703,True,Predicted Stockout Soon,0.0,0.2,0
can pressea coco ananas 25cl x24,SIAGRO,823.0,135.0,AY,8.0,597.0999999999999,2.0,0.0,12.432024169184292,False,Stock OK,0.0,98.1,0
can pressea goyave 25cl x24,SIAGRO,0.0,67.0,BZ,8.0,257.5,2.0,0.0,0.0,True,Out of Stock,56.0,28.0,0
can pressea mangue 25cl x24,SIAGRO,568.0,23.0,BY,6.0,23.0,2.0,0.0,5680.0,False,Stock OK,0.0,0.1,0
can pressea orange 25cl x24,SIAGRO,168.0,26.0,BX,6.0,28.0,2.0,0.0,280.0,False,Stock OK,0.0,2.5,0
can pressea tropical 25cl x24,SIAGRO,1.0,58.0,BY,6.0,172.4,2.0,0.0,0.04184100418410042,True,Predicted Stockout Soon,69.2,35.1,0
can rani ananas 24cl x24,CMGA,0.0,19.0,BY,6.0,80.3,9.0,0.0,0.0,True,Out of Stock,106.19999999999999,11.799999999999999,0
can rani banane 24cl x24,CMGA,0.0,5.84,CX,5.0,6.107,9.0,0.0,0.0,True,Out of Stock,1.8,0.2,0
can rani cocktail blanc 24cl x24,CMGA,3.0,14.0,BY,6.0,20.200000000000003,9.0,0.0,1.3636363636363635,True,Predicted Stockout Soon,16.8,2.2,0
can rani cocktail pulpe 24cl x24,CMGA,0.0,8.84,CZ,5.0,13.402000000000001,9.0,0.0,0.0,True,Out of Stock,1.8,0.2,0
can rani coco ananas x24,CMGA,0.0,30.0,CX,5.0,70.0,9.0,0.0,0.0,True,Out of Stock,99.0,11.0,0
can rani fraise banane 24cl x24,CMGA,6.0,31.0,AX,8.0,73.9,9.0,0.0,0.8219178082191781,True,Predicted Stockout Soon,59.7,7.3,0
can rani goyave 24cl x24,CMGA,-1.0,24.0,BZ,8.0,114.39999999999999,9.0,0.0,-0.078125,True,Out of Stock,116.19999999999999,12.799999999999999,0
can rani goyave mixte avec pulpe 24cl x24,CMGA,0.0,5.84,CX,5.0,6.107,9.0,0.0,0.0,True,Out of Stock,1.8,0.2,0
can rani mangue 24cl x24,CMGA,0.0,11.0,CX,5.0,11.0,9.0,0.0,0.0,True,Out of Stock,0.9,0.1,0
can rani mixte pack 24cl x24,CMGA,0.0,3.0,CX,5.0,3.0,9.0,0.0,0.0,True,Out of Stock,0.9,0.1,0
can rani orange 24cl x24,CMGA,6.0,4.0,CX,5.0,8.5,9.0,0.0,4.615384615384615,True,Predicted Stockout Soon,5.700000000000001,1.3,0
can rani peche 24cl x24,CMGA,1.0,2.0,CX,5.0,2.0,9.0,0.0,5.0,True,Predicted Stockout Soon,0.8,0.2,0
can redbull 25cl x24,SOFIEX,0.0,5.55,CX,5.0,10.225,2.0,0.0,0.0,True,Out of Stock,0.4,0.2,0
can schweppes agrumes 25cl x24,IBS,3.0,104.0,AX,8.0,458.40000000000003,7.0,0.0,0.06944444444444443,True,Predicted Stockout Soon,352.6,50.800000000000004,0
can schweppes citron 25cl x24,IBS,54.0,40.0,BX,6.0,125.0,7.0,0.0,3.085714285714286,True,Predicted Stockout Soon,108.40000000000003,23.200000000000003,0
can schweppes mix agrumes et citron 25cl x24,IBS,0.0,47.0,CX,5.0,138.5,7.0,0.0,0.0,True,Out of Stock,161.0,23.0,0
can schweppes tonic 25cl x24,IBS,0.0,47.08,CX,5.0,122.57799999999999,7.0,0.0,0.0,True,Out of Stock,1.4000000000000001,0.2,0
can sprite 24cl x24,IBS,-19.0,50.11,CX,5.0,133.814,7.0,0.0,-0.27008336514922165,True,Out of Stock,20.4,0.2,0
can sprite 33cl x24,IBS,123.0,90.0,AX,8.0,410.6,7.0,0.0,2.6914660831509845,True,Predicted Stockout Soon,332.69999999999993,65.1,0
can sprite zéro 33cl x24,IBS,0.0,47.08,CX,5.0,122.57799999999999,7.0,0.0,0.0,True,Out of Stock,1.4000000000000001,0.2,0
can treme x gm 50cl x24,LSB,0.0,5.58,CX,5.0,9.055,1.0,0.0,0.0,True,Out of Stock,0.2,0.2,0
can treme x pm 33cl x24,LSB,0.0,5.58,CX,5.0,9.055,1.0,0.0,0.0,True,Out of Stock,0.2,0.2,0
can vicco malt 33cl x24,ACQUISITION,0.0,5.18,CZ,5.0,8.275,1.85,0.0,0.0,True,Out of Stock,0.37000000000000005,0.2,0
can vimto 33cl x24,EZAL TRADING,312.0,59.0,AX,8.0,317.5,1.86,0.0,8.666666666666666,True,Predicted Stockout Soon,0.0,45.800000000000004,0
can vimto malt 33cl x24,EZAL TRADING,177.0,44.0,BX,6.0,162.4,1.86,0.0,7.937219730941703,False,Order Soon,0.0,22.3,0
can vita malt classic 33cl x24,LSB,0.0,5.58,CX,5.0,9.055,1.0,0.0,0.0,True,Out of Stock,0.2,0.2,0
can wanga energy moyen 33cl x24,FMCG DISTRIBUTION,0.0,2.04,CX,5.0,5.985,1.86,0.0,0.09428571428571429,True,Out of Stock,0.37200000000000005,0.2,0
can world cola 33cl x24,SOBOA,0.0,22.65,CX,5.0,62.09,2.0,0.0,0.0,True,Out of Stock,0.4,0.2,0
can xl 50cl x24,IBS,0.0,47.08,CX,5.0,122.57799999999999,7.0,0.0,0.0,True,Out of Stock,1.4000000000000001,0.2,0
can zisan eau coconut 33cl x24,ZISAN SUARL,0.0,5.18,CZ,5.0,8.275,1.85,0.0,0.0,True,Out of Stock,0.37000000000000005,0.2,0
can zisan extra power energy moyen 33cl x24,ZISAN SUARL,0.0,7.33,CY,5.0,15.945,1.86,0.0,0.0,True,Out of Stock,0.37200000000000005,0.2,0
can zisan goyave 33cl x24,ZISAN SUARL,0.0,1.4,CX,5.0,1.54,1.86,0.0,0.0,True,Out of Stock,0.37200000000000005,0.2,0
can zisan malt 33cl x24,ZISAN SUARL,0.0,1.4,CX,5.0,1.54,1.86,0.0,0.0,True,Out of Stock,0.37200000000000005,0.2,0
can zisan tamarind 33cl x24,ZISAN SUARL,0.0,1.4,CX,5.0,1.54,1.86,0.0,0.0,True,Out of Stock,0.37200000000000005,0.2,0
carton batterie duracell pm aaa x10,CSPE,0.0,1.4,CX,5.0,1.54,1.86,0.0,0.0,True,Out of Stock,0.37200000000000005,0.2,0
carton bouillon tak tak poudre 1kg x12,Sonia,0.0,11.93,CX,5.0,22.105,14.0,0.0,0.0,True,Out of Stock,2.8000000000000003,0.2,0
carton spaghetti prima pm 500g x20,SOCADIS,0.0,1.4,CX,5.0,1.54,1.86,0.0,0.0,True,Out of Stock,0.37200000000000005,0.2,0
casamançaise le jus ananas 1l x6,SODECA,-2.0,76.0,CX,5.0,139.0,2.0,0.0,-0.046948356807511735,True,Out of Stock,42.400000000000006,20.200000000000003,0
casamançaise le jus bissap menthe 1l x6,SODECA,168.0,89.0,CX,5.0,232.0,2.0,0.0,4.48,True,Predicted Stockout Soon,0.0,49.5,0
casamançaise le jus bouye gingembre 1l x6,SODECA,0.0,113.0,CX,5.0,198.5,2.0,0.0,0.0,True,Out of Stock,56.800000000000004,28.400000000000002,0
casamançaise le jus ditakh 1l x6,SODECA,0.0,29.92,CX,5.0,70.265,2.0,0.0,0.0,True,Out of Stock,0.4,0.2,0
casamançaise le jus mad mangue 1l x6,SODECA,0.0,29.92,CX,5.0,70.265,2.0,0.0,0.0,True,Out of Stock,0.4,0.2,0
casamançaise le jus mini ananas 200ml x24,SODECA,0.0,29.92,CX,5.0,70.265,2.0,0.0,0.0,True,Out of Stock,0.4,0.2,0
casamançaise le jus mini bissap menthe 200ml x24,SODECA,0.0,51.0,CX,5.0,129.5,2.0,0.0,0.0,True,Out of Stock,38.6,19.3,0
casamançaise le jus mini ditakh 200ml x24,SODECA,0.0,29.92,CX,5.0,70.265,2.0,0.0,0.0,True,Out of Stock,0.4,0.2,0
casamançaise le jus mini mad mangue 200ml x24,SODECA,0.0,29.0,CX,5.0,39.0,2.0,0.0,0.0,True,Out of Stock,9.799999999999999,4.8999999999999995,0
casamançaise le jus mini orange 200ml x24,SODECA,0.0,22.0,CX,5.0,54.0,2.0,0.0,0.0,True,Out of Stock,17.2,8.6,0
casamançaise le jus mini tropical 200ml x24,SODECA,-2.0,29.0,CX,5.0,71.0,2.0,0.0,-0.12422360248447203,True,Out of Stock,34.2,16.1,0
casamançaise le jus orange 1l x6,SODECA,85.0,43.0,CX,5.0,117.0,2.0,0.0,4.450261780104712,True,Predicted Stockout Soon,0.0,29.1,0
casamançaise le jus tropical 1l x6,SODECA,149.0,79.0,CX,5.0,223.50000000000003,2.0,0.0,4.048913043478261,True,Predicted Stockout Soon,0.0,52.4,0
cerelac 3 fruits sachets 50g x80,Sedipal,65.0,13.0,CX,5.0,35.0,2.0,0.0,11.403508771929825,False,Stock OK,0.0,5.699999999999999,0
cerelac pot blé avec lait cereales 400g x12,Sedipal,10.0,2.0,CY,5.0,3.5,2.0,0.0,20.0,False,Stock OK,0.0,0.5,0
cerelac sachets blé cereales 50g x80,Sedipal,167.0,28.0,AX,8.0,126.0,2.0,0.0,11.928571428571429,False,Stock OK,0.0,17.8,0
cfa - cash,Maad,-20968593.0,20.97,CX,5.0,50.7145,1.86,0.0,119.86768562196067,True,Out of Stock,20968593.372,0.2,0
chapelet lait en poudre halib pm 20g x10,SENICO,1350.0,241.0,CX,5.0,625.5,16.0,0.0,13.366336633663366,False,Order Soon,827.5999999999999,136.1,0
chapelet lait en poudre laclait pm 20g x10,SENICO,109.0,20.0,CX,5.0,20.0,16.0,0.0,83.84615384615384,False,Stock OK,0.0,3.5,0
chapelet levure boulangere saf 11g x12,SOCOMAF,12.0,7.0,CX,5.0,7.5,1.86,0.0,15.000000000000002,False,Stock OK,0.0,1.4000000000000001,0
chargeur bamba fepp x5,Borodji Distribution,10.0,14.0,CX,5.0,22.5,4.0,0.0,3.225806451612903,True,Predicted Stockout Soon,3.200000000000001,3.3000000000000003,0
chargeur iphone x 5,Borodji Distribution,16.0,7.0,CX,5.0,16.0,4.0,0.0,6.4,True,Predicted Stockout Soon,0.0,2.9,0
chargeur type c x 5,Borodji Distribution,23.0,7.0,CX,5.0,10.0,4.0,0.0,25.555555555555554,False,Stock OK,0.0,0.9,0
chef aida mayonnaise 2.5l,SENAME,0.0,2.66,CX,5.0,3.605,8.0,0.0,2.4,True,Out of Stock,1.6,0.2,0
chef aida mayonnaise 25ml x144,SENAME,48.0,3.0,CX,5.0,7.0,8.0,0.0,43.63636363636363,False,Stock OK,0.0,1.2000000000000002,0
chef aida moutarde 1kg x6,SENAME,0.0,2.66,CX,5.0,3.605,8.0,0.0,2.4,True,Out of Stock,1.6,0.2,0
chewing-gum boule x1,Borodji Distribution,320.0,70.0,CX,5.0,145.5,4.0,0.0,14.479638009049772,False,Stock OK,0.0,30.400000000000002,0
chewing-gum mentos pot x100,Maroc Food,2011.0,240.0,BX,6.0,702.0,14.0,0.0,20.7319587628866,False,Order Soon,0.0,106.6,0
chewing-gum mentos sachet x50,Maroc Food,0.0,4.74,CX,5.0,7.45,14.0,0.0,0.0,True,Out of Stock,2.8000000000000003,0.2,0
chewing-gum minti boost pot x100,Noujaim Ets,0.0,10.83,CX,5.0,9.305,2.0,0.0,0.0,True,Out of Stock,0.4,0.2,0
chips buggy barbecue x24,SENFI SARL,0.0,23.0,CX,5.0,73.5,11.0,0.0,0.0,True,Out of Stock,183.70000000000005,16.700000000000003,0
chips buggy barbecue x50,SENFI SARL,0.0,9.99,CX,5.0,25.67,11.0,0.0,0.0,True,Out of Stock,2.2,0.2,0
chips buggy chili x24,SENFI SARL,0.0,9.99,CX,5.0,25.67,11.0,0.0,0.0,True,Out of Stock,2.2,0.2,0
chips buggy citron x24,SENFI SARL,0.0,9.99,CX,5.0,25.67,11.0,0.0,0.0,True,Out of Stock,2.2,0.2,0
chips buggy fromage x24,SENFI SARL,0.0,11.0,CY,5.0,28.0,11.0,0.0,0.0,True,Out of Stock,45.099999999999994,4.1,0
chips buggy fromage x50,SENFI SARL,0.0,9.99,CX,5.0,25.67,11.0,0.0,0.0,True,Out of Stock,2.2,0.2,0
chips buggy guud puff barbecue x24,SENFI SARL,500.0,35.0,CX,5.0,103.0,11.0,0.0,29.23976608187134,False,Stock OK,0.0,21.900000000000002,0
chips buggy guud puff fromage x24,SENFI SARL,348.0,42.0,CX,5.0,128.0,11.0,0.0,17.313432835820894,False,Order Soon,0.0,21.400000000000002,0
chips buggy jakarta ketchup x48,SENFI SARL,0.0,9.99,CX,5.0,25.67,11.0,0.0,0.0,True,Out of Stock,2.2,0.2,0
chips buggy ketchup x24,SENFI SARL,0.0,11.0,CX,5.0,28.999999999999996,11.0,0.0,0.0,True,Out of Stock,51.69999999999999,4.699999999999999,0
chips buggy ketchup x50,SENFI SARL,0.0,9.99,CX,5.0,25.67,11.0,0.0,0.0,True,Out of Stock,2.2,0.2,0
chips buggy oignons x24,SENFI SARL,0.0,11.0,CX,5.0,28.0,11.0,0.0,0.0,True,Out of Stock,49.5,4.5,0
chips buggy potato barbecue x24,SENFI SARL,142.0,16.0,CX,5.0,36.0,11.0,0.0,25.357142857142858,False,Stock OK,0.0,6.0,0
chips buggy potato sel x24,SENFI SARL,115.0,10.0,CX,5.0,29.0,11.0,0.0,23.958333333333336,False,Stock OK,0.0,5.3999999999999995,0
chips buggy sweet chili x24,SENFI SARL,150.0,12.0,CX,5.0,31.5,11.0,0.0,1500.0,False,Stock OK,0.0,5.1,0
chips buggy teddy choco x24,SENFI SARL,0.0,9.99,CX,5.0,25.67,11.0,0.0,0.0,True,Out of Stock,2.2,0.2,0
chips buggy wavy paprika x50,SENFI SARL,0.0,9.99,CX,5.0,25.67,11.0,0.0,0.0,True,Out of Stock,2.2,0.2,0
chips buggy wavy x24,SENFI SARL,0.0,9.99,CX,5.0,25.67,11.0,0.0,0.0,True,Out of Stock,2.2,0.2,0
chips chocolat corn,IMS - African Chips,0.0,23.45,CX,5.0,63.875,4.0,0.0,0.0,True,Out of Stock,0.8,0.2,0
chips coco meew 35g x24,IMS - African Chips,0.0,7.0,CX,5.0,17.0,4.0,0.0,0.0,True,Out of Stock,10.8,2.7,0
chips fiesta cheese burger x24,IMS - African Chips,0.0,23.45,CX,5.0,63.875,4.0,0.0,0.0,True,Out of Stock,0.8,0.2,0
chips fiesta foot ball x24,IMS - African Chips,0.0,16.0,CX,5.0,35.5,4.0,0.0,0.0,True,Out of Stock,22.0,5.5,0
chips fiesta meew 30g x24,IMS - African Chips,17.0,26.0,CX,5.0,81.5,4.0,0.0,1.2408759124087592,True,Predicted Stockout Soon,44.6,15.4,0
chips fiesta meew vanille 50f 15g x48,IMS - African Chips,2.0,24.0,CX,5.0,49.5,4.0,0.0,0.3333333333333333,True,Predicted Stockout Soon,22.0,6.0,0
chips fiesta potata fromage x24,IMS - African Chips,0.0,23.45,CX,5.0,63.875,4.0,0.0,0.0,True,Out of Stock,0.8,0.2,0
chips fiesta potata ketchup x24,IMS - African Chips,0.0,23.45,CX,5.0,63.875,4.0,0.0,0.0,True,Out of Stock,0.8,0.2,0
chips fiesta potata poulet x24,IMS - African Chips,0.0,23.45,CX,5.0,63.875,4.0,0.0,0.0,True,Out of Stock,0.8,0.2,0
chips fiesta potata sel x24,IMS - African Chips,0.0,23.45,CX,5.0,63.875,4.0,0.0,0.0,True,Out of Stock,0.8,0.2,0
chips fiesta puffs fromage,IMS - African Chips,0.0,38.0,CX,5.0,91.0,4.0,0.0,0.0,True,Out of Stock,75.2,18.8,0
chips fiesta stick nacho fromage,IMS - African Chips,0.0,23.45,CX,5.0,63.875,4.0,0.0,0.0,True,Out of Stock,0.8,0.2,0
chips fiesta sweet chili x24,IMS - African Chips,0.0,23.45,CX,5.0,63.875,4.0,0.0,0.0,True,Out of Stock,0.8,0.2,0
chips goody's barbecue 160g x14,ATCS,0.0,1.4,CX,5.0,1.54,1.86,0.0,0.0,True,Out of Stock,0.37200000000000005,0.2,0
chips goody's hot et spicy 160g x14,ATCS,0.0,1.4,CX,5.0,1.54,1.86,0.0,0.0,True,Out of Stock,0.37200000000000005,0.2,0
chips goody's original 160g x14,ATCS,0.0,1.4,CX,5.0,1.54,1.86,0.0,0.0,True,Out of Stock,0.37200000000000005,0.2,0
chips goody's saveur paprika 160g x14,ATCS,0.0,1.4,CX,5.0,1.54,1.86,0.0,0.0,True,Out of Stock,0.37200000000000005,0.2,0
chips lays bbq pm x24,Saprolait,0.0,5.26,CX,5.0,10.02,4.0,0.0,0.0,True,Out of Stock,0.8,0.2,0
chips lays nature pm x24,Saprolait,1.0,5.54,CX,5.0,9.895,4.0,0.0,0.14761263137738828,True,Predicted Stockout Soon,0.0,0.2,0
chips lays poulet roti pm x24,Saprolait,0.0,5.26,CX,5.0,10.02,4.0,0.0,0.0,True,Out of Stock,0.8,0.2,0
chips meew corn toon 100f 35g x24,IMS - African Chips,-6.0,30.3,CX,5.0,79.515,4.0,0.0,-0.27234279865375255,True,Out of Stock,6.8,0.2,0
chips mini fiesta potato stick x50,IMS - African Chips,0.0,34.0,CX,5.0,82.5,4.0,0.0,0.0,True,Out of Stock,52.4,13.1,0
chips moda fromage x24,Futur Food,250.0,31.0,CX,5.0,68.5,0.0,0.0,23.58490566037736,False,Stock OK,0.0,14.5,0
chips moda ketchup x24,Futur Food,161.0,17.0,CX,5.0,49.99999999999999,0.0,0.0,19.397590361445786,False,Stock OK,0.0,10.799999999999999,0
chips moda poulet x24,Futur Food,201.0,25.0,CX,5.0,64.5,0.0,0.0,19.326923076923077,False,Stock OK,0.0,12.2,0
chips moda sel x24,Futur Food,454.0,49.0,CX,5.0,124.00000000000001,0.0,0.0,22.81407035175879,False,Stock OK,0.0,29.0,0
chips potata 15g x50,MBD SUARL,67.0,23.0,CZ,5.0,56.5,0.0,0.0,7.444444444444445,False,Stock OK,0.0,14.2,0
chips potata 80g x48,MBD SUARL,152.0,28.0,BX,6.0,99.19999999999999,0.0,0.0,10.704225352112676,False,Stock OK,0.0,16.200000000000003,0
chips potata epicé 30g x48,MBD SUARL,13.0,10.0,CX,5.0,25.0,0.0,0.0,3.25,True,Predicted Stockout Soon,0.0,5.5,0
chips potata oignon 30g x48,MBD SUARL,0.0,4.05,CX,5.0,6.28,0.0,0.0,2.791666666666666,True,Out of Stock,0.0,0.2,0
chips pringles gm barbecue x19,CSPE,0.0,1.4,CX,5.0,1.54,1.86,0.0,0.0,True,Out of Stock,0.37200000000000005,0.2,0
chips pringles gm original x19,CSPE,0.0,1.4,CX,5.0,1.54,1.86,0.0,0.0,True,Out of Stock,0.37200000000000005,0.2,0
chips pringles gm sel vinaigre x19,CSPE,0.0,1.4,CX,5.0,1.54,1.86,0.0,0.0,True,Out of Stock,0.37200000000000005,0.2,0
chips pringles pm x12,Borodji Distribution,76.0,15.0,CX,5.0,33.5,4.0,0.0,69.09090909090908,False,Stock OK,0.0,5.199999999999999,0
chips sama doom x48,IMS - African Chips,6.0,28.0,CZ,5.0,84.0,4.0,0.0,0.42857142857142855,True,Predicted Stockout Soon,66.4,18.1,0
chocolat chocomousse 1kg x6,CDA,0.0,4.07,CX,5.0,6.115,0.0,0.0,1.2766666666666666,True,Out of Stock,0.0,0.2,0
chocolat chocomousse 400g x12,CDA,0.0,4.07,CX,5.0,6.115,0.0,0.0,1.2766666666666666,True,Out of Stock,0.0,0.2,0
chocolat chocomousse 500g x6,CDA,0.0,4.07,CX,5.0,6.115,0.0,0.0,1.2766666666666666,True,Out of Stock,0.0,0.2,0
chocolat chocomousse 800g x6,CDA,0.0,4.07,CX,5.0,6.115,0.0,0.0,1.2766666666666666,True,Out of Stock,0.0,0.2,0
chocolat chocomousse seau 2.5kg x1,CDA,0.0,4.07,CX,5.0,6.115,0.0,0.0,1.2766666666666666,True,Out of Stock,0.0,0.2,0
chocolat chocopain 1kg x6,Patisen,228.0,33.0,AZ,10.0,200.50000000000003,9.0,0.0,12.391304347826086,False,Order Soon,0.0,22.0,0
chocolat chocopain 250g x24,Patisen,27.0,19.0,CZ,5.0,54.0,9.0,0.0,3.033707865168539,True,Predicted Stockout Soon,57.60000000000001,9.4,0
chocolat chocopain 500g x12,Patisen,178.0,50.0,AZ,10.0,306.0,9.0,0.0,6.334519572953736,True,Predicted Stockout Soon,107.30000000000001,31.700000000000003,0
chocolat chocopain sachets 15g x360,Patisen,0.0,9.55,CX,5.0,24.35,9.0,0.0,0.0,True,Out of Stock,1.8,0.2,0
chocolat chocopain seau 2.5 kg x1,Patisen,0.0,9.55,CX,5.0,24.35,9.0,0.0,0.0,True,Out of Stock,1.8,0.2,0
chocolat delia 1kg x6,SENICO,24.0,9.01,CX,5.0,17.69,16.0,0.0,9.751275873252514,False,Order Soon,0.0,0.2,0
chocolat delia 250g x12,SENICO,17.0,4.73,CX,5.0,7.69,16.0,0.0,10.051323139124229,False,Order Soon,0.0,0.2,0
chocolat delia 500g x12,SENICO,0.0,3.49,CX,5.0,6.525,16.0,0.0,0.0,True,Out of Stock,3.2,0.2,0
chocolat delia stick 12g x360,SENICO,0.0,3.49,CX,5.0,6.525,16.0,0.0,0.0,True,Out of Stock,3.2,0.2,0
chocolat mon choco 1kg x6,FKS,10.0,10.0,BY,6.0,26.6,8.0,0.0,2.7777777777777777,True,Predicted Stockout Soon,23.599999999999994,4.199999999999999,0
chocolat mon choco 250g x12,FKS,5.0,8.0,BY,6.0,25.0,8.0,0.0,1.4285714285714286,True,Predicted Stockout Soon,23.0,3.5,0
chocolat mon choco 500g x12,FKS,30.0,18.0,BY,6.0,55.199999999999996,8.0,0.0,3.8961038961038965,True,Predicted Stockout Soon,39.599999999999994,8.7,0
chocolat nutella 350g x5,SOFIEX,0.0,5.0,CX,5.0,9.0,2.0,0.0,0.0,True,Out of Stock,2.6,1.3,0
chocolat poudre kangoo sachets 10g x60,Patisen,0.0,107.0,CZ,5.0,298.5,9.0,0.0,0.0,True,Out of Stock,441.0,49.0,0
chocolat saray cikonella en tube 22g x24,LSB,0.0,5.58,CX,5.0,9.055,1.0,0.0,0.0,True,Out of Stock,0.2,0.2,0
clous de girofle (khorome polé) 1/2 kg,Mame Thierno & Freres,200.0,58.0,CX,5.0,188.5,1.85,0.0,7.905138339920948,False,Order Soon,0.0,25.3,0
colle crazy super glue 500f x25,Borodji Distribution,2.0,7.2,CX,5.0,13.205,4.0,0.0,0.6162658866846308,True,Predicted Stockout Soon,0.0,0.2,0
colle crazy super glue x10,Borodji Distribution,274.0,96.0,CX,5.0,205.0,4.0,0.0,10.66147859922179,False,Order Soon,0.0,25.700000000000003,0
conserves ananas morceaux dianor 565g x12,EZAL TRADING,61.0,20.0,CX,5.0,56.0,1.86,0.0,6.630434782608696,False,Order Soon,0.0,10.5,0
conserves ananas morceaux dianor 565g x24,EZAL TRADING,0.0,1.4,CX,5.0,1.54,1.86,0.0,0.0,True,Out of Stock,0.37200000000000005,0.2,0
conserves ananas morceaux prima 565g x12,ARIMEX,87.0,27.0,CX,5.0,64.5,8.0,0.0,8.529411764705882,False,Order Soon,15.399999999999991,12.799999999999999,0
conserves ananas morceaux sofia 565g x12,SOFIEX,0.0,2.0,BY,6.0,2.0,2.0,0.0,0.0,True,Out of Stock,0.2,0.1,0
conserves ananas tranches entières diarama 565g x12,SOCOMAF,0.0,1.74,CX,5.0,2.685,1.86,0.0,0.0,True,Out of Stock,0.37200000000000005,0.2,0
conserves ananas tranches entières sofia 565g x12,SOFIEX,0.0,5.55,CX,5.0,10.225,2.0,0.0,0.0,True,Out of Stock,0.4,0.2,0
conserves haricots blanc divino gm 800g x12,FMCG DISTRIBUTION,0.0,2.04,CX,5.0,5.985,1.86,0.0,0.09428571428571429,True,Out of Stock,0.37200000000000005,0.2,0
conserves macedoine de legumes avril 400g x12,SOFIEX,11.0,11.0,CX,5.0,22.5,2.0,0.0,3.235294117647059,True,Predicted Stockout Soon,0.0,3.8000000000000003,0
conserves maïs avril 300g x12,SOFIEX,16.0,4.0,CX,5.0,11.5,2.0,0.0,8.421052631578947,False,Stock OK,0.0,2.2,0
conserves maïs bon appétit 340g x12,CMGA,0.0,8.84,CZ,5.0,13.402000000000001,9.0,0.0,0.0,True,Out of Stock,1.8,0.2,0
conserves maïs bon appétit 850g x12,CMGA,0.0,5.84,CX,5.0,6.107,9.0,0.0,0.0,True,Out of Stock,1.8,0.2,0
conserves maïs doux jollie 340g x12,ARIMEX,0.0,7.09,CX,5.0,17.065,8.0,0.0,0.0,True,Out of Stock,1.6,0.2,0
conserves petit pois amor gm 800g x12,CMGA,30.0,19.0,CX,5.0,44.5,9.0,0.0,4.285714285714286,True,Predicted Stockout Soon,58.19999999999999,9.799999999999999,0
conserves petit pois amor pm 400g x24,CMGA,20.0,16.0,CX,5.0,46.0,9.0,0.0,2.6315789473684212,True,Predicted Stockout Soon,61.89999999999999,9.1,0
conserves petit pois avril doux garden 400g x12,SOFIEX,23.0,15.0,CX,5.0,35.0,2.0,0.0,4.6938775510204085,True,Predicted Stockout Soon,0.0,4.8999999999999995,0
conserves petit pois dieg gm 800g x12,SOCAS,1.0,5.0,CX,5.0,9.0,1.0,0.0,0.7692307692307692,True,Predicted Stockout Soon,1.3000000000000003,2.3000000000000003,0
conserves petit pois dieg pm 400g x12,SOCAS,8.0,5.0,CX,5.0,9.5,1.0,0.0,8.0,True,Predicted Stockout Soon,0.0,1.0,0
conserves petit pois divino gm 800g x12,FMCG DISTRIBUTION,0.0,2.04,CX,5.0,5.985,1.86,0.0,0.09428571428571429,True,Out of Stock,0.37200000000000005,0.2,0
conserves petit pois divino pm 400g x12,FMCG DISTRIBUTION,1.0,3.55,CX,5.0,8.75,1.86,0.0,0.5313846145168314,True,Predicted Stockout Soon,0.0,0.2,0
conserves petit pois mis gm 800g x12,COSEDI,100.0,14.0,BZ,8.0,59.0,14.0,0.0,1000.0,False,Order Soon,0.0,6.5,0
conserves petit pois mis pm 400g x24,COSEDI,115.0,16.0,BZ,8.0,70.4,14.0,0.0,1150.0,False,Order Soon,0.0,7.8,0
conserves petits pois avril trés fins 400g x12,SOFIEX,0.0,5.55,CX,5.0,10.225,2.0,0.0,0.0,True,Out of Stock,0.4,0.2,0
corned boeuf - boeuf armanti 340g x24,CAYOR,0.0,1.4,CX,5.0,1.54,1.86,0.0,0.0,True,Out of Stock,0.37200000000000005,0.2,0
corned boeuf - boeuf belqis pm rond 200g x24,LSB,0.0,5.58,CX,5.0,9.055,1.0,0.0,0.0,True,Out of Stock,0.2,0.2,0
corned boeuf - boeuf gm 850g x12,LSB,0.0,5.58,CX,5.0,9.055,1.0,0.0,0.0,True,Out of Stock,0.2,0.2,0
corned boeuf - boeuf gm rect 320g x24,ARIMEX,0.0,7.09,CX,5.0,17.065,8.0,0.0,0.0,True,Out of Stock,1.6,0.2,0
corned boeuf - boeuf harbiya 340g x24,LSB,0.0,5.58,CX,5.0,9.055,1.0,0.0,0.0,True,Out of Stock,0.2,0.2,0
corned boeuf - boeuf lunchone 340g x24,LSB,0.0,5.58,CX,5.0,9.055,1.0,0.0,0.0,True,Out of Stock,0.2,0.2,0
corned boeuf - boeuf lunchone pm rect 200g x24,LSB,0.0,5.58,CX,5.0,9.055,1.0,0.0,0.0,True,Out of Stock,0.2,0.2,0
corned boeuf - boeuf pm rond 200g x24,LSB,0.0,7.37,CZ,5.0,11.26,1.0,0.0,0.0,True,Out of Stock,0.2,0.2,0
corned boeuf - boeuf rouge gm 850g x12,LSB,0.0,5.58,CX,5.0,9.055,1.0,0.0,0.0,True,Out of Stock,0.2,0.2,0
corned boeuf - boeuf sara gm 340g x24,LAFIMEX,0.0,46.0,CZ,5.0,139.5,5.0,0.0,0.0,True,Out of Stock,142.0,28.400000000000002,0
corned boeuf - boeuf sara pm 190g x24,LAFIMEX,319.0,42.0,CZ,5.0,128.5,5.0,0.0,14.837209302325581,False,Stock OK,0.0,23.400000000000002,0
corned boeuf - boeuf zwan 200g,Saprolait,1.0,5.54,CX,5.0,9.895,4.0,0.0,0.14761263137738828,True,Predicted Stockout Soon,0.0,0.2,0
corned boeuf - bouef alattyab rond 200g x24,LSB,-1.0,7.46,CX,5.0,13.985,1.0,0.0,-0.07753911055760582,True,Out of Stock,1.2,0.2,0
corned boeuf - poulet alatyab gm 340g x24,LSB,0.0,5.58,CX,5.0,9.055,1.0,0.0,0.0,True,Out of Stock,0.2,0.2,0
corned boeuf - poulet alatyab pm 200g x24,LSB,0.0,5.58,CX,5.0,9.055,1.0,0.0,0.0,True,Out of Stock,0.2,0.2,0
corned boeuf - poulet alatyab rond 200g x24,CAYOR,-1.0,4.0,CX,5.0,7.645,1.86,0.0,-0.07569152436635605,True,Out of Stock,1.372,0.2,0
corned boeuf - poulet alatyab rouge rond gm 850g x12,LSB,0.0,5.58,CX,5.0,9.055,1.0,0.0,0.0,True,Out of Stock,0.2,0.2,0
corned boeuf - poulet armanti 320g x24,CAYOR,0.0,1.4,CX,5.0,1.54,1.86,0.0,0.0,True,Out of Stock,0.37200000000000005,0.2,0
corned boeuf - poulet belqis rond gm 850g x12,LSB,0.0,5.58,CX,5.0,9.055,1.0,0.0,0.0,True,Out of Stock,0.2,0.2,0
corned boeuf - poulet gm rect 320g x24,ARIMEX,0.0,7.09,CX,5.0,17.065,8.0,0.0,0.0,True,Out of Stock,1.6,0.2,0
corned boeuf - poulet harbiya gm 340g x24,LSB,0.0,5.58,CX,5.0,9.055,1.0,0.0,0.0,True,Out of Stock,0.2,0.2,0
corned boeuf - poulet luncheone rond gm 850g x12,LSB,0.0,5.58,CX,5.0,9.055,1.0,0.0,0.0,True,Out of Stock,0.2,0.2,0
corned boeuf - poulet lunchone gm rect 340g x24,LSB,0.0,5.58,CX,5.0,9.055,1.0,0.0,0.0,True,Out of Stock,0.2,0.2,0
corned boeuf - poulet lunchone gm rond 340g x24,LSB,0.0,5.58,CX,5.0,9.055,1.0,0.0,0.0,True,Out of Stock,0.2,0.2,0
corned boeuf - poulet lunchone pm rect 200g x24,LSB,0.0,5.58,CX,5.0,9.055,1.0,0.0,0.0,True,Out of Stock,0.2,0.2,0
corned boeuf - poulet mortella gm rond 340g x24,LSB,0.0,5.58,CX,5.0,9.055,1.0,0.0,0.0,True,Out of Stock,0.2,0.2,0
corned boeuf - poulet mortella pm 200g x24,LSB,0.0,5.58,CX,5.0,9.055,1.0,0.0,0.0,True,Out of Stock,0.2,0.2,0
corned boeuf - poulet pm rond 200g x24,LSB,0.0,5.58,CX,5.0,9.055,1.0,0.0,0.0,True,Out of Stock,0.2,0.2,0
corned boeuf - poulet rond gm 850g x12,LSB,0.0,5.58,CX,5.0,9.055,1.0,0.0,0.0,True,Out of Stock,0.2,0.2,0
corned boeuf - poulet rond rouge pm 200g x24,LSB,2.0,5.13,CX,5.0,8.075,1.0,0.0,1.2273974314106573,True,Predicted Stockout Soon,0.0,0.2,0
corned boeuf - poulet sara gm 340g x24,LAFIMEX,342.0,27.0,CZ,5.0,79.0,5.0,0.0,74.34782608695653,False,Stock OK,0.0,13.1,0
corned boeuf - poulet sara pm 190g x24,LAFIMEX,93.0,42.0,CZ,5.0,114.50000000000001,5.0,0.0,5.2542372881355925,True,Predicted Stockout Soon,0.0,17.700000000000003,0
corned boeuf - poulet zwan 200g,Saprolait,0.0,5.26,CX,5.0,10.02,4.0,0.0,0.0,True,Out of Stock,0.8,0.2,0
cornichon 370ml x12,CMGA,0.0,5.84,CX,5.0,6.107,9.0,0.0,0.0,True,Out of Stock,1.8,0.2,0
coton tige x24,Borodji Distribution,274.0,47.0,CX,5.0,109.0,4.0,0.0,16.023391812865494,False,Stock OK,0.0,27.200000000000003,0
couches babidou taille 2 - x5,NOVATIS,0.0,1.4,CX,5.0,1.54,1.86,0.0,0.0,True,Out of Stock,0.37200000000000005,0.2,0
couches babidou taille 3 - x5,NOVATIS,0.0,1.4,CX,5.0,1.54,1.86,0.0,0.0,True,Out of Stock,0.37200000000000005,0.2,0
couches babidou taille 4 - x5,NOVATIS,0.0,1.4,CX,5.0,1.54,1.86,0.0,0.0,True,Out of Stock,0.37200000000000005,0.2,0
couches galaxy taille 2 x102,Ya Salam Distribution SUARL,0.0,1.4,CX,5.0,1.54,1.86,0.0,0.0,True,Out of Stock,0.37200000000000005,0.2,0
couches galaxy taille 3 x90,Ya Salam Distribution SUARL,0.0,1.4,CX,5.0,1.54,1.86,0.0,0.0,True,Out of Stock,0.37200000000000005,0.2,0
couches galaxy taille 4 x81,Ya Salam Distribution SUARL,0.0,1.4,CX,5.0,1.54,1.86,0.0,0.0,True,Out of Stock,0.37200000000000005,0.2,0
couches lilas taille 2 - x5,SAH SN,1.0,7.0,CX,5.0,18.0,17.0,0.0,0.45454545454545453,True,Predicted Stockout Soon,36.400000000000006,2.2,0
couches lilas taille 3 - x5,SAH SN,25.0,23.0,CX,5.0,67.5,17.0,0.0,2.450980392156863,True,Predicted Stockout Soon,148.39999999999998,10.2,0
couches lilas taille 4 - x5,SAH SN,273.0,44.0,BX,6.0,151.60000000000002,17.0,0.0,12.638888888888888,False,Order Soon,187.70000000000005,27.1,0
couches smiley taille 2 - 36 (3 - 5kg),FSP,0.0,5.36,CX,5.0,11.97,4.0,0.0,0.0,True,Out of Stock,0.8,0.2,0
couches smiley taille 3 - 32 (5 - 10kg),FSP,0.0,5.36,CX,5.0,11.97,4.0,0.0,0.0,True,Out of Stock,0.8,0.2,0
couches smiley taille 4 - 28 (9 - 18kg),FSP,0.0,5.36,CX,5.0,11.97,4.0,0.0,0.0,True,Out of Stock,0.8,0.2,0
couches smiley taille 5 - 24 (15 - 25kg),FSP,0.0,5.36,CX,5.0,11.97,4.0,0.0,0.0,True,Out of Stock,0.8,0.2,0
couches softcare blanc taille 3 - x5 nouveau format,Softcare,24.0,34.0,CX,5.0,73.0,5.0,0.0,2.142857142857143,True,Predicted Stockout Soon,50.0,14.799999999999999,0
couches softcare blanc taille 4 - x5 nouveau format,Softcare,26.0,62.0,CX,5.0,168.0,5.0,0.0,0.948905109489051,True,Predicted Stockout Soon,116.5,28.5,0
couches softcare bleu taille 4 - x5,Softcare,234.0,188.0,AY,8.0,958.0,5.0,0.0,2.7336448598130842,True,Predicted Stockout Soon,194.0,85.6,0
couches softcare taille 2 - x5,Softcare,103.0,30.0,BY,6.0,130.8,5.0,0.0,5.988372093023255,True,Predicted Stockout Soon,0.0,17.200000000000003,0
couches softcare taille 3 - x5,Softcare,95.0,74.0,BX,6.0,272.8,5.0,0.0,2.932098765432099,True,Predicted Stockout Soon,67.0,32.4,0
couscous brio fin gm 1kg x12,Borodji Distribution,0.0,6.57,CX,5.0,13.47,4.0,0.0,0.0,True,Out of Stock,0.8,0.2,0
couscous brio fin pm 500g x24,Borodji Distribution,0.0,6.57,CX,5.0,13.47,4.0,0.0,0.0,True,Out of Stock,0.8,0.2,0
couscous brio moyen gm 1kg x12,Borodji Distribution,0.0,6.57,CX,5.0,13.47,4.0,0.0,0.0,True,Out of Stock,0.8,0.2,0
couscous brio moyen pm 500g x24,Borodji Distribution,0.0,6.57,CX,5.0,13.47,4.0,0.0,0.0,True,Out of Stock,0.8,0.2,0
couscous dalia fin gm 1kg x12,SOCADIS,0.0,1.4,CX,5.0,1.54,1.86,0.0,0.0,True,Out of Stock,0.37200000000000005,0.2,0
couscous dalia moyen gm 1kg x12,SOCADIS,0.0,1.4,CX,5.0,1.54,1.86,0.0,0.0,True,Out of Stock,0.37200000000000005,0.2,0
couscous fin diari gm 1kg x10,SOCOMAF,31.0,9.0,CX,5.0,18.5,1.86,0.0,11.071428571428571,False,Stock OK,0.0,3.4,0
couscous fin kayna gm 1kg x12,ARIMEX,0.0,52.0,BX,6.0,145.4,8.0,0.0,0.0,True,Out of Stock,260.0,32.5,0
couscous fin kayna pm 500g x20,ARIMEX,-1.0,45.0,BX,6.0,186.3,8.0,0.0,-0.03663003663003663,True,Out of Stock,219.4,27.3,0
couscous fin mis gm 1kg x10,COSEDI,0.0,5.39,CX,5.0,7.325,14.0,0.0,44.07884615384615,True,Out of Stock,2.8000000000000003,0.2,0
couscous fin nor'dar 500g x20,ARIMEX,0.0,7.09,CX,5.0,17.065,8.0,0.0,0.0,True,Out of Stock,1.6,0.2,0
couscous moyen capa 1kg x10,SEDIPAL 2,0.0,5.26,CX,5.0,10.02,4.0,0.0,0.0,True,Out of Stock,0.8,0.2,0
couscous moyen kayna gm 1kg x12,ARIMEX,0.0,7.09,CX,5.0,17.065,8.0,0.0,0.0,True,Out of Stock,1.6,0.2,0
couscous moyen kayna pm 500g x20,ARIMEX,-2.0,12.99,CX,5.0,37.78,8.0,0.0,-0.08327133127954131,True,Out of Stock,3.6,0.2,0
couscous sultane 1kg x10,COSEDI,0.0,5.39,CX,5.0,7.325,14.0,0.0,44.07884615384615,True,Out of Stock,2.8000000000000003,0.2,0
couteau 100f x12,Borodji Distribution,195.0,42.0,CX,5.0,112.00000000000001,4.0,0.0,10.714285714285712,False,Order Soon,0.0,22.200000000000003,0
couteau 200f x6,Borodji Distribution,465.0,74.0,CX,5.0,198.0,4.0,0.0,14.440993788819874,False,Stock OK,0.0,39.1,0
couvercles tasses à jus x50,Multicafé,299.0,95.43,CX,5.0,222.842,5.0,0.0,10.887224342434724,False,Order Soon,0.0,0.2,0
crayon noir sans gomme x1,SOCOMAF,0.0,1.74,CX,5.0,2.685,1.86,0.0,0.0,True,Out of Stock,0.37200000000000005,0.2,0
crème défrisante vitalys 120ml x6,Sivop,1.0,13.0,CX,5.0,27.499999999999996,1.86,0.0,0.23809523809523814,True,Predicted Stockout Soon,10.532,6.199999999999999,0
cuillère x12,Borodji Distribution,316.0,91.0,CX,5.0,185.0,4.0,0.0,11.575091575091575,False,Stock OK,0.0,27.3,0
cure dent x12,Borodji Distribution,143.0,39.0,CX,5.0,100.0,4.0,0.0,8.88198757763975,False,Order Soon,0.0,19.200000000000003,0
dattes al jazira branché 1kg x12,ARIMEX,0.0,7.09,CX,5.0,17.065,8.0,0.0,0.0,True,Out of Stock,1.6,0.2,0
dattes al jazira branché 2kg x1,ARIMEX,0.0,7.09,CX,5.0,17.065,8.0,0.0,0.0,True,Out of Stock,1.6,0.2,0
dattes al jazira standard 1kg x12,ARIMEX,0.0,7.09,CX,5.0,17.065,8.0,0.0,0.0,True,Out of Stock,1.6,0.2,0
dattes al jazira standard 5kg x1,ARIMEX,0.0,7.09,CX,5.0,17.065,8.0,0.0,0.0,True,Out of Stock,1.6,0.2,0
dattes en vrac 10kg,VITFE,0.0,10.5,CX,5.0,13.165,1.86,0.0,0.0,True,Out of Stock,0.37200000000000005,0.2,0
dattes ravier 250gx24,FMCG DISTRIBUTION,0.0,2.04,CX,5.0,5.985,1.86,0.0,0.09428571428571429,True,Out of Stock,0.37200000000000005,0.2,0
dattes ravier 500g x12,FMCG DISTRIBUTION,0.0,2.04,CX,5.0,5.985,1.86,0.0,0.09428571428571429,True,Out of Stock,0.37200000000000005,0.2,0
dentifrice colgate 140g x12,EMAB,174.0,20.0,BZ,8.0,72.4,1.86,0.0,22.307692307692307,False,Stock OK,0.0,10.799999999999999,0
dentifrice colgate 35g x12,EMAB,57.0,7.0,CX,5.0,16.0,1.86,0.0,27.142857142857142,False,Stock OK,0.0,2.1,0
dentifrice colgate charbon 120g x12,EMAB,0.0,4.0,CX,5.0,8.5,1.86,0.0,0.0,True,Out of Stock,3.72,2.0,0
dentifrice colgate herbal 150g x12,EMAB,79.0,3.0,CZ,5.0,7.0,1.86,0.0,79.0,False,Stock OK,0.0,1.0,0
dentifrice colgate max fresh menthe 130g x12,EMAB,0.0,7.62,CY,5.0,16.92,1.86,0.0,0.06666666666666667,True,Out of Stock,0.37200000000000005,0.2,0
dentifrice colgate max fresh rouge 130g x12,EMAB,322.0,23.0,CZ,5.0,57.99999999999999,1.85,0.0,34.623655913978496,False,Stock OK,0.0,13.5,0
dentifrice mediann gm 100g x12,SCD,86.0,15.0,CY,5.0,42.0,1.0,0.0,12.46376811594203,False,Stock OK,0.0,7.5,0
dentifrice mediann gm 150g x6,SCD,65.0,5.0,CX,5.0,7.0,1.0,0.0,92.85714285714286,False,Stock OK,0.0,0.7,0
dentifrice mediann max gm 120g x12,SCD,52.0,7.0,CX,5.0,12.5,1.0,0.0,43.33333333333333,False,Stock OK,0.0,1.2000000000000002,0
dentifrice mediann pm 40g x12,SCD,54.0,15.0,CY,5.0,41.0,1.0,0.0,8.059701492537314,False,Stock OK,0.0,8.0,0
dentifrice medident gm 150g x12,SCD,13.0,9.0,CX,5.0,17.0,1.0,0.0,8.666666666666666,True,Predicted Stockout Soon,0.0,1.5,0
dentifrice mera 120g x12,H&D Industries,37.0,16.0,CX,5.0,44.5,10.0,0.0,5.068493150684931,True,Predicted Stockout Soon,45.999999999999986,8.299999999999999,0
dentifrice oral b fresh gel 140g x6,WADIC,0.0,28.67,CX,5.0,49.195,1.86,0.0,0.0,True,Out of Stock,0.37200000000000005,0.2,0
dentifrice oral b menthe gel 140g x6,WADIC,0.0,28.67,CX,5.0,49.195,1.86,0.0,0.0,True,Out of Stock,0.37200000000000005,0.2,0
dentifrice signal 150g x12,CSPE,0.0,1.4,CX,5.0,1.54,1.86,0.0,0.0,True,Out of Stock,0.37200000000000005,0.2,0
dentifrice vitfé fresh x6,VITFE,0.0,10.5,CX,5.0,13.165,1.86,0.0,0.0,True,Out of Stock,0.37200000000000005,0.2,0
dentifrice vitfé x6,VITFE,0.0,10.5,CX,5.0,13.165,1.86,0.0,0.0,True,Out of Stock,0.37200000000000005,0.2,0
double brosse a dents colgate x24,EMAB,0.0,2.63,CX,5.0,4.8,1.86,0.0,0.06666666666666667,True,Out of Stock,0.37200000000000005,0.2,0
désodorisant  nova 500 ml x6,Sivop,60.0,18.0,CX,5.0,49.0,1.86,0.0,7.5,False,Order Soon,0.0,10.5,0
désodorisant  nova textile   500 ml x6,Sivop,0.0,3.9,CX,5.0,4.93,1.86,0.0,0.03571428571428571,True,Out of Stock,0.37200000000000005,0.2,0
désodorisant belair ananas coco 400 ml x6,Dream Cosmetics,0.0,1.28,CX,5.0,1.86,1.86,0.0,0.0,True,Out of Stock,0.37200000000000005,0.2,0
désodorisant belair bakhour  400 ml x6,Dream Cosmetics,0.0,1.28,CX,5.0,1.86,1.86,0.0,0.0,True,Out of Stock,0.37200000000000005,0.2,0
désodorisant belair peche 400 ml x6,Dream Cosmetics,0.0,1.28,CX,5.0,1.86,1.86,0.0,0.0,True,Out of Stock,0.37200000000000005,0.2,0
désodorisant belair vanille 400 ml x6,Dream Cosmetics,0.0,1.0,CX,5.0,1.0,1.86,0.0,0.0,True,Out of Stock,0.18600000000000003,0.1,0
eau - casamancaise pm 33cl x12,SODECA,0.0,325.0,CX,5.0,730.0,2.0,0.0,0.0,True,Out of Stock,227.0,113.5,0
eau - casamançaise 10l,SODECA,1659.0,1490.0,A+X,10.0,2812.0,2.0,0.0,12.625570776255707,True,Predicted Stockout Soon,0.0,131.4,0
eau - casamançaise bidon 19l,SODECA,0.0,29.92,CX,5.0,70.265,2.0,0.0,0.0,True,Out of Stock,0.4,0.2,0
eau - casamançaise gm 1.5l x6,SODECA,-2.0,410.0,AX,8.0,1853.0,2.0,0.0,-0.006138735420503376,True,Out of Stock,653.6,325.8,0
eau - casamançaise moyen 50cl x12,SODECA,-1.0,34.0,CY,5.0,68.5,2.0,0.0,-0.09708737864077671,True,Out of Stock,21.599999999999998,10.299999999999999,0
eau - diana pm 35cl x12,ELAGINCO - Diana,0.0,35.22,BZ,8.0,139.76699999999997,1.86,0.0,0.0,True,Out of Stock,0.37200000000000005,0.2,0
eau - kayar pm 35cl x12,Innov Agro Alimentaire,0.0,5.18,CZ,5.0,8.275,1.85,0.0,0.0,True,Out of Stock,0.37000000000000005,0.2,0
eau - kirène 10l,SIAGRO (Eau),2517.0,913.0,A+Z,14.0,2206.5,1.0,0.0,28.249158249158253,False,Stock OK,0.0,89.1,0
eau - kirène gm 1.5l x6,SIAGRO (Eau),0.0,369.0,AZ,10.0,1886.5,1.0,0.0,0.0,True,Out of Stock,170.2,170.2,0
eau - kirène moyen 50cl x12,SIAGRO (Eau),0.0,220.52,CX,5.0,566.245,1.0,0.0,0.0,True,Out of Stock,0.2,0.2,0
eau - kirène pm 33cl x12,SIAGRO (Eau),6.0,404.0,CZ,5.0,1376.0,1.0,0.0,0.025553662691652473,True,Predicted Stockout Soon,322.20000000000005,328.20000000000005,0
eau - madjindo pm 35cl x12,Madjindo,0.0,1.4,CX,5.0,1.54,1.86,0.0,0.0,True,Out of Stock,0.37200000000000005,0.2,0
eau - o'royal 10l,O'Royal,0.0,6.63,CZ,5.0,11.26,1.0,0.0,0.0,True,Out of Stock,0.2,0.2,0
eau - o'royal gm 1.25l x6,O'Royal,481.0,221.0,BX,6.0,550.3,1.0,0.0,6.607142857142858,True,Predicted Stockout Soon,0.0,72.8,0
eau - o'royal moyen 50cl x12,O'Royal,0.0,5.58,CX,5.0,9.055,1.0,0.0,0.0,True,Out of Stock,0.2,0.2,0
eau - o'royal pm 33cl x12,O'Royal,0.0,5.58,CX,5.0,9.055,1.0,0.0,0.0,True,Out of Stock,0.2,0.2,0
eau - olympia 33cl x12,LSB,2499.0,467.0,CX,5.0,1135.0,1.0,0.0,13.860232945091516,False,Stock OK,0.0,239.2,0
eau - seo 1.5l x6,CMGA,643.0,230.0,CY,5.0,873.9999999999999,9.0,0.0,4.2358366271409755,True,Predicted Stockout Soon,837.5,164.5,0
eau - seo 10l,CMGA,439.0,561.0,CY,5.0,561.0,9.0,0.0,17.015503875968992,True,Predicted Stockout Soon,0.0,25.8,0
eau - seo 4.5l,CMGA,503.0,212.0,CZ,5.0,479.0,9.0,0.0,7.0646067415730345,False,Order Soon,137.79999999999995,71.19999999999999,0
eau - seo pm 35cl x12,CMGA,0.0,5577.0,A+X,10.0,29722.5,9.0,0.0,0.0,True,Out of Stock,28909.8,3212.2,0
eau - walo pm 33cl x12,CONFISEN,0.0,35.22,BZ,8.0,139.76699999999997,1.86,0.0,0.0,True,Out of Stock,0.37200000000000005,0.2,0
eau de fleur d'oranger 3 lions gm 125ml x12,NPGandour,32.0,21.0,CX,5.0,51.5,4.0,0.0,3.9024390243902443,True,Predicted Stockout Soon,18.0,12.5,0
eau de fleur d'oranger 3 lions pm 65ml x12,NPGandour,6.0,31.0,CX,5.0,84.0,4.0,0.0,0.43795620437956206,True,Predicted Stockout Soon,52.0,14.5,0
eau de fleur d'oranger gourmet gm 250ml x6,FMCG DISTRIBUTION,22.0,8.0,CZ,5.0,11.5,1.85,0.0,220.0,False,Stock OK,0.0,1.5,0
eau de fleur d'oranger gourmet moyen 125ml x6,FMCG DISTRIBUTION,0.0,9.0,CZ,5.0,27.0,1.85,0.0,0.0,True,Out of Stock,10.175,5.5,0
eau de fleur d'oranger gourmet pm 100ml x6,FMCG DISTRIBUTION,44.0,12.0,CZ,5.0,27.999999999999996,1.86,0.0,10.731707317073171,False,Stock OK,0.0,4.1,0
eau de roche blanc 125 ml,Uniparco cosmetique,0.0,1.4,CX,5.0,1.54,1.86,0.0,0.0,True,Out of Stock,0.37200000000000005,0.2,0
eau de roche rouge 125 ml,Uniparco cosmetique,0.0,1.4,CX,5.0,1.54,1.86,0.0,0.0,True,Out of Stock,0.37200000000000005,0.2,0
ecouteur iphone x5,Borodji Distribution,35.0,2.0,CX,5.0,4.5,4.0,0.0,50.0,False,Stock OK,0.0,0.9,0
ecouteur x1,Borodji Distribution,27.0,7.0,CX,5.0,14.0,4.0,0.0,12.857142857142856,False,Stock OK,0.0,2.3000000000000003,0
epices bara muso ail x50,Bara Muso,64.0,29.0,CZ,5.0,60.0,2.0,0.0,7.032967032967033,False,Order Soon,0.0,11.0,0
epices bara muso curry x50,Bara Muso,0.0,5.29,CX,5.0,9.305,2.0,0.0,0.0,True,Out of Stock,0.4,0.2,0
epices bara muso dagani - sachet x50,Bara Muso,0.0,5.29,CX,5.0,9.305,2.0,0.0,0.0,True,Out of Stock,0.4,0.2,0
epices bara muso gingembre x50,Bara Muso,1.0,5.03,CX,5.0,8.64,2.0,0.0,0.1875082017846119,True,Predicted Stockout Soon,0.0,0.2,0
epices bara muso laurier x50,Bara Muso,35.0,13.0,CZ,5.0,22.0,2.0,0.0,11.29032258064516,False,Stock OK,0.0,3.1,0
epices bara muso moutarde x50,Bara Muso,0.0,5.29,CX,5.0,9.305,2.0,0.0,0.0,True,Out of Stock,0.4,0.2,0
epices bara muso muscade x50,Bara Muso,0.0,5.29,CX,5.0,9.305,2.0,0.0,0.0,True,Out of Stock,0.4,0.2,0
epices bara muso oignon x50,Bara Muso,0.0,5.29,CX,5.0,9.305,2.0,0.0,0.0,True,Out of Stock,0.4,0.2,0
epices bara muso piment aromatisé x50,Bara Muso,82.0,43.0,CX,5.0,97.5,2.0,0.0,5.394736842105264,True,Predicted Stockout Soon,0.0,22.400000000000002,0
epices bara muso piment x50,Bara Muso,191.0,60.0,CX,5.0,169.0,2.0,0.0,6.870503597122302,False,Order Soon,0.0,40.5,0
epices bara muso poivre x50,Bara Muso,236.0,76.0,CX,5.0,210.5,2.0,0.0,6.840579710144928,False,Order Soon,0.0,43.1,0
epices bara muso poivre épicé x50,Bara Muso,143.0,36.0,CX,5.0,103.0,2.0,0.0,8.411764705882353,False,Order Soon,0.0,24.0,0
epices bara muso soumbala x50,Bara Muso,0.0,5.29,CX,5.0,9.305,2.0,0.0,0.0,True,Out of Stock,0.4,0.2,0
epices bara muso tchin bi x50,Bara Muso,97.0,10.0,CY,5.0,16.0,2.0,0.0,44.090909090909086,False,Stock OK,0.0,2.4,0
epices bara muso tomate x50,Bara Muso,0.0,5.29,CX,5.0,9.305,2.0,0.0,0.0,True,Out of Stock,0.4,0.2,0
epices laalo mbeep,TRAVIS CORPORATION,0.0,1.4,CX,5.0,1.54,1.86,0.0,0.0,True,Out of Stock,0.37200000000000005,0.2,0
epices poivre antiz x50,Bridge Industries Food,865.0,63.0,CX,5.0,177.5,4.0,0.0,29.623287671232873,False,Stock OK,0.0,30.200000000000003,0
essence aromes 3 lions banane 30ml x12,NPGandour,43.0,20.0,CX,5.0,45.0,4.0,0.0,6.142857142857143,True,Predicted Stockout Soon,0.0,8.1,0
essence aromes 3 lions coco 30ml x12,NPGandour,40.0,16.0,CX,5.0,35.0,4.0,0.0,7.407407407407408,False,Order Soon,0.0,6.0,0
essence aromes 3 lions corossol 30ml x12,NPGandour,51.0,15.0,CX,5.0,27.0,4.0,0.0,13.076923076923077,False,Stock OK,0.0,4.3999999999999995,0
essence aromes 3 lions fraise 30ml x12,NPGandour,41.0,10.0,CZ,5.0,22.5,4.0,0.0,11.714285714285714,False,Order Soon,0.0,5.5,0
essence aromes 3 lions menthe 30ml x12,NPGandour,18.0,9.0,CX,5.0,24.5,4.0,0.0,4.5,True,Predicted Stockout Soon,0.0,4.199999999999999,0
essence aromes 3 lions vanille 30ml x12,NPGandour,87.0,36.0,CY,5.0,90.0,4.0,0.0,6.041666666666666,True,Predicted Stockout Soon,0.0,18.8,0
essence foster clark ananas 28ml x12,SOCOMAF,0.0,1.74,CX,5.0,2.685,1.86,0.0,0.0,True,Out of Stock,0.37200000000000005,0.2,0
essence foster clark banane 28ml x12,SOCOMAF,2.0,5.0,CX,5.0,6.5,1.86,0.0,2.5,True,Predicted Stockout Soon,0.23200000000000065,1.2000000000000002,0
essence foster clark coco 28ml x12,SOCOMAF,0.0,5.0,CX,5.0,5.0,1.86,0.0,0.0,True,Out of Stock,0.7440000000000001,0.4,0
essence foster clark exotic 28ml x12,SOCOMAF,0.0,1.0,CX,5.0,3.0,1.86,0.0,0.0,True,Out of Stock,0.93,0.5,0
essence foster clark fraise 28ml x12,SOCOMAF,0.0,3.0,CX,5.0,5.5,1.86,0.0,0.0,True,Out of Stock,1.488,0.7999999999999999,0
essence foster clark menthe 28ml x12,SOCOMAF,1.0,6.0,CX,5.0,11.5,1.86,0.0,0.588235294117647,True,Predicted Stockout Soon,3.6500000000000004,2.5,0
essence foster clark vanille 28ml x12,SOCOMAF,17.0,6.0,CX,5.0,10.0,1.86,0.0,12.142857142857142,False,Stock OK,0.0,1.8,0
essence gourmet banane 30ml x12,FMCG DISTRIBUTION,15.0,5.0,CX,5.0,11.5,1.86,0.0,8.333333333333334,False,Order Soon,0.0,2.2,0
essence gourmet corossol 30ml x12,FMCG DISTRIBUTION,0.0,2.04,CX,5.0,5.985,1.86,0.0,0.09428571428571429,True,Out of Stock,0.37200000000000005,0.2,0
essence gourmet fraise 30ml x12,FMCG DISTRIBUTION,0.0,2.04,CX,5.0,5.985,1.86,0.0,0.09428571428571429,True,Out of Stock,0.37200000000000005,0.2,0
essence gourmet vanille 30ml x12,FMCG DISTRIBUTION,33.0,10.0,CX,5.0,24.0,1.86,0.0,9.428571428571429,False,Stock OK,0.0,3.5,0
essuie tout vitfé x6,VITFE,0.0,10.5,CX,5.0,13.165,1.86,0.0,0.0,True,Out of Stock,0.37200000000000005,0.2,0
farine de blé fati 250g x48,Grands Moulins de Dakar,112.0,58.0,BY,6.0,210.20000000000002,11.0,0.0,3.7086092715231787,True,Predicted Stockout Soon,358.80000000000007,42.800000000000004,0
farine de blé gmd 50kg,Grands Moulins de Dakar,0.0,5.15,CX,5.0,10.475,11.0,0.0,0.0,True,Out of Stock,2.2,0.2,0
farine de blé nma 1kg x10,NMA SANDERS,0.0,6.29,CY,5.0,13.155,7.0,0.0,0.0,True,Out of Stock,1.4000000000000001,0.2,0
farine mère beignet 10kg type 55,Grands Moulins de Dakar,0.0,9.0,CZ,5.0,25.0,11.0,0.0,0.0,True,Out of Stock,45.099999999999994,4.1,0
farine patissière gmd 1kg x10,Grands Moulins de Dakar,0.0,28.0,BZ,8.0,109.2,11.0,0.0,0.0,True,Out of Stock,130.9,11.9,0
farine patissière gourmet 1kg x10,FKS,0.0,18.74,CX,5.0,29.415,8.0,0.0,0.0,True,Out of Stock,1.6,0.2,0
frais de livraison (zones reculés),MAAD,284.0,51.37,CX,5.0,138.863,1.85,0.0,2840.0,False,Stock OK,0.0,0.1,0
frais de livraison du bon (rubyx),Maad,993462.0,13.0,CX,5.0,45.0,1.86,0.0,129021.03896103897,False,Stock OK,0.0,8.0,0
frais de majoration (rubyx),Maad,995256.0,10.0,CX,5.0,29.499999999999996,1.86,0.0,203113.46938775512,False,Stock OK,0.0,5.699999999999999,0
frais de transport,Maad,424.0,39.55,CX,5.0,88.56,1.85,0.0,4240.0,False,Stock OK,0.0,0.1,0
garabe yo x5,Borodji Distribution,119.0,65.0,CX,5.0,132.5,4.0,0.0,5.95,True,Predicted Stockout Soon,0.0,24.8,0
gauffrette fiarino chocolat 40g x24,AIMEX,0.0,5.18,CZ,5.0,8.275,1.85,0.0,0.0,True,Out of Stock,0.37000000000000005,0.2,0
gaufrette fiarino vanille 40g x24,AIMEX,0.0,1.4,CX,5.0,1.54,1.86,0.0,0.0,True,Out of Stock,0.37200000000000005,0.2,0
gel douche bacteril  400 ml x4,Sivop,0.0,3.9,CX,5.0,4.93,1.86,0.0,0.03571428571428571,True,Out of Stock,0.37200000000000005,0.2,0
gel douche day by day men classic 500 ml x6,Dream Cosmetics,0.0,1.28,CX,5.0,1.86,1.86,0.0,0.0,True,Out of Stock,0.37200000000000005,0.2,0
gel douche nova  750 ml x4,Sivop,21.0,6.0,CX,5.0,12.0,1.86,0.0,14.0,False,Stock OK,0.0,1.5,0
gm 7up pet 1.25l x6,SIAGRO,0.0,8.4,CX,5.0,16.169,2.0,0.0,0.0,True,Out of Stock,0.4,0.2,0
gm b sport bleue 60cl x12,LSB,0.0,5.58,CX,5.0,9.055,1.0,0.0,0.0,True,Out of Stock,0.2,0.2,0
gm b sport citron 60cl x12,LSB,0.0,5.58,CX,5.0,9.055,1.0,0.0,0.0,True,Out of Stock,0.2,0.2,0
gm b sport fruits rouges 60cl x12,LSB,0.0,5.58,CX,5.0,9.055,1.0,0.0,0.0,True,Out of Stock,0.2,0.2,0
gm coca cola 1.25l x6,IBS,443.0,184.0,AX,8.0,730.4,7.0,0.0,5.551378446115288,True,Predicted Stockout Soon,115.60000000000002,79.8,0
gm coca cola zero 1.25l x6,IBS,0.0,47.08,CX,5.0,122.57799999999999,7.0,0.0,0.0,True,Out of Stock,1.4000000000000001,0.2,0
gm energie maca plus  x12,MAERKS,0.0,1.13,CX,5.0,1.15,1.86,0.0,-0.004972375690607734,True,Out of Stock,0.37200000000000005,0.2,0
gm fanta ananas 1.25l x6,IBS,1.0,49.0,CX,5.0,129.0,7.0,0.0,0.0478468899521531,True,Predicted Stockout Soon,208.3,29.900000000000002,0
gm fanta fruits rouge 1.25l x6,IBS,0.0,51.06,CZ,5.0,127.815,7.0,0.0,0.0,True,Out of Stock,1.4000000000000001,0.2,0
gm fanta orange 1.25l x6,IBS,0.0,90.0,BX,6.0,257.4,7.0,0.0,0.0,True,Out of Stock,366.8,52.4,0
gm gazelle ananas 1l x6,SOBOA,208.0,217.0,AX,8.0,990.9,2.0,0.0,1.885766092475068,True,Predicted Stockout Soon,92.80000000000001,150.4,0
gm gazelle limonade 1l x6,SOBOA,71.0,18.0,CX,5.0,42.5,2.0,0.0,10.597014925373136,False,Stock OK,0.0,12.5,0
gm gazelle pomme 1l x6,SOBOA,90.0,47.0,BX,6.0,172.3,2.0,0.0,3.629032258064516,True,Predicted Stockout Soon,0.0,32.800000000000004,0
gm jet 7 ananas 1.25l x6,FSP,0.0,5.0,CX,5.0,10.5,4.0,0.0,0.0,True,Out of Stock,6.4,1.6,0
gm jet 7 cola 1.25l x6,FSP,13.0,9.0,CY,5.0,16.5,4.0,0.0,5.416666666666667,True,Predicted Stockout Soon,3.0,4.0,0
gm jet 7 fruit rouge 1.25l x6,FSP,0.0,6.0,CX,5.0,20.0,4.0,0.0,0.0,True,Out of Stock,13.6,3.4,0
gm jet 7 orange 1.25l x6,FSP,0.0,6.0,CZ,5.0,11.5,4.0,0.0,0.0,True,Out of Stock,6.800000000000001,1.7000000000000002,0
gm jet 7 sprite 1.25l x6,FSP,16.0,5.0,CX,5.0,9.5,4.0,0.0,11.428571428571427,False,Stock OK,0.0,1.4000000000000001,0
gm juko ananas 1.25l x6,LSB,0.0,5.58,CX,5.0,9.055,1.0,0.0,0.0,True,Out of Stock,0.2,0.2,0
gm juko cocktail 1.25l x6,LSB,0.0,5.58,CX,5.0,9.055,1.0,0.0,0.0,True,Out of Stock,0.2,0.2,0
gm juko mangue 1.25l x6,LSB,0.0,5.58,CX,5.0,9.055,1.0,0.0,0.0,True,Out of Stock,0.2,0.2,0
gm juko orange 1.25l x6,LSB,0.0,5.58,CX,5.0,9.055,1.0,0.0,0.0,True,Out of Stock,0.2,0.2,0
gm king ananas 1.25l x6,SIAD,77.0,18.0,CX,5.0,32.5,1.0,0.0,32.083333333333336,False,Stock OK,0.0,4.699999999999999,0
gm king fruits rouge 1.25l x6,SIAD,112.0,12.0,CX,5.0,35.0,1.0,0.0,22.85714285714286,False,Stock OK,0.0,4.8999999999999995,0
gm king orange 1.25l x6,SIAD,90.0,12.0,CX,5.0,24.5,1.0,0.0,26.47058823529412,False,Stock OK,0.0,3.7,0
gm king sprite 1.25l x6,SIAD,54.0,14.0,CX,5.0,25.5,1.0,0.0,14.594594594594595,False,Stock OK,0.0,6.1,0
gm mirinda ananas pet 1l x6,SIAGRO,0.0,8.4,CX,5.0,16.169,2.0,0.0,0.0,True,Out of Stock,0.4,0.2,0
gm mirinda fruity pet 1l x6,SIAGRO,0.0,9.16,CY,5.0,22.534000000000002,2.0,0.0,0.0,True,Out of Stock,0.4,0.2,0
gm mirinda orange pet 1l x6,SIAGRO,0.0,8.4,CX,5.0,16.169,2.0,0.0,0.0,True,Out of Stock,0.4,0.2,0
gm pepsi max pet 1.25l x6,SIAGRO,10.0,3.0,CX,5.0,5.5,2.0,0.0,12.500000000000002,False,Stock OK,0.0,1.4000000000000001,0
gm pepsi pet 1l x6,SIAGRO,11.0,13.0,CY,5.0,29.0,2.0,0.0,2.4444444444444446,True,Predicted Stockout Soon,2.3999999999999986,6.699999999999999,0
gm pressea fresh mangue coco 1l x6,SIAGRO,0.0,26.21,BX,6.0,65.93000000000002,2.0,0.0,0.0,True,Out of Stock,0.4,0.2,0
gm pressea fresh orange 1l x6,SIAGRO,0.0,8.4,CX,5.0,16.169,2.0,0.0,0.0,True,Out of Stock,0.4,0.2,0
gm pressea fresh tropical 1l x6,SIAGRO,0.0,8.4,CX,5.0,16.169,2.0,0.0,0.0,True,Out of Stock,0.4,0.2,0
gm schweppes agrumes 1.25l x6,IBS,1765.0,294.0,BX,6.0,498.0,7.0,0.0,30.17094017094017,False,Stock OK,0.0,58.5,0
gm schweppes citron 1.25l x6,IBS,0.0,47.08,CX,5.0,122.57799999999999,7.0,0.0,0.0,True,Out of Stock,1.4000000000000001,0.2,0
gm schweppes tonic 1.25l x6,IBS,0.0,47.08,CX,5.0,122.57799999999999,7.0,0.0,0.0,True,Out of Stock,1.4000000000000001,0.2,0
gm sprite 1.25l x6,IBS,460.0,156.0,AX,8.0,690.8,7.0,0.0,6.005221932114883,True,Predicted Stockout Soon,266.6,103.8,0
gm tampico bouteille citrus 1l x6,SIAD,453.0,68.0,BY,6.0,224.20000000000002,1.0,0.0,14.290220820189273,False,Stock OK,0.0,41.1,0
gm tampico bouteille mangue 1l x6,SIAD,0.0,5.49,CX,5.0,10.57,1.0,0.0,0.0,True,Out of Stock,0.2,0.2,0
gm top ananas 1l x6,SOBOA,0.0,22.65,CX,5.0,62.09,2.0,0.0,0.0,True,Out of Stock,0.4,0.2,0
gm top orange 1l x6,SOBOA,382.0,20.0,CX,5.0,61.49999999999999,2.0,0.0,37.087378640776706,False,Stock OK,0.0,13.4,0
gm vimto 1l x6,SOBOA,272.0,278.0,AX,8.0,1360.6,2.0,0.0,1.781270464963982,True,Predicted Stockout Soon,125.59999999999997,198.79999999999998,0
gm vimto pasteque 1l x6,SOBOA,0.0,22.65,CX,5.0,62.09,2.0,0.0,0.0,True,Out of Stock,0.4,0.2,0
gm world cola 1l x6,SOBOA,0.0,23.67,CZ,5.0,71.792,2.0,0.0,0.0,True,Out of Stock,0.4,0.2,0
gm youzou limonade 1.5l x6,SOBOA,0.0,22.65,CX,5.0,62.09,2.0,0.0,0.0,True,Out of Stock,0.4,0.2,0
huile bidon 20l,ABC Company,-3.0,250.86,A+X,10.0,1426.6650000000006,0.0,0.0,1.163457481777724,True,Out of Stock,3.0,0.2,0
huile bidon 20l diery,COSEDI,0.0,1154.0,CX,5.0,2996.5,14.0,0.0,0.0,True,Out of Stock,6774.6,483.90000000000003,0
huile bidon 20l mis,COSEDI,0.0,5.39,CX,5.0,7.325,14.0,0.0,44.07884615384615,True,Out of Stock,2.8000000000000003,0.2,0
huile bidon 20l oki,ABC Company,0.0,530.0,CX,5.0,827.0,0.0,0.0,0.0,True,Out of Stock,0.0,112.39999999999999,0
huile bidon 20l wok,Sipa,1.0,3.55,CX,5.0,5.75,6.0,0.0,0.10703963161728,True,Predicted Stockout Soon,0.20000000000000018,0.2,0
huile bidon 20l zita,CCD,2499.0,1057.0,CX,5.0,1057.0,1.86,0.0,806.1290322580645,False,Stock OK,0.0,3.1,0
huile bidon arachide 20l,Sonacos,11.0,4.0,CX,5.0,5.0,1.86,0.0,18.333333333333336,False,Stock OK,0.0,0.7,0
huile chef aida 1l x12,SENAME,0.0,2.66,CX,5.0,3.605,8.0,0.0,2.4,True,Out of Stock,1.6,0.2,0
huile chef aida 250ml x48,SENAME,0.0,2.66,CX,5.0,3.605,8.0,0.0,2.4,True,Out of Stock,1.6,0.2,0
huile chef aida 500ml x24,SENAME,0.0,2.66,CX,5.0,3.605,8.0,0.0,2.4,True,Out of Stock,1.6,0.2,0
huile chef aida 5l x4,SENAME,0.0,2.66,CX,5.0,3.605,8.0,0.0,2.4,True,Out of Stock,1.6,0.2,0
huile de palme zita 1l x12,CCD,19.0,39.0,CX,5.0,124.00000000000001,1.86,0.0,0.909090909090909,True,Predicted Stockout Soon,25.826000000000008,24.1,0
huile de palme zita 5l x4,CCD,286.0,80.0,CX,5.0,265.5,1.85,0.0,9.25566343042071,False,Order Soon,0.0,45.1,0
huile ekla soja 5l x4,SENAME,0.0,2.66,CX,5.0,3.605,8.0,0.0,2.4,True,Out of Stock,1.6,0.2,0
huile ekla tournesol 1l x12,SENAME,0.0,2.66,CX,5.0,3.605,8.0,0.0,2.4,True,Out of Stock,1.6,0.2,0
huile ekla tournesol 5l x4,SENAME,0.0,2.66,CX,5.0,3.605,8.0,0.0,2.4,True,Out of Stock,1.6,0.2,0
huile huilor soja 1l x12,Sipa,0.0,27.64,BY,6.0,76.00399999999999,6.0,0.0,0.0,True,Out of Stock,1.2000000000000002,0.2,0
huile huilor soja 5l x4,Sipa,0.0,2.42,CX,5.0,3.05,6.0,0.0,0.0,True,Out of Stock,1.2000000000000002,0.2,0
huile j'adore tournesol 1l x12,ABC Company,0.0,167.11,CX,5.0,260.585,0.0,0.0,1.2016666666666667,True,Out of Stock,0.0,0.2,0
huile j'adore tournesol 250ml x48,ABC Company,0.0,167.11,CX,5.0,260.585,0.0,0.0,1.2016666666666667,True,Out of Stock,0.0,0.2,0
huile j'adore tournesol 5l x4,ABC Company,0.0,167.11,CX,5.0,260.585,0.0,0.0,1.2016666666666667,True,Out of Stock,0.0,0.2,0
huile jaara seau dosettes 250 ml x18,OLEOSEN,0.0,5.29,CX,5.0,9.305,2.0,0.0,0.0,True,Out of Stock,0.4,0.2,0
huile jaara vegetale 5l x4,OLEOSEN,0.0,5.29,CX,5.0,9.305,2.0,0.0,0.0,True,Out of Stock,0.4,0.2,0
huile jadida soja 1l x12,SENICO,235.0,24.0,BZ,8.0,94.39999999999999,16.0,0.0,25.0,False,Order Soon,0.0,9.4,0
huile jadida soja 250ml x24,SENICO,0.0,25.0,CX,5.0,76.0,16.0,0.0,0.0,True,Out of Stock,203.2,12.7,0
huile jadida soja 5l x4,SENICO,399.0,47.0,AZ,10.0,94.5,16.0,0.0,56.19718309859155,False,Stock OK,0.0,7.1,0
huile jadida soja bidon 5l x1,SENICO,0.0,3.49,CX,5.0,6.525,16.0,0.0,0.0,True,Out of Stock,3.2,0.2,0
huile kadi 250ml x48,SENICO,0.0,3.49,CX,5.0,6.525,16.0,0.0,0.0,True,Out of Stock,3.2,0.2,0
huile kadi tournesol 1l x12,SENICO,0.0,3.49,CX,5.0,6.525,16.0,0.0,0.0,True,Out of Stock,3.2,0.2,0
huile lalia 1l x12,COSEDI,0.0,5.39,CX,5.0,7.325,14.0,0.0,44.07884615384615,True,Out of Stock,2.8000000000000003,0.2,0
huile lesieur 1l x12,OLEOSEN,0.0,5.29,CX,5.0,9.305,2.0,0.0,0.0,True,Out of Stock,0.4,0.2,0
huile lesieur 5l x4,OLEOSEN,0.0,5.29,CX,5.0,9.305,2.0,0.0,0.0,True,Out of Stock,0.4,0.2,0
huile machine 90ml x6,FMCG DISTRIBUTION,143.0,26.0,CX,5.0,72.5,1.86,0.0,32.50000000000001,False,Stock OK,0.0,4.3999999999999995,0
huile niani (arachide) 1l x1,Sonacos,0.0,2.02,CX,5.0,1.82,1.86,0.0,0.0,True,Out of Stock,0.37200000000000005,0.2,0
huile niani (arachide) 1l x12,Sonacos,0.0,2.02,CX,5.0,1.82,1.86,0.0,0.0,True,Out of Stock,0.37200000000000005,0.2,0
huile niani (arachide) 5l x1,Sonacos,0.0,6.0,CX,5.0,21.5,1.86,0.0,0.0,True,Out of Stock,6.882000000000001,3.7,0
huile niani (arachide) 5l x1 h2h,Sonacos,2.0,3.16,CX,5.0,4.345,1.86,0.0,0.9752897020809974,True,Predicted Stockout Soon,0.0,0.2,0
huile niani (arachide) 5l x4,Sonacos,0.0,2.02,CX,5.0,1.82,1.86,0.0,0.0,True,Out of Stock,0.37200000000000005,0.2,0
huile soja grand chef 5l x4,ABC Company,0.0,167.11,CX,5.0,260.585,0.0,0.0,1.2016666666666667,True,Out of Stock,0.0,0.2,0
huile soja niinal 1l x12,Sonacos,13.0,13.0,CX,5.0,28.499999999999996,1.86,0.0,3.1707317073170733,True,Predicted Stockout Soon,0.0,4.1,0
huile soja niinal 5l x4,Sonacos,0.0,2.0,CX,5.0,2.0,1.86,0.0,0.0,True,Out of Stock,0.37200000000000005,0.2,0
huile tournesol bon appétit 250ml x48,CMGA,131.0,30.0,CZ,5.0,91.0,9.0,0.0,8.618421052631579,False,Order Soon,26.5,17.5,0
huile tournesol kadi 5l x4,SENICO,0.0,3.49,CX,5.0,6.525,16.0,0.0,0.0,True,Out of Stock,3.2,0.2,0
huile tournesol lalia 5l x4,COSEDI,0.0,5.39,CX,5.0,7.325,14.0,0.0,44.07884615384615,True,Out of Stock,2.8000000000000003,0.2,0
huile tournesol mis 1l x12,COSEDI,0.0,7.66,CZ,5.0,13.765,14.0,0.0,54.05,True,Out of Stock,2.8000000000000003,0.2,0
huile tournesol mis 5l x4,COSEDI,0.0,5.39,CX,5.0,7.325,14.0,0.0,44.07884615384615,True,Out of Stock,2.8000000000000003,0.2,0
huile tournesol pastef 5l x4,ABC Company,0.0,167.11,CX,5.0,260.585,0.0,0.0,1.2016666666666667,True,Out of Stock,0.0,0.2,0
huile tournesol sangomar 1l x12,MADTRANS,0.0,1.4,CX,5.0,1.54,1.86,0.0,0.0,True,Out of Stock,0.37200000000000005,0.2,0
huile zita 250ml x48,CCD,409.0,25.0,CY,5.0,33.0,1.85,0.0,99.75609756097562,False,Stock OK,0.0,4.1,0
insectide vitfe spirale,VITFE,0.0,127.0,CX,5.0,185.0,1.86,0.0,0.0,True,Out of Stock,74.028,39.800000000000004,0
insectide vitfe thiouraye baton x12,VITFE,546.0,91.0,CX,5.0,205.5,1.79,0.0,17.0625,False,Stock OK,0.0,52.0,0
javel en grains vitfé 7g x100,VITFE,3.0,10.0,CX,5.0,23.5,1.86,0.0,0.8108108108108107,True,Predicted Stockout Soon,8.346,6.1,0
javel grain 7g x100,Borodji Distribution,0.0,6.57,CX,5.0,13.47,4.0,0.0,0.0,True,Out of Stock,0.8,0.2,0
jus bole brique goyave 1l x8,SIAGRO,0.0,8.4,CX,5.0,16.169,2.0,0.0,0.0,True,Out of Stock,0.4,0.2,0
jus bole brique mangue 1l x8,SIAGRO,0.0,8.4,CX,5.0,16.169,2.0,0.0,0.0,True,Out of Stock,0.4,0.2,0
jus bole brique orange 1l x8,SIAGRO,0.0,8.4,CX,5.0,16.169,2.0,0.0,0.0,True,Out of Stock,0.4,0.2,0
jus bole brique tropical 1l x8,SIAGRO,0.0,8.4,CX,5.0,16.169,2.0,0.0,0.0,True,Out of Stock,0.4,0.2,0
jus chivita active agrume 125ml x24,MAERKS,0.0,1.13,CX,5.0,1.15,1.86,0.0,-0.004972375690607734,True,Out of Stock,0.37200000000000005,0.2,0
jus chivita cocktail 1l x10,MAERKS,0.0,11.0,CX,5.0,13.5,1.86,0.0,0.0,True,Out of Stock,1.116,0.6,0
jus chivita exoctic coco ananas 315 ml x12,MAERKS,0.0,1.13,CX,5.0,1.15,1.86,0.0,-0.004972375690607734,True,Out of Stock,0.37200000000000005,0.2,0
jus chivita exotic coco ananas 125ml x24,MAERKS,-1.0,1.0,CX,5.0,1.0,1.86,0.0,-0.08597861156223771,True,Out of Stock,1.372,0.2,0
jus chivita exotic coco ananas 1l x10,MAERKS,0.0,2.0,CX,5.0,2.0,1.86,0.0,0.0,True,Out of Stock,0.37200000000000005,0.2,0
jus chivita orange 125ml x24,MAERKS,0.0,1.13,CX,5.0,1.15,1.86,0.0,-0.004972375690607734,True,Out of Stock,0.37200000000000005,0.2,0
jus chivita premium ananas 1l x10,MAERKS,1.0,7.0,CX,5.0,8.5,1.86,0.0,1.4285714285714286,True,Predicted Stockout Soon,0.30200000000000005,0.7,0
jus chivita premium orange 1l x10,MAERKS,0.0,1.0,CX,5.0,1.0,1.86,0.0,0.0,True,Out of Stock,0.18600000000000003,0.1,0
jus chivita premium pomme 1l x10,MAERKS,0.0,1.13,CX,5.0,1.15,1.86,0.0,-0.004972375690607734,True,Out of Stock,0.37200000000000005,0.2,0
jus chivita premium raisin rouge 1l x10,MAERKS,0.0,1.13,CX,5.0,1.15,1.86,0.0,-0.004972375690607734,True,Out of Stock,0.37200000000000005,0.2,0
jus cocolia ananas avec morceaux coco 32cl x24,ATCS,0.0,1.4,CX,5.0,1.54,1.86,0.0,0.0,True,Out of Stock,0.37200000000000005,0.2,0
jus cocolia fraise avec morceaux coco 32cl x24,ATCS,0.0,1.4,CX,5.0,1.54,1.86,0.0,0.0,True,Out of Stock,0.37200000000000005,0.2,0
jus cocolia mangue avec morceaux coco 32cl x24,ATCS,0.0,1.4,CX,5.0,1.54,1.86,0.0,0.0,True,Out of Stock,0.37200000000000005,0.2,0
jus cocolia pastèque avec morceaux coco 32cl x24,ATCS,0.0,1.4,CX,5.0,1.54,1.86,0.0,0.0,True,Out of Stock,0.37200000000000005,0.2,0
jus delice brique ananas 1l x6,Diam Teranga Business,10.0,2.0,CX,5.0,4.0,0.0,0.0,16.666666666666668,False,Stock OK,0.0,0.6,0
jus delice brique mangue 1l x6,Diam Teranga Business,10.0,2.0,CX,5.0,3.0,0.0,0.0,25.0,False,Stock OK,0.0,0.7999999999999999,0
jus delice brique mix 1l x6,Diam Teranga Business,15.0,3.0,CX,5.0,5.0,0.0,0.0,21.42857142857143,False,Stock OK,0.0,0.7,0
jus delice brique mojito 1l x6,Diam Teranga Business,0.0,2.33,CX,5.0,4.01,0.0,0.0,1.5199999999999998,True,Out of Stock,0.0,0.2,0
jus delice brique multivitamine 1l x6,Diam Teranga Business,11.0,3.0,CX,5.0,4.5,0.0,0.0,18.333333333333336,False,Stock OK,0.0,1.1,0
jus delice brique orange 1l x6,Diam Teranga Business,10.0,2.0,CX,5.0,5.0,0.0,0.0,12.500000000000002,False,Stock OK,0.0,0.7999999999999999,0
jus delice brique poire 1l x6,Diam Teranga Business,5.0,2.0,CX,5.0,2.5,0.0,0.0,16.666666666666664,False,Stock OK,0.0,0.30000000000000004,0
jus delice brique raisin 1l x6,Diam Teranga Business,10.0,4.0,CX,5.0,7.5,0.0,0.0,9.09090909090909,False,Stock OK,0.0,1.1,0
jus delice brique tropical 1l x6,Diam Teranga Business,6.0,3.0,CX,5.0,6.5,0.0,0.0,6.0,True,Predicted Stockout Soon,0.0,2.0,0
jus fada bouteille gm 410ml x15,FADA,178.0,43.0,CY,5.0,89.5,5.0,0.0,1780.0,False,Stock OK,0.0,13.6,0
jus fada bouteille pm 230ml x24,FADA,-1.0,36.0,CY,5.0,83.0,5.0,0.0,-0.06410256410256411,True,Out of Stock,66.0,13.0,0
jus fada brique 200ml x28,FADA,790.0,334.0,AZ,10.0,1619.0,5.0,0.0,5.440771349862259,True,Predicted Stockout Soon,222.5,202.5,0
jus fada orange brique 200ml x28,ARRETE,0.0,1.4,CX,5.0,1.54,1.86,0.0,0.0,True,Out of Stock,0.37200000000000005,0.2,0
jus fada pot 235ml x30,FADA,80.0,40.0,CX,5.0,62.0,5.0,0.0,9.523809523809524,False,Order Soon,0.0,15.1,0
jus fada pot 50fr 120ml x56,FADA,302.0,84.0,CY,5.0,168.5,5.0,0.0,18.19277108433735,False,Stock OK,0.0,25.3,0
jus fada sachet gm 220ml x28,FADA,0.0,22.73,CX,5.0,49.96,5.0,0.0,0.0,True,Out of Stock,1.0,0.2,0
jus fada sachet gm 220ml x36,FADA,4.0,26.85,CZ,5.0,55.72,5.0,0.0,1.4814120963204167,True,Predicted Stockout Soon,0.0,0.2,0
jus fada sachet pm 120ml x60,FADA,2.0,47.0,CY,5.0,102.0,5.0,0.0,0.1680672268907563,True,Predicted Stockout Soon,76.5,15.7,0
jus fada stick pm 65ml x100,FADA,147.0,125.0,BY,6.0,289.9,5.0,0.0,52.49999999999999,True,Predicted Stockout Soon,42.5,37.9,0
jus foster clark ananas 20g x15,SOCOMAF,64.0,31.0,CX,5.0,87.0,1.86,0.0,4.475524475524476,True,Predicted Stockout Soon,0.0,14.4,0
jus foster clark ananas/gingembre 20g x15,SOCOMAF,82.0,17.0,CY,5.0,50.5,1.86,0.0,9.761904761904761,False,Stock OK,0.0,9.799999999999999,0
jus foster clark fruit rouge 20g x15,SOCOMAF,38.0,30.0,CX,5.0,87.5,1.86,0.0,2.6206896551724137,True,Predicted Stockout Soon,0.0,15.799999999999999,0
jus foster clark goyave 20g x15,SOCOMAF,0.0,22.0,CX,5.0,55.5,1.86,0.0,0.0,True,Out of Stock,21.39,11.5,0
jus foster clark lemon 20g x15,SOCOMAF,22.0,10.0,CX,5.0,26.999999999999996,1.86,0.0,5.238095238095239,True,Predicted Stockout Soon,0.0,4.199999999999999,0
jus foster clark mangue 20g x15,SOCOMAF,47.0,36.0,CX,5.0,81.5,1.86,0.0,3.7007874015748032,True,Predicted Stockout Soon,0.0,14.1,0
jus foster clark orange 20g x15,SOCOMAF,119.0,33.0,CX,5.0,88.5,1.86,0.0,8.26388888888889,False,Order Soon,0.0,16.700000000000003,0
jus importé fruittis brique ananas 1l x12,LSB,0.0,5.58,CX,5.0,9.055,1.0,0.0,0.0,True,Out of Stock,0.2,0.2,0
jus importé fruittis brique goyave 1l x12,LSB,0.0,5.58,CX,5.0,9.055,1.0,0.0,0.0,True,Out of Stock,0.2,0.2,0
jus importé fruittis brique orange 1l x12,LSB,0.0,5.58,CX,5.0,9.055,1.0,0.0,0.0,True,Out of Stock,0.2,0.2,0
jus junior 125ml x24,Borodji Distribution,250.0,27.0,CX,5.0,64.5,4.0,0.0,24.50980392156863,False,Stock OK,0.0,15.299999999999999,0
jus junior ananas 125ml x80,ZISAN SUARL,0.0,1.4,CX,5.0,1.54,1.86,0.0,0.0,True,Out of Stock,0.37200000000000005,0.2,0
jus junior mangue 125ml x24,ZISAN SUARL,0.0,1.4,CX,5.0,1.54,1.86,0.0,0.0,True,Out of Stock,0.37200000000000005,0.2,0
jus junior orange 125ml x24,ZISAN SUARL,0.0,1.4,CX,5.0,1.54,1.86,0.0,0.0,True,Out of Stock,0.37200000000000005,0.2,0
jus jutos cocktail brique 1l x6,Sodipas SARL,45.0,2.0,CX,5.0,2.0,3.0,0.0,321.4285714285714,False,Stock OK,0.0,0.2,0
jus jutos orange brique 1l x6,Sodipas SARL,44.0,2.0,CX,5.0,2.0,3.0,0.0,314.2857142857143,False,Stock OK,0.0,0.2,0
jus lana bouteille (100f),So équipe,0.0,1.4,CX,5.0,1.54,1.86,0.0,0.0,True,Out of Stock,0.37200000000000005,0.2,0
jus lana bouteille 200f 45cl x15,So équipe,0.0,1.4,CX,5.0,1.54,1.86,0.0,0.0,True,Out of Stock,0.37200000000000005,0.2,0
jus lana bouteille ananas 45cl x12,So équipe,0.0,1.4,CX,5.0,1.54,1.86,0.0,0.0,True,Out of Stock,0.37200000000000005,0.2,0
jus lana bouteille mangue 45cl x12,So équipe,0.0,1.4,CX,5.0,1.54,1.86,0.0,0.0,True,Out of Stock,0.37200000000000005,0.2,0
jus lana bouteille orange 45cl x12,So équipe,0.0,1.4,CX,5.0,1.54,1.86,0.0,0.0,True,Out of Stock,0.37200000000000005,0.2,0
jus lana brique 100f,So équipe,0.0,1.4,CX,5.0,1.54,1.86,0.0,0.0,True,Out of Stock,0.37200000000000005,0.2,0
jus lana pot (100f) 245ml x28,So équipe,0.0,1.4,CX,5.0,1.54,1.86,0.0,0.0,True,Out of Stock,0.37200000000000005,0.2,0
jus lana pot (50f) 120ml x56,So équipe,0.0,1.4,CX,5.0,1.54,1.86,0.0,0.0,True,Out of Stock,0.37200000000000005,0.2,0
jus lana pot 245ml x38,So équipe,0.0,1.4,CX,5.0,1.54,1.86,0.0,0.0,True,Out of Stock,0.37200000000000005,0.2,0
jus lana sachets,So équipe,0.0,1.4,CX,5.0,1.54,1.86,0.0,0.0,True,Out of Stock,0.37200000000000005,0.2,0
jus lana stick 25f,So équipe,0.0,1.4,CX,5.0,1.54,1.86,0.0,0.0,True,Out of Stock,0.37200000000000005,0.2,0
"jus naturel bissap blanc pet 1,2l x6",Sovapol,5.0,1.0,CX,5.0,2.0,1.86,0.0,16.666666666666664,False,Stock OK,0.0,0.4,0
"jus naturel bissap mix rouge blanc pet 1,2l x6",Sovapol,5.0,2.0,CX,5.0,3.5,1.86,0.0,50.0,False,Stock OK,0.0,0.5,0
"jus naturel bissap rouge pet 1,2l x6",Sovapol,13.0,2.0,CX,5.0,4.0,1.86,0.0,21.666666666666668,False,Stock OK,0.0,1.1,0
jus pfanner brique ananas coco 1l x8,DAFOS SN,0.0,1.4,CX,5.0,1.54,1.86,0.0,0.0,True,Out of Stock,0.37200000000000005,0.2,0
jus pfanner brique mangue passion 1l x8,DAFOS SN,0.0,1.4,CX,5.0,1.54,1.86,0.0,0.0,True,Out of Stock,0.37200000000000005,0.2,0
jus pfanner brique orange carotte 1l x8,DAFOS SN,0.0,1.4,CX,5.0,1.54,1.86,0.0,0.0,True,Out of Stock,0.37200000000000005,0.2,0
jus press up ananas brique 1l x6,Sodipas SARL,28.0,9.0,CX,5.0,9.0,3.0,0.0,56.0,False,Stock OK,0.0,1.5,0
jus press up mangue brique 1l x6,Sodipas SARL,26.0,6.0,CX,5.0,6.0,3.0,0.0,43.333333333333336,False,Stock OK,0.0,1.7000000000000002,0
jus press up orange brique 1l x6,Sodipas SARL,36.0,5.0,CX,5.0,5.0,3.0,0.0,90.0,False,Stock OK,0.0,1.1,0
jus press up peche brique 1l x6,Sodipas SARL,45.0,1.0,CX,5.0,1.5,3.0,0.0,225.0,False,Stock OK,0.0,0.4,0
jus press up poire brique 1l x6,Sodipas SARL,41.0,4.0,CX,5.0,4.0,3.0,0.0,205.0,False,Stock OK,0.0,0.4,0
jus press up poire raisins rouges 1l x6,Sodipas SARL,25.0,9.0,CX,5.0,9.0,3.0,0.0,35.714285714285715,False,Stock OK,0.0,2.1,0
jus press up pomme brique 1l x6,Sodipas SARL,46.0,3.0,CX,5.0,3.0,3.0,0.0,328.57142857142856,False,Stock OK,0.0,0.2,0
jus pressea brique ananas 1l x12,SIAGRO,1.0,1.0,BY,6.0,1.1,2.0,0.0,10.0,True,Predicted Stockout Soon,0.0,0.1,0
jus pressea brique ananas gingembre 1l x12,SIAGRO,0.0,9.0,CY,5.0,25.499999999999996,2.0,0.0,0.0,True,Out of Stock,8.399999999999999,4.199999999999999,0
jus pressea brique bissap 1l x12,SIAGRO,123.0,13.0,CZ,5.0,27.0,2.0,0.0,30.000000000000004,False,Stock OK,0.0,5.5,0
jus pressea brique cocktail 1l x12,SIAGRO,726.0,65.0,AX,8.0,323.7,2.0,0.0,19.945054945054945,False,Stock OK,0.0,45.7,0
jus pressea brique cocktail light 1l x12,SIAGRO,0.0,21.0,BY,6.0,48.9,2.0,0.0,0.0,True,Out of Stock,12.799999999999999,6.3999999999999995,0
jus pressea brique cocktail mango 1l x12,SIAGRO,0.0,9.16,CY,5.0,22.534000000000002,2.0,0.0,0.0,True,Out of Stock,0.4,0.2,0
jus pressea brique coco ananas 1l x12,SIAGRO,1464.0,135.0,AX,8.0,713.0999999999999,2.0,0.0,18.14126394052045,False,Stock OK,0.0,91.39999999999999,0
jus pressea brique goyave 1l x12,SIAGRO,465.0,106.0,AX,8.0,536.2,2.0,0.0,7.698675496688742,True,Predicted Stockout Soon,0.0,68.8,0
jus pressea brique mango passion 1l x12,SIAGRO,0.0,8.4,CX,5.0,16.169,2.0,0.0,0.0,True,Out of Stock,0.4,0.2,0
jus pressea brique mangue 1l x12,SIAGRO,462.0,38.0,BY,6.0,137.8,2.0,0.0,23.333333333333332,False,Stock OK,0.0,24.200000000000003,0
jus pressea brique orange 1l x12,SIAGRO,345.0,30.0,BY,6.0,103.19999999999999,2.0,0.0,23.46938775510204,False,Stock OK,0.0,19.400000000000002,0
jus pressea brique orange light 1l x12,SIAGRO,0.0,8.4,CX,5.0,16.169,2.0,0.0,0.0,True,Out of Stock,0.4,0.2,0
jus pressea brique pomme 1l x12,SIAGRO,25.0,9.0,CY,5.0,20.5,2.0,0.0,7.8125,False,Order Soon,0.0,4.3999999999999995,0
jus pressea mini ananas 200ml x24,SIAGRO,25.0,13.0,CX,5.0,34.0,2.0,0.0,4.545454545454546,True,Predicted Stockout Soon,0.0,8.9,0
jus pressea mini cocktail 200ml x24,SIAGRO,44.0,14.0,BX,6.0,40.599999999999994,2.0,0.0,7.857142857142858,False,Order Soon,0.0,5.8,0
jus pressea mini orange 200ml x24,SIAGRO,35.0,11.0,CX,5.0,23.5,2.0,0.0,9.722222222222221,False,Stock OK,0.0,4.6,0
jus pressea mini pomme 200ml x24,SIAGRO,12.0,12.0,CX,5.0,21.5,2.0,0.0,3.8709677419354835,True,Predicted Stockout Soon,0.0,3.3000000000000003,0
jus primo bouteille 100f 230ml x24,So équipe,699.0,115.0,CX,5.0,194.5,1.79,0.0,25.510948905109487,False,Stock OK,0.0,27.400000000000002,0
jus primo pot (50f) 120ml x56,So équipe,0.0,1.4,CX,5.0,1.54,1.86,0.0,0.0,True,Out of Stock,0.37200000000000005,0.2,0
jus sim top gm ananas 200ml x24,Finamark,0.0,5.51,CX,5.0,7.565,8.0,0.0,0.0,True,Out of Stock,1.6,0.2,0
jus sim top gm orange 200ml x24,Finamark,0.0,5.51,CX,5.0,7.565,8.0,0.0,0.0,True,Out of Stock,1.6,0.2,0
jus sim top gm tropical 200ml x24,Finamark,0.0,5.51,CX,5.0,7.565,8.0,0.0,0.0,True,Out of Stock,1.6,0.2,0
jus sim top pm ananas 125ml x36,Finamark,0.0,8.12,CZ,5.0,13.465,8.0,0.0,0.0,True,Out of Stock,1.6,0.2,0
jus sim top pm orange 125ml x36,Finamark,0.0,8.12,CZ,5.0,13.465,8.0,0.0,0.0,True,Out of Stock,1.6,0.2,0
jus sim top pm tropical 125ml x36,Finamark,0.0,32.66,BZ,8.0,128.85599999999997,8.0,0.0,0.0,True,Out of Stock,1.6,0.2,0
jus sun ice sachet ananas 200ml x40,DAFOS SN,0.0,1.4,CX,5.0,1.54,1.86,0.0,0.0,True,Out of Stock,0.37200000000000005,0.2,0
jus sun ice sachet cocktail 200ml x40,DAFOS SN,0.0,1.4,CX,5.0,1.54,1.86,0.0,0.0,True,Out of Stock,0.37200000000000005,0.2,0
jus sun ice sachet fraise 200ml x40,DAFOS SN,0.0,1.4,CX,5.0,1.54,1.86,0.0,0.0,True,Out of Stock,0.37200000000000005,0.2,0
jus sun ice sachet goyave 200ml x40,DAFOS SN,0.0,1.4,CX,5.0,1.54,1.86,0.0,0.0,True,Out of Stock,0.37200000000000005,0.2,0
jus sun ice sachet mangue 200ml x40,DAFOS SN,0.0,1.4,CX,5.0,1.54,1.86,0.0,0.0,True,Out of Stock,0.37200000000000005,0.2,0
jus sun ice sachet orange 200ml x40,DAFOS SN,0.0,1.4,CX,5.0,1.54,1.86,0.0,0.0,True,Out of Stock,0.37200000000000005,0.2,0
jus sun ice sachet pomme 200ml x40,DAFOS SN,0.0,1.4,CX,5.0,1.54,1.86,0.0,0.0,True,Out of Stock,0.37200000000000005,0.2,0
jus sun top ananas 125ml x24,Finamark,0.0,5.51,CX,5.0,7.565,8.0,0.0,0.0,True,Out of Stock,1.6,0.2,0
jus sun top gm orange 1l x12,Finamark,0.0,3.0,CX,5.0,6.0,8.0,0.0,0.0,True,Out of Stock,10.4,1.3,0
jus sun top gm pomme 1l x12,Finamark,16.0,2.0,CX,5.0,3.0,8.0,0.0,40.0,False,Stock OK,0.0,0.4,0
jus sun top gm tropical 1l x12,Finamark,3.0,4.0,CX,5.0,8.5,8.0,0.0,2.3076923076923075,True,Predicted Stockout Soon,9.0,1.5,0
jus sun top mangue 125ml x24,Finamark,0.0,15.0,CX,5.0,30.0,8.0,0.0,0.0,True,Out of Stock,47.199999999999996,5.8999999999999995,0
jus sun top orange 125ml x24,Finamark,56.0,16.0,BX,6.0,43.4,8.0,0.0,9.491525423728815,False,Order Soon,4.0,7.5,0
jus sun top pm citron 125ml x24,Finamark,18.0,4.0,CX,5.0,8.0,8.0,0.0,25.714285714285715,False,Stock OK,0.0,0.7,0
jus sun top pm cocktail 125ml x24,Finamark,0.0,28.0,BY,6.0,89.6,8.0,0.0,0.0,True,Out of Stock,126.39999999999999,15.799999999999999,0
jus sun top pm goyave 125ml x24,Finamark,0.0,12.0,CX,5.0,29.0,8.0,0.0,0.0,True,Out of Stock,36.8,4.6,0
jus sunquick ananas 84cl x6,Finamark,0.0,5.51,CX,5.0,7.565,8.0,0.0,0.0,True,Out of Stock,1.6,0.2,0
jus sunquick exotic 84cl x6,Finamark,0.0,5.51,CX,5.0,7.565,8.0,0.0,0.0,True,Out of Stock,1.6,0.2,0
jus sunquick exotic 84cl x6 .,Finamark,0.0,5.51,CX,5.0,7.565,8.0,0.0,0.0,True,Out of Stock,1.6,0.2,0
jus sunquick goyave 84cl x6,Finamark,0.0,5.51,CX,5.0,7.565,8.0,0.0,0.0,True,Out of Stock,1.6,0.2,0
jus sunquick goyave 84cl x6 .,Finamark,0.0,5.51,CX,5.0,7.565,8.0,0.0,0.0,True,Out of Stock,1.6,0.2,0
jus sunquick mangue 84cl x6 .,Finamark,0.0,5.51,CX,5.0,7.565,8.0,0.0,0.0,True,Out of Stock,1.6,0.2,0
jus sunquick orange 84cl x6,Finamark,0.0,5.51,CX,5.0,7.565,8.0,0.0,0.0,True,Out of Stock,1.6,0.2,0
jus sunquick orange 84cl x6 .,Finamark,0.0,5.51,CX,5.0,7.565,8.0,0.0,0.0,True,Out of Stock,1.6,0.2,0
jus sunquick tropical 84cl x6,Finamark,0.0,5.51,CX,5.0,7.565,8.0,0.0,0.0,True,Out of Stock,1.6,0.2,0
jus sunquick tropical 84cl x6 .,Finamark,0.0,5.51,CX,5.0,7.565,8.0,0.0,0.0,True,Out of Stock,1.6,0.2,0
jus tampico pot x24,SIAD,0.0,5.49,CX,5.0,10.57,1.0,0.0,0.0,True,Out of Stock,0.2,0.2,0
jus tampico sachet 200ml x30,SIAD,0.0,751.0,AZ,10.0,1848.4999999999998,1.0,0.0,0.0,True,Out of Stock,147.29999999999998,147.29999999999998,0
jus zoom pot 20cl x28,LSB,0.0,5.58,CX,5.0,9.055,1.0,0.0,0.0,True,Out of Stock,0.2,0.2,0
kangoo pot 200g x12,Patisen,0.0,9.55,CX,5.0,24.35,9.0,0.0,0.0,True,Out of Stock,1.8,0.2,0
kangoo pot 400g x12,Patisen,0.0,9.55,CX,5.0,24.35,9.0,0.0,0.0,True,Out of Stock,1.8,0.2,0
keppou 12 x6,Borodji Distribution,259.0,59.0,CX,5.0,188.5,4.0,0.0,8.144654088050315,False,Order Soon,0.0,42.2,0
ketchup alfa 340g x24,Shivam General Trading,0.0,1.4,CX,5.0,1.54,1.86,0.0,0.0,True,Out of Stock,0.37200000000000005,0.2,0
ketchup dieg bou diar bidon 1kg x12,SOCAS,0.0,5.92,CX,5.0,10.6,1.0,0.0,0.0,True,Out of Stock,0.2,0.2,0
ketchup dieg bou diar bidon 5kg,SOCAS,142.0,65.0,BX,6.0,195.10000000000002,1.0,0.0,5.440613026819923,True,Predicted Stockout Soon,0.0,26.1,0
ketchup dieg bou diar sachets 50g x40,SOCAS,26.0,12.0,CX,5.0,27.999999999999996,1.0,0.0,5.90909090909091,True,Predicted Stockout Soon,0.0,5.8,0
ketchup linguere 220g x24,AGROLINE,0.0,4.72,CX,5.0,8.795,2.0,0.0,0.0,True,Out of Stock,0.4,0.2,0
ketchup linguere 340g x24,AGROLINE,90.0,23.0,BX,6.0,65.5,2.0,0.0,10.0,False,Stock OK,0.0,11.7,0
ketchup linguere 360g x24,AGROLINE,0.0,4.72,CX,5.0,8.795,2.0,0.0,0.0,True,Out of Stock,0.4,0.2,0
ketchup linguere barbecue 340g x24,AGROLINE,0.0,4.72,CX,5.0,8.795,2.0,0.0,0.0,True,Out of Stock,0.4,0.2,0
ketchup linguere bidon 2kg,AGROLINE,0.0,4.72,CX,5.0,8.795,2.0,0.0,0.0,True,Out of Stock,0.4,0.2,0
ketchup linguere bidon 5kg,AGROLINE,309.0,86.0,BX,6.0,232.0,2.0,0.0,9.96774193548387,False,Stock OK,0.0,31.0,0
ketchup linguere stick 10g x500,AGROLINE,0.0,1.0,CX,5.0,3.5,2.0,0.0,0.0,True,Out of Stock,1.2,0.6,0
kidilac cereales blé sachets 50g x100,SOCOMAF,8.0,1.0,CX,5.0,2.0,1.86,0.0,80.0,False,Stock OK,0.0,0.1,0
kidilac cereales pot blé 400g x12,SOCOMAF,3.0,2.0,CX,5.0,2.5,1.86,0.0,30.0,False,Order Soon,0.0,0.1,0
kidilon cereales pot mais 210g x12,SOCOMAF,3.0,1.0,CX,5.0,1.5,1.86,0.0,30.0,False,Stock OK,0.0,0.1,0
kidilon cereales pot multi cereales 210g x12,SOCOMAF,10.0,2.0,CX,5.0,3.0,1.86,0.0,100.0,False,Stock OK,0.0,0.1,0
lait - bonnet rouge pot pm 200g x24,DAP,0.0,6.25,CX,5.0,17.435,6.0,0.0,0.0,True,Out of Stock,1.2000000000000002,0.2,0
lait - candia gm demi-ecreme 1l x12,SIAGRO,130.0,36.0,AY,8.0,166.0,2.0,0.0,9.558823529411764,True,Predicted Stockout Soon,0.0,13.6,0
lait - candia gm entier 1l x12,SIAGRO,0.0,8.4,CX,5.0,16.169,2.0,0.0,0.0,True,Out of Stock,0.4,0.2,0
lait - candia moyen demi-ecreme 50cl x12,SIAGRO,32.0,52.0,BZ,8.0,154.8,2.0,0.0,2.0779220779220777,True,Predicted Stockout Soon,0.0,15.4,0
lait - candia moyen entier 50cl x12,SIAGRO,0.0,8.4,CX,5.0,16.169,2.0,0.0,0.0,True,Out of Stock,0.4,0.2,0
lait - candia moyen fraise 50cl x12,SIAGRO,0.0,8.4,CX,5.0,16.169,2.0,0.0,0.0,True,Out of Stock,0.4,0.2,0
lait - candia moyen vanille 50cl x12,SIAGRO,0.0,8.4,CX,5.0,16.169,2.0,0.0,0.0,True,Out of Stock,0.4,0.2,0
lait - candia pm brique demi-ecreme 20cl x24,SIAGRO,663.0,152.0,AY,8.0,792.8,2.0,0.0,7.399553571428572,True,Predicted Stockout Soon,0.0,111.1,0
lait - candia pm brique fraise 20clx24,SIAGRO,0.0,8.4,CX,5.0,16.169,2.0,0.0,0.0,True,Out of Stock,0.4,0.2,0
lait - candia pm brique vanille 20cl x24,SIAGRO,3.0,128.0,AY,8.0,557.6,2.0,0.0,0.0486223662884927,True,Predicted Stockout Soon,160.39999999999998,81.69999999999999,0
lait - candia pm pyramide demi-ecreme 15cl x24,SIAGRO,0.0,8.4,CX,5.0,16.169,2.0,0.0,0.0,True,Out of Stock,0.4,0.2,0
lait - candy'up chocolat 15cl x24,SIAGRO,-1.0,10.23,CX,5.0,20.664,2.0,0.0,-0.07349907761550266,True,Out of Stock,1.4,0.2,0
lait - candy'up fraise 15cl x24,SIAGRO,0.0,8.4,CX,5.0,16.169,2.0,0.0,0.0,True,Out of Stock,0.4,0.2,0
lait - candy'up vanille 15cl x24,SIAGRO,1.0,7.99,CX,5.0,15.32,2.0,0.0,0.22521532045671308,True,Predicted Stockout Soon,0.0,0.2,0
lait - dano moyen entier 500ml x12,ARLA,0.0,1.4,CX,5.0,1.54,1.86,0.0,0.0,True,Out of Stock,0.37200000000000005,0.2,0
lait - jet lait 20cl x30,Saprolait,520.0,80.0,AY,8.0,377.6,4.0,0.0,13.197969543147208,False,Order Soon,0.0,42.2,0
lait - laicran moyen entier 50cl x12,ETS MEROUEH,165.0,20.0,BX,6.0,77.8,1.86,0.0,14.601769911504427,False,Stock OK,0.0,13.0,0
lait - nutri ananas 210ml x24,MAERKS,2.0,2.27,CX,5.0,3.215,1.86,0.0,1.0784770741768204,True,Predicted Stockout Soon,0.0,0.2,0
lait - nutri-milk choco 400ml x12,MAERKS,0.0,1.13,CX,5.0,1.15,1.86,0.0,-0.004972375690607734,True,Out of Stock,0.37200000000000005,0.2,0
lait - nutri-milk orange 210ml x24,MAERKS,0.0,1.13,CX,5.0,1.15,1.86,0.0,-0.004972375690607734,True,Out of Stock,0.37200000000000005,0.2,0
lait - nutri-milk pomme 210ml x24,MAERKS,-1.0,1.0,CX,5.0,1.0,1.86,0.0,-0.08597861156223771,True,Out of Stock,1.372,0.2,0
lait - nutri-milk pomme 500ml x12,MAERKS,0.0,2.0,CX,5.0,2.0,1.86,0.0,0.0,True,Out of Stock,0.18600000000000003,0.1,0
lait - nutri-milk vanille 210ml x24,MAERKS,3.0,1.0,CX,5.0,1.0,1.86,0.0,1.5688844118762828,False,Stock OK,0.0,0.2,0
lait clairmen classic 500 ml x6,Dream Cosmetics,0.0,1.28,CX,5.0,1.86,1.86,0.0,0.0,True,Out of Stock,0.37200000000000005,0.2,0
lait concentre dano non sucre 170g x24,ARLA,0.0,1.4,CX,5.0,1.54,1.86,0.0,0.0,True,Out of Stock,0.37200000000000005,0.2,0
lait concentre gloria non sucre pot pm 160g x24,Sedipal,0.0,41.0,AX,8.0,196.5,2.0,0.0,0.0,True,Out of Stock,44.0,22.0,0
lait concentre gloria xeweul pot pm 200g x24,Sedipal,0.0,6.88,CX,5.0,12.565,2.0,0.0,0.0,True,Out of Stock,0.4,0.2,0
lait concentre petit-dej non sucre 160g x48,CMGA,0.0,5.84,CX,5.0,6.107,9.0,0.0,0.0,True,Out of Stock,1.8,0.2,0
lait concentré hollandia 120g x24,MAERKS,0.0,1.13,CX,5.0,1.15,1.86,0.0,-0.004972375690607734,True,Out of Stock,0.37200000000000005,0.2,0
lait concentré hollandia 50g x48,MAERKS,0.0,1.13,CX,5.0,1.15,1.86,0.0,-0.004972375690607734,True,Out of Stock,0.37200000000000005,0.2,0
lait concentré non sucré laity 25cl x24,EZAL TRADING,5.0,2.34,CX,5.0,3.705,1.86,0.0,2.6973628298596073,False,Order Soon,0.0,0.2,0
lait corporel coco pulp 250ml x6,Dream Cosmetics,0.0,2.0,CX,5.0,5.5,1.86,0.0,0.0,True,Out of Stock,1.6740000000000002,0.9,0
lait day by day men classic 500 ml x6,Dream Cosmetics,0.0,1.28,CX,5.0,1.86,1.86,0.0,0.0,True,Out of Stock,0.37200000000000005,0.2,0
lait de corps clairmen 300ml x6,Dream Cosmetics,0.0,1.28,CX,5.0,1.86,1.86,0.0,0.0,True,Out of Stock,0.37200000000000005,0.2,0
lait en poudre dano quotidien 20g x100,ARLA,0.0,5.18,CZ,5.0,8.275,1.85,0.0,0.0,True,Out of Stock,0.37000000000000005,0.2,0
lait en poudre dano quotidien 400g x10,ARLA,0.0,5.18,CZ,5.0,8.275,1.85,0.0,0.0,True,Out of Stock,0.37000000000000005,0.2,0
lait en poudre diamo gm 400g x10,Hunters Food,0.0,6.79,CX,5.0,11.47,1.0,0.0,0.0,True,Out of Stock,0.2,0.2,0
lait en poudre diamo pm 20g x100,Hunters Food,0.0,6.79,CX,5.0,11.47,1.0,0.0,0.0,True,Out of Stock,0.2,0.2,0
lait en poudre gloria gm 400g x12,Sedipal,0.0,6.88,CX,5.0,12.565,2.0,0.0,0.0,True,Out of Stock,0.4,0.2,0
lait en poudre gloria pm 16g x120,Sedipal,210.0,27.0,BX,6.0,83.1,2.0,0.0,18.10344827586207,False,Stock OK,0.0,14.0,0
lait en poudre halib gm 400g x10,SENICO,0.0,21.94,BY,6.0,74.48499999999997,16.0,0.0,0.0,True,Out of Stock,3.2,0.2,0
lait en poudre halib pm 20g x100,SENICO,0.0,3.49,CX,5.0,6.525,16.0,0.0,0.0,True,Out of Stock,3.2,0.2,0
lait en poudre laclait gm 400g x10,SENICO,0.0,6.62,CZ,5.0,13.08,16.0,0.0,0.0,True,Out of Stock,3.2,0.2,0
lait en poudre laclait pm 20g x100,SENICO,0.0,1.0,CX,5.0,2.0,16.0,0.0,0.0,True,Out of Stock,4.800000000000001,0.30000000000000004,0
lait en poudre laicran gm 400g x10,ETS MEROUEH,271.0,41.0,AX,8.0,199.70000000000002,1.86,0.0,12.098214285714285,False,Stock OK,0.0,27.400000000000002,0
lait en poudre laicran moyen 200g x10,ETS MEROUEH,0.0,1.37,CX,5.0,1.475,1.86,0.0,0.0,True,Out of Stock,0.37200000000000005,0.2,0
lait en poudre laicran pm 20g x100,ETS MEROUEH,1199.0,192.0,AX,8.0,1116.0,1.9,0.0,9.403921568627451,False,Order Soon,0.0,152.1,0
lait en poudre laity gm 400g x10,FSP,0.0,5.36,CX,5.0,11.97,4.0,0.0,0.0,True,Out of Stock,0.8,0.2,0
lait en poudre laity pm 20g x100,FSP,0.0,5.36,CX,5.0,11.97,4.0,0.0,0.0,True,Out of Stock,0.8,0.2,0
lait en poudre lalia gm 400g x10,COSEDI,0.0,5.39,CX,5.0,7.325,14.0,0.0,44.07884615384615,True,Out of Stock,2.8000000000000003,0.2,0
lait en poudre lalia pm 20g x100,COSEDI,0.0,5.39,CX,5.0,7.325,14.0,0.0,44.07884615384615,True,Out of Stock,2.8000000000000003,0.2,0
lait en poudre lalia pm chapelet 20g x10,COSEDI,0.0,4.0,CX,5.0,4.0,14.0,0.0,0.0,True,Out of Stock,2.8000000000000003,0.2,0
lait en poudre mixwell gm 400g x10,APD (Promasidor),0.0,23.82,BY,6.0,64.095,1.86,0.0,0.0,True,Out of Stock,0.37200000000000005,0.2,0
lait en poudre mixwell pm 18g x100,APD (Promasidor),0.0,1.4,CX,5.0,1.54,1.86,0.0,0.0,True,Out of Stock,0.37200000000000005,0.2,0
lait en poudre nido gm 400g x12,Sedipal,0.0,2.0,CX,5.0,4.0,2.0,0.0,0.0,True,Out of Stock,1.2,0.6,0
lait en poudre nido pm 16g x120,Sedipal,133.0,19.0,BX,6.0,74.3,2.0,0.0,12.314814814814817,False,Stock OK,0.0,12.4,0
lait en poudre sibon pm 18g x100,ETS MEROUEH,0.0,1.37,CX,5.0,1.475,1.86,0.0,0.0,True,Out of Stock,0.37200000000000005,0.2,0
lait evaporé el dorado pot 170g x48,Abasse Distribution,0.0,1.4,CX,5.0,1.54,1.86,0.0,0.0,True,Out of Stock,0.37200000000000005,0.2,0
lait evaporé laclait pot pm 160g x48,CCD,0.0,13.0,CX,5.0,43.5,1.86,0.0,0.0,True,Out of Stock,13.764,7.3999999999999995,0
lait evaporé laclait pot pm 160g x48,CCD,0.0,13.0,CX,5.0,43.5,1.86,0.0,0.0,True,Out of Stock,13.764,7.3999999999999995,0
lait evaporé laclait pot pm 160g x48,Releve de presence,0.0,13.0,CX,5.0,43.5,1.86,0.0,0.0,True,Out of Stock,13.764,7.3999999999999995,0
lait evaporé laclait pot pm 160g x48,Releve de presence,0.0,13.0,CX,5.0,43.5,1.86,0.0,0.0,True,Out of Stock,13.764,7.3999999999999995,0
lait evaporé laicran pot 170g x24,ETS MEROUEH,0.0,1.0,CX,5.0,1.0,1.86,0.0,0.0,True,Out of Stock,0.37200000000000005,0.2,0
lait evaporé lalia pot pm 160g x48,COSEDI,0.0,5.39,CX,5.0,7.325,14.0,0.0,44.07884615384615,True,Out of Stock,2.8000000000000003,0.2,0
lait evaporé matinal pot pm 170g x48,MADTRANS,37.0,19.0,CX,5.0,55.5,1.86,0.0,4.021739130434783,True,Predicted Stockout Soon,0.0,11.7,0
lait evaporé mis pot pm 160g x48,COSEDI,0.0,5.39,CX,5.0,7.325,14.0,0.0,44.07884615384615,True,Out of Stock,2.8000000000000003,0.2,0
lait evaporé miwa pot pm 160g x48,CCD,171.0,36.78,CZ,5.0,102.56899999999997,1.85,0.0,9.818143744154034,False,Stock OK,0.0,0.2,0
lait evaporé mixy milk pot pm 160g x48,APD (Promasidor),0.0,1.4,CX,5.0,1.54,1.86,0.0,0.0,True,Out of Stock,0.37200000000000005,0.2,0
lait evaporé nour pot 160g x48,DAP,120.0,32.0,CX,5.0,76.5,6.0,0.0,12.903225806451614,False,Order Soon,0.0,9.299999999999999,0
lait happy family  750 ml x6,Uniparco cosmetique,0.0,1.4,CX,5.0,1.54,1.86,0.0,0.0,True,Out of Stock,0.37200000000000005,0.2,0
lait happy family carotte 750 ml x6,Uniparco cosmetique,1.0,2.85,CX,5.0,4.73,1.86,0.0,0.43959890023111703,True,Predicted Stockout Soon,0.0,0.2,0
lait ideal men 200 ml x6,Sivop,43.0,6.0,CX,5.0,12.5,1.86,0.0,22.63157894736842,False,Stock OK,0.0,2.2,0
lait ideal skin 200 ml x6,Sivop,45.0,6.0,CX,5.0,15.0,1.86,0.0,18.75,False,Stock OK,0.0,2.4,0
lait jaouda gm entier 1l x6,Sodipas SARL,24.0,9.0,CX,5.0,9.0,3.0,0.0,48.0,False,Stock OK,0.0,1.5,0
lait nova derma 250ml x4,Sivop,30.0,6.0,CX,5.0,15.5,1.86,0.0,12.0,False,Stock OK,0.0,3.1,0
lait rose gm 500ml x12,CDA,303.0,34.0,CX,5.0,101.0,0.0,0.0,18.035714285714285,False,Stock OK,0.0,20.8,0
lait rose pm 200ml x21,CDA,117.0,19.0,CX,5.0,50.99999999999999,0.0,0.0,14.096385542168676,False,Stock OK,0.0,10.799999999999999,0
lait skin net  200 ml x6,Uniparco cosmetique,0.0,1.4,CX,5.0,1.54,1.86,0.0,0.0,True,Out of Stock,0.37200000000000005,0.2,0
lait skin net bleu 200 ml x6,Uniparco cosmetique,1.0,2.85,CX,5.0,4.73,1.86,0.0,0.43959890023111703,True,Predicted Stockout Soon,0.0,0.2,0
lait soft skin 220 ml x6,Sivop,1.0,6.0,CX,5.0,10.5,1.86,0.0,3.333333333333333,True,Predicted Stockout Soon,0.0,0.30000000000000004,0
lait vitalait liquide 18cl x24,ROSESSIM,0.0,1.4,CX,5.0,1.54,1.86,0.0,0.0,True,Out of Stock,0.37200000000000005,0.2,0
lait vitalait liquide 50cl x6,ROSESSIM,0.0,28.58,BX,6.0,81.35800000000003,1.86,0.0,0.0,True,Out of Stock,0.37200000000000005,0.2,0
lait yaourt milkana abricot 100g x24,SODIAL SA,0.0,7.25,CY,5.0,15.82,1.86,0.0,0.0,True,Out of Stock,0.37200000000000005,0.2,0
lait yaourt milkana banane 100g x24,SODIAL SA,0.0,7.25,CY,5.0,15.82,1.86,0.0,0.0,True,Out of Stock,0.37200000000000005,0.2,0
lait yaourt milkana fraise 100g x24,SODIAL SA,8.0,2.19,CX,5.0,3.305,1.86,0.0,6.678253901537865,False,Stock OK,0.0,0.2,0
lait yaourt milkana fruit rouge 100g x24,SODIAL SA,0.0,5.09,CZ,5.0,8.15,1.85,0.0,0.0,True,Out of Stock,0.37000000000000005,0.2,0
lait yaourt milkana mangue 100g x24,SODIAL SA,0.0,1.0,CX,5.0,1.5,1.86,0.0,0.0,True,Out of Stock,0.37200000000000005,0.2,0
lait yaourt milkana vanille 100g x24,SODIAL SA,0.0,7.25,CY,5.0,15.82,1.86,0.0,0.0,True,Out of Stock,0.37200000000000005,0.2,0
lame vitfé x100,VITFE,0.0,14.0,CX,5.0,14.0,1.86,0.0,0.0,True,Out of Stock,0.37200000000000005,0.2,0
lampe économique x10,Borodji Distribution,0.0,6.0,CX,5.0,11.0,4.0,0.0,0.0,True,Out of Stock,6.4,1.6,0
laurier 1/2 kg,Mame Thierno & Freres,100.0,60.0,CX,5.0,154.5,1.86,0.0,4.524886877828054,True,Predicted Stockout Soon,0.0,22.1,0
levure smart chef x100,ARIMEX,166.0,30.0,CX,5.0,95.0,8.0,0.0,1660.0,False,Order Soon,0.0,16.0,0
lingette bébé lilas x1,SAH SN,3582.0,14.0,CX,5.0,33.0,17.0,0.0,688.8461538461539,False,Stock OK,0.0,7.1,0
mayonnaise 3 lions 5l,NPGandour,0.0,7.43,CX,5.0,16.58,4.0,0.0,0.0,True,Out of Stock,0.8,0.2,0
mayonnaise aromate 1l x6,FMCG DISTRIBUTION,0.0,2.04,CX,5.0,5.985,1.86,0.0,0.09428571428571429,True,Out of Stock,0.37200000000000005,0.2,0
mayonnaise aromate 250ml x12,FMCG DISTRIBUTION,0.0,2.04,CX,5.0,5.985,1.86,0.0,0.09428571428571429,True,Out of Stock,0.37200000000000005,0.2,0
mayonnaise aromate 450ml x12,FMCG DISTRIBUTION,0.0,2.04,CX,5.0,5.985,1.86,0.0,0.09428571428571429,True,Out of Stock,0.37200000000000005,0.2,0
mayonnaise calvé 1l x6,FMCG DISTRIBUTION,1.0,6.6,CZ,5.0,13.715,1.85,0.0,0.6879702825306968,True,Predicted Stockout Soon,0.0,0.2,0
mayonnaise calvé 225ml x12,FMCG DISTRIBUTION,0.0,35.46,BZ,8.0,139.76699999999997,1.86,0.0,0.09428571428571429,True,Out of Stock,0.37200000000000005,0.2,0
mayonnaise calvé 450ml x12,FMCG DISTRIBUTION,0.0,35.46,BZ,8.0,139.76699999999997,1.86,0.0,0.09428571428571429,True,Out of Stock,0.37200000000000005,0.2,0
mayonnaise chef aida 1l x6,SENAME,0.0,2.66,CX,5.0,3.605,8.0,0.0,2.4,True,Out of Stock,1.6,0.2,0
mayonnaise chef aida 225ml x12,SENAME,0.0,2.66,CX,5.0,3.605,8.0,0.0,2.4,True,Out of Stock,1.6,0.2,0
mayonnaise chef aida 450ml x12,SENAME,0.0,2.66,CX,5.0,3.605,8.0,0.0,2.4,True,Out of Stock,1.6,0.2,0
mayonnaise diamo 500 ml x6,Hunters Food,0.0,6.79,CX,5.0,11.47,1.0,0.0,0.0,True,Out of Stock,0.2,0.2,0
mayonnaise jadida 1l x6,SENICO,49.0,7.0,BZ,8.0,22.7,16.0,0.0,25.789473684210524,False,Order Soon,0.0,2.4,0
mayonnaise jadida 250ml x12,SENICO,55.0,10.0,CX,5.0,30.5,16.0,0.0,10.784313725490197,False,Order Soon,41.0,6.0,0
mayonnaise jadida 500ml x12,SENICO,97.0,8.0,CX,5.0,23.0,16.0,0.0,37.30769230769231,False,Stock OK,0.0,3.8000000000000003,0
mayonnaise kadi 1l x6,SENICO,0.0,2.0,CX,5.0,4.0,16.0,0.0,0.0,True,Out of Stock,9.6,0.6,0
mayonnaise kadi 250ml x12,SENICO,0.0,3.0,CX,5.0,8.0,16.0,0.0,0.0,True,Out of Stock,20.8,1.3,0
mayonnaise kadi 500 ml x12,SENICO,0.0,1.0,CX,5.0,3.5,16.0,0.0,0.0,True,Out of Stock,9.6,0.6,0
mayonnaise maynes gm 946ml x6,Patisen,0.0,10.33,CZ,5.0,27.63,9.0,0.0,0.0,True,Out of Stock,1.8,0.2,0
mayonnaise maynes moyen 473ml x12,Patisen,0.0,10.33,CZ,5.0,27.63,9.0,0.0,0.0,True,Out of Stock,1.8,0.2,0
mayonnaise maynes pm 237ml x12,Patisen,0.0,9.55,CX,5.0,24.35,9.0,0.0,0.0,True,Out of Stock,1.8,0.2,0
mayonnaise sofia sachets 20g x120,SOFIEX,46.0,13.0,CY,5.0,39.0,2.0,0.0,7.076923076923077,False,Order Soon,0.0,6.699999999999999,0
mayonnaise top mayo 3.8l,Sivop,123.0,19.0,CX,5.0,35.5,1.86,0.0,24.117647058823533,False,Stock OK,0.0,5.1,0
mbomb 100f x6,Borodji Distribution,0.0,148.0,CX,5.0,333.5,4.0,0.0,0.0,True,Out of Stock,204.8,51.2,0
mbomb 200f x4,Borodji Distribution,85.0,46.0,CX,5.0,113.0,4.0,0.0,5.448717948717949,True,Predicted Stockout Soon,0.0,15.6,0
melolac pot cereales avec lait 400g x12,DAP,0.0,6.25,CX,5.0,17.435,6.0,0.0,0.0,True,Out of Stock,1.2000000000000002,0.2,0
melolac sachets cereales avec lait 50g x50,DAP,211.0,37.0,BX,6.0,151.70000000000002,6.0,0.0,9.504504504504503,False,Order Soon,0.0,23.700000000000003,0
moukhamsa plomb kayna gm 500g x20,ARIMEX,101.0,6.0,CZ,5.0,12.5,8.0,0.0,53.1578947368421,False,Stock OK,0.0,2.5,0
moukhamsa plomb kayna pm 250g x40,ARIMEX,203.0,18.0,BX,6.0,63.0,8.0,0.0,22.555555555555557,False,Stock OK,0.0,9.299999999999999,0
moukhamsa plomb pastami gm 500g x12,NMA SANDERS,0.0,3.0,CX,5.0,3.0,7.0,0.0,0.0,True,Out of Stock,0.7000000000000001,0.1,0
moukhamsa plomb pastami pm 250g x24,NMA SANDERS,35.0,4.0,CX,5.0,14.0,7.0,0.0,18.421052631578945,False,Stock OK,0.0,1.9000000000000001,0
moukhamsa plomb rose blanche gm 500g x24,ARIMEX,0.0,7.09,CX,5.0,17.065,8.0,0.0,0.0,True,Out of Stock,1.6,0.2,0
moukhamsa plomb rose blanche pm 250g x48,ARIMEX,340.0,28.0,BX,6.0,106.4,8.0,0.0,22.07792207792208,False,Stock OK,0.0,20.200000000000003,0
moukhamsa tiep pastami gm 500g x12,NMA SANDERS,0.0,2.47,CX,5.0,2.995,7.0,0.0,0.0,True,Out of Stock,1.4000000000000001,0.2,0
moukhamsa tiep pastami pm 250g x24,NMA SANDERS,0.0,2.47,CX,5.0,2.995,7.0,0.0,0.0,True,Out of Stock,1.4000000000000001,0.2,0
moukhamsa tiep rose blanche gm 500g x24,ARIMEX,0.0,7.09,CX,5.0,17.065,8.0,0.0,0.0,True,Out of Stock,1.6,0.2,0
moukhamsa tiep rose blanche pm 250g x48,ARIMEX,43.0,18.0,BX,6.0,63.599999999999994,8.0,0.0,4.725274725274725,True,Predicted Stockout Soon,42.599999999999994,10.7,0
moutarde amira fine 1kg x6,SENICO,0.0,3.49,CX,5.0,6.525,16.0,0.0,0.0,True,Out of Stock,3.2,0.2,0
moutarde chef aida 225ml x12,SENAME,0.0,2.66,CX,5.0,3.605,8.0,0.0,2.4,True,Out of Stock,1.6,0.2,0
moutarde chef aida 450ml x6,SENAME,0.0,2.66,CX,5.0,3.605,8.0,0.0,2.4,True,Out of Stock,1.6,0.2,0
moutarde fine amira verre 370g x6,SENICO,0.0,3.49,CX,5.0,6.525,16.0,0.0,0.0,True,Out of Stock,3.2,0.2,0
moutarde kadi 1kg x6,SENICO,22.0,3.0,CX,5.0,5.0,16.0,0.0,220.0,False,Stock OK,0.0,0.1,0
moutarde kadi verre 370g x6,SENICO,0.0,1.0,CX,5.0,1.0,16.0,0.0,0.0,True,Out of Stock,1.6,0.1,0
moutarde packfood 350g x6,MADTRANS,0.0,1.4,CX,5.0,1.54,1.86,0.0,0.0,True,Out of Stock,0.37200000000000005,0.2,0
moutarde packfood 850g x6,MADTRANS,0.0,1.4,CX,5.0,1.54,1.86,0.0,0.0,True,Out of Stock,0.37200000000000005,0.2,0
moutarde pathial pathial gm 1l x6,Sonia,0.0,39.0,BZ,8.0,139.5,14.0,0.0,0.0,True,Out of Stock,210.0,15.0,0
moutarde pathial pathial pm 330ml x12,Sonia,0.0,31.0,BY,6.0,89.9,14.0,0.0,0.0,True,Out of Stock,173.6,12.4,0
moutarde reine flacon 340g x12,Sosagrin,0.0,1.4,CX,5.0,1.54,1.86,0.0,0.0,True,Out of Stock,0.37200000000000005,0.2,0
moutarde reine seaux 1kg x6,Sosagrin,0.0,1.4,CX,5.0,1.54,1.86,0.0,0.0,True,Out of Stock,0.37200000000000005,0.2,0
moutarde reine verre 370g x6,Sosagrin,182.0,42.0,BX,6.0,116.4,1.86,0.0,11.446540880503145,False,Stock OK,0.0,21.200000000000003,0
moutarde reine verre 850g x6,Sosagrin,42.0,12.0,CX,5.0,25.5,1.86,0.0,10.76923076923077,False,Stock OK,0.0,5.5,0
moyen juko ananas 38cl x15,LSB,0.0,5.58,CX,5.0,9.055,1.0,0.0,0.0,True,Out of Stock,0.2,0.2,0
moyen juko cocktail 38cl x15,LSB,2.0,5.13,CX,5.0,8.075,1.0,0.0,1.2273974314106573,True,Predicted Stockout Soon,0.0,0.2,0
moyen juko mangue 38cl x15,LSB,0.0,5.58,CX,5.0,9.055,1.0,0.0,0.0,True,Out of Stock,0.2,0.2,0
moyen juko orange 38cl x15,LSB,0.0,5.58,CX,5.0,9.055,1.0,0.0,0.0,True,Out of Stock,0.2,0.2,0
muscade 1/2 kg (500g),Borodji Distribution,0.0,6.57,CX,5.0,13.47,4.0,0.0,0.0,True,Out of Stock,0.8,0.2,0
ndambé 425g x24,Condak (Pinthon),0.0,4.68,CX,5.0,6.671,9.0,0.0,0.0,True,Out of Stock,1.8,0.2,0
nesquick 250g x5,Sedipal,0.0,6.88,CX,5.0,12.565,2.0,0.0,0.0,True,Out of Stock,0.4,0.2,0
net - acide noura flash 1l x12,H&D Industries,50.0,17.0,CY,5.0,54.0,10.0,0.0,5.4945054945054945,True,Predicted Stockout Soon,56.0,10.6,0
net - désodorisant madar 300ml x12,H&D Industries,0.0,5.68,CX,5.0,10.45,10.0,0.0,0.0,True,Out of Stock,2.0,0.2,0
net - eau de javel armonia gm 1l x12,SIAD,41.0,9.0,CX,5.0,17.0,1.0,0.0,16.4,False,Stock OK,0.0,3.8000000000000003,0
net - eau de javel armonia gm 5l x3,SIAD,0.0,5.49,CX,5.0,10.57,1.0,0.0,0.0,True,Out of Stock,0.2,0.2,0
net - eau de javel la croix gm 800ml x15,EMAB,23.0,4.0,CX,5.0,8.0,1.86,0.0,19.166666666666664,False,Stock OK,0.0,1.5,0
net - eau de javel madar gm 900ml x12,H&D Industries,116.0,40.0,BX,6.0,135.8,10.0,0.0,6.010362694300518,True,Predicted Stockout Soon,113.00000000000003,22.900000000000002,0
net - eau de javel madar platinum 750ml x12,H&D Industries,0.0,5.68,CX,5.0,10.45,10.0,0.0,0.0,True,Out of Stock,2.0,0.2,0
net - eau de javel madar pm 250ml x30,H&D Industries,0.0,5.68,CX,5.0,10.45,10.0,0.0,0.0,True,Out of Stock,2.0,0.2,0
net - eau de javel madar seau 65ml x100,H&D Industries,60.0,64.0,BX,6.0,207.8,10.0,0.0,2.150537634408602,True,Predicted Stockout Soon,219.0,27.900000000000002,0
net - eau de javel novelas gm 1l x12,SIAD,0.0,5.49,CX,5.0,10.57,1.0,0.0,0.0,True,Out of Stock,0.2,0.2,0
net - eau de javel vitfe 65ml x100,VITFE,0.0,17.0,CX,5.0,51.0,1.86,0.0,0.0,True,Out of Stock,12.834,6.8999999999999995,0
net - lave bois madar 750ml x12,H&D Industries,0.0,5.68,CX,5.0,10.45,10.0,0.0,0.0,True,Out of Stock,2.0,0.2,0
net - lave vitre armonia 750ml x12,SIAD,3.0,4.0,CZ,5.0,8.5,1.0,0.0,2.3076923076923075,True,Predicted Stockout Soon,0.0,1.3,0
net - lave vitre madar 1l x12,H&D Industries,-1.0,8.0,CZ,5.0,16.5,10.0,0.0,-0.4,True,Out of Stock,26.0,2.5,0
net - lave vitre madar 750ml x12,H&D Industries,8.0,11.0,CZ,5.0,20.5,10.0,0.0,2.6666666666666665,True,Predicted Stockout Soon,35.0,4.3,0
net - lave vitre novelas 750ml x12,SIAD,0.0,7.0,CZ,5.0,14.0,1.0,0.0,0.0,True,Out of Stock,2.1,2.1,0
net - liquide armonia gm 1l x12,SIAD,0.0,5.49,CX,5.0,10.57,1.0,0.0,0.0,True,Out of Stock,0.2,0.2,0
net - liquide armonia moyen 450ml x12,SIAD,0.0,5.49,CX,5.0,10.57,1.0,0.0,0.0,True,Out of Stock,0.2,0.2,0
net - liquide armonia pm 225 ml x24,SIAD,0.0,5.49,CX,5.0,10.57,1.0,0.0,0.0,True,Out of Stock,0.2,0.2,0
net - liquide madar gm platinum 900ml x12,H&D Industries,69.0,45.0,BX,6.0,125.70000000000002,10.0,0.0,4.011627906976743,True,Predicted Stockout Soon,142.0,21.1,0
net - liquide madar gm premium violet 900ml x12,H&D Industries,-1.0,20.0,BX,6.0,73.0,10.0,0.0,-0.09523809523809523,True,Out of Stock,106.0,10.5,0
net - liquide madar gm renzo 900ml x12,H&D Industries,3.0,41.0,BX,6.0,131.5,10.0,0.0,0.16216216216216217,True,Predicted Stockout Soon,212.0,21.5,0
net - liquide madar moyen 400ml x12,H&D Industries,15.0,32.0,BX,6.0,88.0,10.0,0.0,1.25,True,Predicted Stockout Soon,162.00000000000003,17.700000000000003,0
net - liquide madar pm platinum 200ml x24,H&D Industries,1.0,35.0,BX,6.0,107.5,10.0,0.0,0.07246376811594203,True,Predicted Stockout Soon,137.0,13.799999999999999,0
net - liquide madar pm renzo 200ml x24,H&D Industries,49.0,32.0,BX,6.0,101.19999999999999,10.0,0.0,3.798449612403101,True,Predicted Stockout Soon,80.0,12.9,0
net - liquide madar seau platinum 45ml x125,H&D Industries,0.0,5.68,CX,5.0,10.45,10.0,0.0,0.0,True,Out of Stock,2.0,0.2,0
net - liquide madar seau renzo 40ml x125,H&D Industries,90.0,41.0,CX,5.0,116.50000000000001,10.0,0.0,4.687499999999999,True,Predicted Stockout Soon,131.0,22.1,0
net - liquide novelas gm 1l x12,SIAD,0.0,5.49,CX,5.0,10.57,1.0,0.0,0.0,True,Out of Stock,0.2,0.2,0
net - liquide novelas pm 200 ml x24,SIAD,0.0,5.49,CX,5.0,10.57,1.0,0.0,0.0,True,Out of Stock,0.2,0.2,0
net - liquide saba 750ml x12,DAP,0.0,6.25,CX,5.0,17.435,6.0,0.0,0.0,True,Out of Stock,1.2000000000000002,0.2,0
net - madar gold lave main 500ml x12,H&D Industries,0.0,5.68,CX,5.0,10.45,10.0,0.0,0.0,True,Out of Stock,2.0,0.2,0
net - more désodorisant platinum 450ml x24,H&D Industries,0.0,5.68,CX,5.0,10.45,10.0,0.0,0.0,True,Out of Stock,2.0,0.2,0
net - noura 1l x12,H&D Industries,0.0,5.68,CX,5.0,10.45,10.0,0.0,0.0,True,Out of Stock,2.0,0.2,0
net - poudre armonia 15g x180,SIAD,0.0,5.49,CX,5.0,10.57,1.0,0.0,0.0,True,Out of Stock,0.2,0.2,0
net - poudre armonia 170g x40,SIAD,0.0,5.49,CX,5.0,10.57,1.0,0.0,0.0,True,Out of Stock,0.2,0.2,0
net - poudre armonia 30g x90,SIAD,0.0,5.49,CX,5.0,10.57,1.0,0.0,0.0,True,Out of Stock,0.2,0.2,0
net - poudre armonia 60g x80,SIAD,0.0,5.49,CX,5.0,10.57,1.0,0.0,0.0,True,Out of Stock,0.2,0.2,0
net - poudre eazzy 10kg,CMGA,0.0,5.84,CX,5.0,6.107,9.0,0.0,0.0,True,Out of Stock,1.8,0.2,0
net - poudre eazzy 850g x10,CMGA,1.0,5.14,CX,5.0,7.0520000000000005,9.0,0.0,0.706554592927225,True,Predicted Stockout Soon,0.8,0.2,0
net - poudre get 11kg,H&D Industries,0.0,28.0,CX,5.0,72.0,10.0,0.0,0.0,True,Out of Stock,121.0,12.1,0
net - poudre madar 100cfa 60g x80,H&D Industries,150.0,60.0,BX,6.0,174.60000000000002,10.0,0.0,7.281553398058252,True,Predicted Stockout Soon,91.0,24.1,0
net - poudre madar 200cfa 185g x12,H&D Industries,0.0,84.0,BY,6.0,268.8,10.0,0.0,0.0,True,Out of Stock,300.0,30.0,0
net - poudre madar 25cfa 15g x180,H&D Industries,39.0,20.0,CX,5.0,44.0,10.0,0.0,5.735294117647059,True,Predicted Stockout Soon,34.0,7.3,0
net - poudre madar 400g x10,H&D Industries,0.0,25.0,BX,6.0,87.5,10.0,0.0,0.0,True,Out of Stock,102.99999999999999,10.299999999999999,0
net - poudre madar 50cfa 25g x90,H&D Industries,0.0,15.0,CX,5.0,44.5,10.0,0.0,0.0,True,Out of Stock,86.0,8.6,0
net - poudre madar 900g x10,H&D Industries,-1.0,15.0,BX,6.0,47.099999999999994,10.0,0.0,-0.12195121951219513,True,Out of Stock,83.0,8.2,0
net - poudre madar oxy plus 400g x10,H&D Industries,0.0,5.68,CX,5.0,10.45,10.0,0.0,0.0,True,Out of Stock,2.0,0.2,0
net - poudre madar platinum 100cfa 60g x80,H&D Industries,0.0,5.68,CX,5.0,10.45,10.0,0.0,0.0,True,Out of Stock,2.0,0.2,0
net - poudre madar platinum 160g x12,H&D Industries,0.0,1.0,CX,5.0,1.0,10.0,0.0,0.0,True,Out of Stock,1.0,0.1,0
net - poudre madar platinum 2.5kg x4,H&D Industries,1.0,6.22,CX,5.0,11.85,10.0,0.0,0.33239158990509027,True,Predicted Stockout Soon,1.0,0.2,0
net - poudre madar platinum 25cfa 15g x180,H&D Industries,0.0,5.68,CX,5.0,10.45,10.0,0.0,0.0,True,Out of Stock,2.0,0.2,0
net - poudre madar platinum 50cfa 25g x90,H&D Industries,0.0,5.68,CX,5.0,10.45,10.0,0.0,0.0,True,Out of Stock,2.0,0.2,0
net - poudre madar platinum 800g x10,H&D Industries,0.0,5.68,CX,5.0,10.45,10.0,0.0,0.0,True,Out of Stock,2.0,0.2,0
net - poudre noura 10kg,H&D Industries,9.0,23.0,BY,6.0,69.1,10.0,0.0,0.9375,True,Predicted Stockout Soon,116.0,12.5,0
net - poudre novelas 100cfa 60g x80,SIAD,0.0,7.0,CY,5.0,15.000000000000002,1.0,0.0,0.0,True,Out of Stock,3.3000000000000003,3.3000000000000003,0
net - poudre novelas 200cfa 170g x40,SIAD,11.0,4.0,CX,5.0,8.5,1.0,0.0,8.461538461538462,False,Stock OK,0.0,1.7000000000000002,0
net - poudre novelas 450g x10,SIAD,0.0,5.49,CX,5.0,10.57,1.0,0.0,0.0,True,Out of Stock,0.2,0.2,0
net - poudre novelas 900g x12,SIAD,0.0,5.49,CX,5.0,10.57,1.0,0.0,0.0,True,Out of Stock,0.2,0.2,0
net - poudre novelas floral 15g x180,SIAD,15.0,9.0,CY,5.0,18.0,1.0,0.0,5.555555555555555,True,Predicted Stockout Soon,0.0,4.1,0
net - poudre novelas floral 50cfa 30g x90,SIAD,3.0,5.0,CX,5.0,12.0,1.0,0.0,1.5789473684210524,True,Predicted Stockout Soon,0.0,2.7,0
net - poudre omo 25g x120,CSPE,0.0,1.4,CX,5.0,1.54,1.86,0.0,0.0,True,Out of Stock,0.37200000000000005,0.2,0
net - poudre omo main 450g x12,CSPE,0.0,1.4,CX,5.0,1.54,1.86,0.0,0.0,True,Out of Stock,0.37200000000000005,0.2,0
net - poudre omo main 900g x10,CSPE,0.0,1.4,CX,5.0,1.54,1.86,0.0,0.0,True,Out of Stock,0.37200000000000005,0.2,0
net - poudre saba 100cfa 60g x80,DAP,16.0,20.0,BX,6.0,71.8,6.0,0.0,1.5533980582524274,True,Predicted Stockout Soon,65.0,13.5,0
net - poudre saba 200cfa 160g x40,DAP,-1.0,104.0,AX,8.0,470.40000000000003,6.0,0.0,-0.016366612111292964,True,Out of Stock,314.8,52.300000000000004,0
net - poudre saba 25cfa 15g x180,DAP,10.0,8.0,CX,5.0,21.0,6.0,0.0,2.9411764705882355,True,Predicted Stockout Soon,14.599999999999998,4.1,0
net - poudre saba 400g x10,DAP,236.0,36.0,AZ,10.0,215.00000000000003,6.0,0.0,11.979695431472079,False,Order Soon,0.0,27.0,0
net - poudre saba 50cfa 25g x90,DAP,30.0,12.0,CX,5.0,23.5,6.0,0.0,8.571428571428571,False,Order Soon,0.0,4.699999999999999,0
net - poudre saba 900g x12,DAP,300.0,55.22,CX,5.0,139.481,6.0,0.0,11.905101130788685,False,Stock OK,0.0,0.2,0
net - poudre saba floral 50cfa 25g x90,DAP,6.0,6.53,CX,5.0,17.565,6.0,0.0,1.6830162044851924,True,Predicted Stockout Soon,0.0,0.2,0
net - poudre saba floral 850g x12,DAP,50.0,15.0,CX,5.0,41.5,6.0,0.0,7.352941176470589,False,Order Soon,4.599999999999994,9.1,0
net - poudre so'klin 25cfa 15g x300,WADIC,0.0,39.0,CX,5.0,79.0,1.86,0.0,0.0,True,Out of Stock,22.134,11.9,0
net - poudre so'klin 50cfa 25g x150,WADIC,0.0,43.0,CX,5.0,69.0,1.86,0.0,0.0,True,Out of Stock,17.67,9.5,0
net - poudre zenta 100g x48,DAP,0.0,6.25,CX,5.0,17.435,6.0,0.0,0.0,True,Out of Stock,1.2000000000000002,0.2,0
net - poudre zenta 170g x40,DAP,149.0,21.0,BX,6.0,75.9,6.0,0.0,13.669724770642201,False,Stock OK,0.0,11.7,0
net - poudre zenta 1kg x12,DAP,0.0,6.25,CX,5.0,17.435,6.0,0.0,0.0,True,Out of Stock,1.2000000000000002,0.2,0
net - poudre zenta 400g x12,DAP,0.0,7.0,CZ,5.0,17.0,6.0,0.0,0.0,True,Out of Stock,21.6,3.6,0
net - sabou la main x18,Sipa,0.0,2.42,CX,5.0,3.05,6.0,0.0,0.0,True,Out of Stock,1.2000000000000002,0.2,0
net - savon belivoir citron miel 175g x24,CSPE,0.0,1.4,CX,5.0,1.54,1.86,0.0,0.0,True,Out of Stock,0.37200000000000005,0.2,0
net - savon bienco gm x24,Borodji Distribution,1.0,19.0,CX,5.0,59.5,4.0,0.0,0.1,True,Predicted Stockout Soon,55.4,14.1,0
net - savon bienco pm x60,Borodji Distribution,141.0,25.0,CX,5.0,68.5,4.0,0.0,12.589285714285715,False,Stock OK,0.0,16.8,0
net - savon diam 250g x18,H&D Industries,3.0,21.0,CX,5.0,52.5,10.0,0.0,0.35714285714285715,True,Predicted Stockout Soon,88.0,9.1,0
net - savon fanico gm 300g x24,CSPE,0.0,35.22,BZ,8.0,139.76699999999997,1.86,0.0,0.0,True,Out of Stock,0.37200000000000005,0.2,0
net - savon fanico pm 240g x40,CSPE,1.0,2.85,CX,5.0,4.73,1.86,0.0,0.43959890023111703,True,Predicted Stockout Soon,0.0,0.2,0
net - savon la main x18,OLEOSEN,856.0,153.0,CX,5.0,414.99999999999994,2.0,0.0,12.644017725258495,False,Stock OK,0.0,88.19999999999999,0
net - savon larissa carotte x1,Borodji Distribution,0.0,4.0,CX,5.0,4.0,4.0,0.0,0.0,True,Out of Stock,0.4,0.1,0
net - savon lux douce caresse 175g x24,CSPE,0.0,1.4,CX,5.0,1.54,1.86,0.0,0.0,True,Out of Stock,0.37200000000000005,0.2,0
net - savon madar multi-usage blanc 250g,H&D Industries,0.0,6.0,CX,5.0,12.0,10.0,0.0,0.0,True,Out of Stock,18.0,1.8,0
net - savon madar multi-usage bleu 250g,H&D Industries,5.0,7.0,CY,5.0,12.0,10.0,0.0,2.941176470588235,True,Predicted Stockout Soon,16.0,2.1,0
net - savon madar multi-usage jaune 250g,H&D Industries,0.0,6.0,CX,5.0,17.0,10.0,0.0,0.0,True,Out of Stock,29.0,2.9,0
net - savon madar ordinaire 400g x24,H&D Industries,0.0,5.68,CX,5.0,10.45,10.0,0.0,0.0,True,Out of Stock,2.0,0.2,0
net - savon noura ordinaire 130g x36,H&D Industries,0.0,5.68,CX,5.0,10.45,10.0,0.0,0.0,True,Out of Stock,2.0,0.2,0
net - savon noura ordinaire 250g x14,H&D Industries,0.0,5.68,CX,5.0,10.45,10.0,0.0,0.0,True,Out of Stock,2.0,0.2,0
net - savon ordinaire 275g x18,H&D Industries,251.0,119.0,BX,6.0,328.3,10.0,0.0,5.602678571428571,True,Predicted Stockout Soon,340.0,59.1,0
net - savon oro x18,SOCADIS,0.0,1.4,CX,5.0,1.54,1.86,0.0,0.0,True,Out of Stock,0.37200000000000005,0.2,0
net - savon pharmapur classique 150g x12,EMAB,27.0,5.0,CX,5.0,13.0,1.86,0.0,12.857142857142856,False,Stock OK,0.0,2.2,0
net - savon pharmapur fresh 150g x12,EMAB,29.0,5.0,CX,5.0,9.5,1.86,0.0,20.71428571428571,False,Stock OK,0.0,1.4000000000000001,0
net - savon pharmapur herbal 150g x12,EMAB,66.0,10.0,CX,5.0,22.0,1.86,0.0,19.411764705882355,False,Stock OK,0.0,4.5,0
net - savon rexona fresh 175g x36,CSPE,0.0,1.4,CX,5.0,1.54,1.86,0.0,0.0,True,Out of Stock,0.37200000000000005,0.2,0
net - savon saba 275g x18,DAP,0.0,7.14,CZ,5.0,17.19,6.0,0.0,0.0,True,Out of Stock,1.2000000000000002,0.2,0
net - savon saf gm 300g x18,SAF Industries,0.0,1.4,CX,5.0,1.54,1.86,0.0,0.0,True,Out of Stock,0.37200000000000005,0.2,0
net - savon saf lisse 300g x18,SAF Industries,0.0,1.4,CX,5.0,1.54,1.86,0.0,0.0,True,Out of Stock,0.37200000000000005,0.2,0
net - savon saf pm 125g x36,SAF Industries,0.0,1.4,CX,5.0,1.54,1.86,0.0,0.0,True,Out of Stock,0.37200000000000005,0.2,0
net - savon santex bleu 180g x6,WADIC,0.0,28.11,CZ,5.0,50.92,1.85,0.0,0.0,True,Out of Stock,0.37000000000000005,0.2,0
net - savon santex rouge 180g x6,WADIC,0.0,28.67,CX,5.0,49.195,1.86,0.0,0.0,True,Out of Stock,0.37200000000000005,0.2,0
net - savon santex rouge 90g x6,WADIC,0.0,28.83,CY,5.0,52.345,1.86,0.0,0.0,True,Out of Stock,0.37200000000000005,0.2,0
net - savon santex vert 180g x6,WADIC,0.0,28.11,CZ,5.0,50.92,1.85,0.0,0.0,True,Out of Stock,0.37000000000000005,0.2,0
net - savon zenta 275g x18,DAP,0.0,6.25,CX,5.0,17.435,6.0,0.0,0.0,True,Out of Stock,1.2000000000000002,0.2,0
niébé rouge (haricot) trié 1kg,Solsen,0.0,1.4,CX,5.0,1.54,1.86,0.0,0.0,True,Out of Stock,0.37200000000000005,0.2,0
niébé rouge (haricot) trié 2kg,Solsen,0.0,1.4,CX,5.0,1.54,1.86,0.0,0.0,True,Out of Stock,0.37200000000000005,0.2,0
nouilles jollof chicken golden penny 70g x40,MAERKS,57.0,110.0,CX,5.0,134.5,1.86,0.0,3.5849056603773586,True,Predicted Stockout Soon,0.0,27.8,0
nouilles poulet golden penny 70g x40,MAERKS,-9.0,44.0,CX,5.0,111.0,1.86,0.0,-0.49723756906077343,True,Out of Stock,42.666000000000004,18.1,0
oignon blanc bon appétit 370g x12,CMGA,2.0,5.23,CX,5.0,7.122000000000001,9.0,0.0,1.105047593337663,True,Predicted Stockout Soon,0.0,0.2,0
olives vertes entieres 370g x12,CMGA,-2.0,12.0,CX,5.0,27.5,9.0,0.0,-0.3278688524590164,True,Out of Stock,56.9,6.1,0
olives vertes hojiblanca 370g x12,SOFIEX,0.0,5.55,CX,5.0,10.225,2.0,0.0,0.0,True,Out of Stock,0.4,0.2,0
olives vertes st jean 370g x12,CCSN (Grocery),0.0,1.4,CX,5.0,1.54,1.86,0.0,0.0,True,Out of Stock,0.37200000000000005,0.2,0
pack offert can minute maid mangue 25cl x24,Maad,0.0,1.34,CX,5.0,1.7545,1.86,0.0,119.96428571428565,True,Out of Stock,0.37200000000000005,0.2,0
pack offert can minute maid orange 25cl x24,Maad,42.0,12.14,CX,5.0,35.525,1.86,0.0,194.01142011194656,False,Order Soon,0.0,0.2,0
pack offert can minute maid tropical 33cl x24,Maad,53.0,14.1,CX,5.0,30.445,1.86,0.0,194.05598478444932,False,Stock OK,0.0,0.2,0
pack ramadan madar + noura 4 en 1,H&D Industries,0.0,5.68,CX,5.0,10.45,10.0,0.0,0.0,True,Out of Stock,2.0,0.2,0
papier essuie tout diva x6,NOVATIS,0.0,1.4,CX,5.0,1.54,1.86,0.0,0.0,True,Out of Stock,0.37200000000000005,0.2,0
papier essuie tout lilas jumbo x1,SAH SN,2.0,6.11,CX,5.0,16.495,17.0,0.0,0.727009144696016,True,Predicted Stockout Soon,1.4000000000000004,0.2,0
papier essuie tout lilas jumbo x6,SAH SN,51.0,41.0,BX,6.0,160.9,17.0,0.0,2.1794871794871793,True,Predicted Stockout Soon,445.40000000000003,29.200000000000003,0
papier essuie tout lilas xl x1,SAH SN,0.0,4.98,CX,5.0,14.27,17.0,0.0,0.0,True,Out of Stock,3.4000000000000004,0.2,0
papier essuie tout lilas xl x6,SAH SN,124.0,55.0,BX,6.0,182.3,17.0,0.0,4.8062015503875966,True,Predicted Stockout Soon,372.40000000000003,29.200000000000003,0
papier essuie tout lys xl x6,SDD SA,37.0,16.0,CX,5.0,33.5,7.0,0.0,8.40909090909091,False,Order Soon,0.0,4.3999999999999995,0
papier essuie tout lys xxl maxi 600f - x6,SDD SA,49.0,12.0,CX,5.0,26.5,7.0,0.0,21.304347826086953,False,Order Soon,0.0,2.3000000000000003,0
papier marabout x100,Borodji Distribution,73.0,42.0,CX,5.0,118.5,4.0,0.0,4.055555555555555,True,Predicted Stockout Soon,0.0,18.0,0
papier mouchoir de poche lys blanc x20,SDD SA,0.0,2.51,CX,5.0,3.18,7.0,0.0,0.0,True,Out of Stock,1.4000000000000001,0.2,0
papier mouchoir de poche style 700 feuilles,FSP,0.0,5.36,CX,5.0,11.97,4.0,0.0,0.0,True,Out of Stock,0.8,0.2,0
papier mouchoir de table lucart  2 x24,Yobale Senegal SUARL,0.0,1.4,CX,5.0,1.54,1.86,0.0,0.0,True,Out of Stock,0.37200000000000005,0.2,0
papier mouchoir lucart 75m x8,Yobale Senegal SUARL,0.0,1.4,CX,5.0,1.54,1.86,0.0,0.0,True,Out of Stock,0.37200000000000005,0.2,0
papier mouchoir style facial gm 5 x240,ARIMEX,0.0,7.09,CX,5.0,17.065,8.0,0.0,0.0,True,Out of Stock,1.6,0.2,0
papier toilette lys x12,SDD SA,113.0,12.0,CY,5.0,28.5,7.0,0.0,25.681818181818183,False,Stock OK,0.0,4.3999999999999995,0
paquet ardoise x12,Borodji Distribution,0.0,6.57,CX,5.0,13.47,4.0,0.0,0.0,True,Out of Stock,0.8,0.2,0
paquet batterie royal moyen r6 x12,Borodji Distribution,0.0,6.57,CX,5.0,13.47,4.0,0.0,0.0,True,Out of Stock,0.8,0.2,0
paquet batterie royal pm r3 x12,Borodji Distribution,92.0,15.0,CX,5.0,40.5,4.0,0.0,14.838709677419356,False,Stock OK,0.0,6.199999999999999,0
paquet boyale x48,Borodji Distribution,163.0,29.0,CX,5.0,29.0,4.0,0.0,1630.0,False,Stock OK,0.0,0.1,0
paquet cadenas 25mm x12,Borodji Distribution,45.0,21.0,CX,5.0,51.5,4.0,0.0,5.487804878048781,True,Predicted Stockout Soon,2.1999999999999957,11.799999999999999,0
paquet cadenas 40mm x12,Borodji Distribution,0.0,6.57,CX,5.0,13.47,4.0,0.0,0.0,True,Out of Stock,0.8,0.2,0
paquet caleçon homme x1,BORO,0.0,1.4,CX,5.0,1.54,1.86,0.0,0.0,True,Out of Stock,0.37200000000000005,0.2,0
paquet confo x12,Borodji Distribution,94.0,22.0,CX,5.0,54.5,4.0,0.0,11.19047619047619,False,Stock OK,0.0,8.4,0
paquet craie blanche x1,Borodji Distribution,0.0,6.57,CX,5.0,13.47,4.0,0.0,0.0,True,Out of Stock,0.8,0.2,0
paquet enveloppe 100f x50,Borodji Distribution,0.0,8.0,CX,5.0,23.5,4.0,0.0,0.0,True,Out of Stock,5.6000000000000005,1.4000000000000001,0
paquet enveloppe 15f x50,Borodji Distribution,99.0,14.0,CX,5.0,38.5,4.0,0.0,15.714285714285715,False,Stock OK,0.0,6.3999999999999995,0
paquet enveloppe 50f,Borodji Distribution,0.0,6.57,CX,5.0,13.47,4.0,0.0,0.0,True,Out of Stock,0.8,0.2,0
paquet kadi tablette 10g x60,SENICO,0.0,3.49,CX,5.0,6.525,16.0,0.0,0.0,True,Out of Stock,3.2,0.2,0
paquet kawass coupe blanc x12,Borodji Distribution,100.0,6.0,CX,5.0,13.0,4.0,0.0,50.0,False,Stock OK,0.0,2.3000000000000003,0
paquet kawass coupe noir x12,Borodji Distribution,125.0,15.0,CX,5.0,40.0,4.0,0.0,20.491803278688526,False,Stock OK,0.0,6.1,0
paquet kawass long blanc x12,Borodji Distribution,100.0,20.0,CX,5.0,58.0,4.0,0.0,10.416666666666668,False,Stock OK,0.0,9.6,0
paquet kawass long noir x12,Borodji Distribution,29.0,21.0,CX,5.0,58.0,4.0,0.0,3.372093023255814,True,Predicted Stockout Soon,5.399999999999999,8.6,0
paquet masque bleu x 1,Borodji Distribution,34.0,20.0,CX,5.0,47.0,4.0,0.0,4.594594594594595,True,Predicted Stockout Soon,6.399999999999999,10.1,0
paquet masque noir x 1,Borodji Distribution,55.0,11.0,CX,5.0,24.0,4.0,0.0,14.864864864864865,False,Stock OK,0.0,3.7,0
paquet mbouss 1kg x 20,Borodji Distribution,0.0,6.57,CX,5.0,13.47,4.0,0.0,0.0,True,Out of Stock,0.8,0.2,0
paquet mbouss 250g x50,Borodji Distribution,32.0,2.0,CX,5.0,3.5,4.0,0.0,64.0,False,Stock OK,0.0,0.5,0
paquet mbouss 50g x50,Borodji Distribution,0.0,6.57,CX,5.0,13.47,4.0,0.0,0.0,True,Out of Stock,0.8,0.2,0
paquet mbouss x50,Borodji Distribution,-1.0,8.26,CX,5.0,18.285,4.0,0.0,-0.07273473890248443,True,Out of Stock,1.8,0.2,0
paquet mentholatum pm x6,Borodji Distribution,77.0,17.0,CX,5.0,38.0,4.0,0.0,13.05084745762712,False,Stock OK,0.0,6.3,0
paquet muscade sachet x100,Borodji Distribution,91.0,15.0,CX,5.0,45.5,4.0,0.0,11.973684210526317,False,Stock OK,0.0,9.6,0
paquet rob pm x6,Borodji Distribution,40.0,13.0,CX,5.0,25.5,4.0,0.0,16.666666666666668,False,Order Soon,0.0,2.4,0
paquet scotch italia gm x6,Borodji Distribution,99.0,18.0,CX,5.0,50.49999999999999,4.0,0.0,11.927710843373495,False,Stock OK,0.0,10.2,0
paquet scotch khaliss pm x12,Borodji Distribution,55.0,18.0,CX,5.0,34.5,4.0,0.0,10.784313725490197,False,Order Soon,0.0,7.0,0
paquet scotch noir pm x12,Borodji Distribution,32.0,13.0,CX,5.0,30.999999999999996,4.0,0.0,6.53061224489796,False,Order Soon,0.0,7.199999999999999,0
paquet slip femme x6,Borodji Distribution,0.0,6.57,CX,5.0,13.47,4.0,0.0,0.0,True,Out of Stock,0.8,0.2,0
paquet sous vêtements x10,Borodji Distribution,13.0,7.0,CX,5.0,11.0,4.0,0.0,8.666666666666666,False,Order Soon,0.0,2.1,0
paquet thiouraye mariage x12,Borodji Distribution,0.0,6.57,CX,5.0,13.47,4.0,0.0,0.0,True,Out of Stock,0.8,0.2,0
paquet thiouraye rose x25,Borodji Distribution,0.0,6.57,CX,5.0,13.47,4.0,0.0,0.0,True,Out of Stock,0.8,0.2,0
parfum life in colors 50ml x6,Sivop,116.0,19.0,CX,5.0,52.0,1.86,0.0,14.146341463414636,False,Stock OK,0.0,8.2,0
parfum style 75ml x6,Sivop,38.0,17.0,CX,5.0,43.0,1.86,0.0,5.507246376811595,True,Predicted Stockout Soon,0.0,7.199999999999999,0
pastilles valda boite x10,SENEGALAP,616.0,113.0,BY,6.0,410.5,1.82,0.0,10.440677966101696,False,Stock OK,0.0,78.69999999999999,0
pastilles valda sachet x100,SENEGALAP,0.0,51.2,AZ,10.0,297.557,1.85,0.0,0.0,True,Out of Stock,0.37000000000000005,0.2,0
pates amira macaroni lisse 250g x24,SENICO,-1.0,4.92,CX,5.0,12.2,16.0,0.0,-0.10766229740715628,True,Out of Stock,4.2,0.2,0
pates amira macaroni lisse 500g x20,SENICO,-1.0,4.92,CX,5.0,12.2,16.0,0.0,-0.10766229740715628,True,Out of Stock,4.2,0.2,0
pates amira macaroni rayé 250g x24,SENICO,0.0,3.49,CX,5.0,6.525,16.0,0.0,0.0,True,Out of Stock,3.2,0.2,0
pates amira macaroni rayé 500g x12,SENICO,1.0,5.05,CX,5.0,8.96,16.0,0.0,0.46305397663600656,True,Predicted Stockout Soon,2.2,0.2,0
pates amira macaroni sac 5kg,SENICO,-1.0,4.92,CX,5.0,12.2,16.0,0.0,-0.10766229740715628,True,Out of Stock,4.2,0.2,0
pates amira petite macaroni lisse sac 5kg,SENICO,93.0,35.0,CX,5.0,104.50000000000001,16.0,0.0,5.344827586206896,True,Predicted Stockout Soon,196.60000000000002,18.1,0
pates amira spaghetti gm 500g x20,SENICO,0.0,3.49,CX,5.0,6.525,16.0,0.0,0.0,True,Out of Stock,3.2,0.2,0
pates amira spaghetti pm 250g x40,SENICO,-1.0,4.92,CX,5.0,12.2,16.0,0.0,-0.10766229740715628,True,Out of Stock,4.2,0.2,0
pates amira torsades 500g x12,SENICO,0.0,3.49,CX,5.0,6.525,16.0,0.0,0.0,True,Out of Stock,3.2,0.2,0
pates amira torsades 500g x20,SENICO,0.0,3.49,CX,5.0,6.525,16.0,0.0,0.0,True,Out of Stock,3.2,0.2,0
pates amira vermicelles gm 500g x12,SENICO,50.0,10.19,CX,5.0,24.22,16.0,0.0,10.408384508333908,False,Order Soon,0.0,0.2,0
pates amira vermicelles pm 250g x24,SENICO,0.0,3.49,CX,5.0,6.525,16.0,0.0,0.0,True,Out of Stock,3.2,0.2,0
pates amira vermicelles sac 5kg,SENICO,112.0,28.0,CY,5.0,72.0,16.0,0.0,9.655172413793103,False,Order Soon,104.0,13.5,0
pates auntie b spaghetti slim gm 400cfa 400g x20,Flour Mis,0.0,72.0,CX,5.0,145.5,1.86,0.0,0.0,True,Out of Stock,40.73400000000001,21.900000000000002,0
pates auntie b spaghetti slim pm 200cfa 200g x40,Flour Mis,0.0,130.0,CX,5.0,190.5,1.86,0.0,0.0,True,Out of Stock,46.68600000000001,25.1,0
pates generique macaroni sac 5kg,COSEDI,157.0,22.0,CZ,5.0,58.5,14.0,0.0,1570.0,False,Order Soon,0.0,9.5,0
pates generique vermicelles sac 5kg,COSEDI,47.0,10.0,CZ,5.0,20.0,14.0,0.0,58.75000000000001,False,Order Soon,0.0,3.0,0
pates kayna macaroni coquillette 500g x12,ARIMEX,79.0,12.0,CX,5.0,26.999999999999996,8.0,0.0,18.809523809523814,False,Stock OK,0.0,5.199999999999999,0
pates kayna spaghetti gm 500g x20,ARIMEX,0.0,36.45,BZ,8.0,168.46900000000002,8.0,0.0,0.0,True,Out of Stock,1.6,0.2,0
pates kayna spaghetti pm 250g x40,ARIMEX,316.0,53.0,AZ,10.0,294.5,8.0,0.0,11.791044776119403,False,Order Soon,0.0,29.700000000000003,0
pates kayna vermicelles 500g x12,ARIMEX,435.0,24.0,BX,6.0,91.8,8.0,0.0,32.70676691729324,False,Stock OK,0.0,15.799999999999999,0
pates kayna vermicelles sac 5kg,ARIMEX,859.0,80.0,CX,5.0,251.50000000000003,8.0,0.0,20.307328605200944,False,Stock OK,0.0,46.2,0
pates maman spaghetti gm 500g x20,SOCOMAF,0.0,9.0,CX,5.0,21.0,1.86,0.0,0.0,True,Out of Stock,6.138000000000001,3.3000000000000003,0
pates maman spaghetti pm 250g x40,SOCOMAF,65.0,14.0,BZ,8.0,60.599999999999994,1.86,0.0,9.701492537313435,False,Order Soon,0.0,6.699999999999999,0
pates pastami macaroni gm 500g x12,NMA SANDERS,17.0,5.0,CZ,5.0,10.0,7.0,0.0,12.142857142857142,False,Order Soon,0.0,1.4000000000000001,0
pates pastami macaroni pm 250g x24,NMA SANDERS,61.0,8.0,CY,5.0,21.0,7.0,0.0,29.047619047619047,False,Stock OK,0.0,2.1,0
pates pastami macaroni sac 5kg,NMA SANDERS,283.0,38.0,BY,6.0,116.20000000000002,7.0,0.0,22.82258064516129,False,Stock OK,0.0,12.4,0
pates pastami spaghettis fins gm 500g x20,NMA SANDERS,67.0,15.0,BY,6.0,48.3,7.0,0.0,11.551724137931036,False,Order Soon,0.0,5.8,0
pates pastami spaghettis fins pm 250g x40,NMA SANDERS,0.0,1.0,CZ,5.0,1.0,7.0,0.0,0.0,True,Out of Stock,0.7000000000000001,0.1,0
pates pastami vermicelles gm 500g x12,NMA SANDERS,0.0,4.08,CZ,5.0,6.025,7.0,0.0,0.0,True,Out of Stock,1.4000000000000001,0.2,0
pates pastami vermicelles pm 250g x24,NMA SANDERS,0.0,2.0,CZ,5.0,5.0,7.0,0.0,0.0,True,Out of Stock,5.6,0.7999999999999999,0
pates pastami vermicelles sac 5kg,NMA SANDERS,0.0,7.0,CY,5.0,13.5,7.0,0.0,0.0,True,Out of Stock,14.0,2.0,0
pilote blanc x12,Borodji Distribution,102.0,13.0,CX,5.0,23.0,4.0,0.0,30.909090909090907,False,Stock OK,0.0,3.8000000000000003,0
pilote noir x12,Borodji Distribution,84.0,23.0,CX,5.0,48.5,4.0,0.0,11.830985915492958,False,Stock OK,0.0,7.1,0
piment 1kg,Mame Thierno & Freres,68.0,48.0,CX,5.0,131.5,1.86,0.0,3.1627906976744184,True,Predicted Stockout Soon,0.0,25.400000000000002,0
piment liquide bara muso 400g x12,Bara Muso,0.0,5.29,CX,5.0,9.305,2.0,0.0,0.0,True,Out of Stock,0.4,0.2,0
piment liquide diamo 250ml x12,Hunters Food,0.0,9.0,CX,5.0,14.0,1.0,0.0,0.0,True,Out of Stock,1.9000000000000001,1.9000000000000001,0
piment liquide pika pika 210ml x24,AGROLINE,0.0,4.72,CX,5.0,8.795,2.0,0.0,0.0,True,Out of Stock,0.4,0.2,0
piment liquide pika pika 360ml x12,AGROLINE,19.0,16.0,CY,5.0,36.5,2.0,0.0,3.333333333333334,True,Predicted Stockout Soon,0.0,9.0,0
piment liquide pika pika 5kg x1,AGROLINE,0.0,4.72,CX,5.0,8.795,2.0,0.0,0.0,True,Out of Stock,0.4,0.2,0
piment liquide zafi 340ml x12,CICS,0.0,1.4,CX,5.0,1.54,1.86,0.0,0.0,True,Out of Stock,0.37200000000000005,0.2,0
piment pathial pathial pm 350ml x12,Sonia,0.0,27.0,CY,5.0,72.0,14.0,0.0,0.0,True,Out of Stock,163.79999999999998,11.7,0
piment pika pika bidon 2kg,AGROLINE,75.0,18.0,CY,5.0,46.5,2.0,0.0,10.135135135135135,False,Stock OK,0.0,7.3999999999999995,0
pinboulettes 425g x24,Condak (Pinthon),0.0,4.68,CX,5.0,6.671,9.0,0.0,0.0,True,Out of Stock,1.8,0.2,0
pinton gm 750g x12,Condak (Pinthon),0.0,14.0,BY,6.0,49.599999999999994,9.0,0.0,0.0,True,Out of Stock,63.9,7.1,0
pinton pm 380g x24,Condak (Pinthon),384.0,63.0,A+X,10.0,410.5,9.0,0.0,10.131926121372032,True,Predicted Stockout Soon,52.5,48.5,0
pm 7up pet 33cl x12,SIAGRO,0.0,22.27,BY,6.0,50.783,2.0,0.0,0.0,True,Out of Stock,0.4,0.2,0
pm 7up zéro sucre pet 33cl x12,SIAGRO,5.0,13.0,CX,5.0,26.5,2.0,0.0,50.0,True,Predicted Stockout Soon,3.0,4.0,0
pm american cola 33cl x12,Brassen,213.0,42.0,CX,5.0,85.5,2.0,0.0,16.511627906976745,False,Stock OK,0.0,18.200000000000003,0
pm b sport bleue 35cl x15,LSB,0.0,5.58,CX,5.0,9.055,1.0,0.0,0.0,True,Out of Stock,0.2,0.2,0
pm b sport citron 35cl x15,LSB,0.0,5.58,CX,5.0,9.055,1.0,0.0,0.0,True,Out of Stock,0.2,0.2,0
pm b sport fruits rouges 35cl x15,LSB,0.0,5.58,CX,5.0,9.055,1.0,0.0,0.0,True,Out of Stock,0.2,0.2,0
pm barbican energie 33cl x24,CMGA,0.0,5.84,CX,5.0,6.107,9.0,0.0,0.0,True,Out of Stock,1.8,0.2,0
pm black power pet 50cl x12,IBS,0.0,47.08,CX,5.0,122.57799999999999,7.0,0.0,0.0,True,Out of Stock,1.4000000000000001,0.2,0
pm boisson gazeuse oga cola x12,FADA,0.0,22.73,CX,5.0,49.96,5.0,0.0,0.0,True,Out of Stock,1.0,0.2,0
pm boisson gazeuse oga sprite x12,FADA,0.0,22.73,CX,5.0,49.96,5.0,0.0,0.0,True,Out of Stock,1.0,0.2,0
pm boisson ya coco x12,Brassen,487.0,2685.0,CX,5.0,4896.5,2.0,0.0,10.968468468468469,True,Predicted Stockout Soon,934.6000000000001,710.8000000000001,0
pm buble up  33cl x12,Brassen,37.0,17.0,CX,5.0,37.0,2.0,0.0,6.491228070175439,True,Predicted Stockout Soon,0.0,7.5,0
pm coca cola 30cl x12,IBS,2.0,167.0,BX,6.0,536.5,7.0,0.0,0.026490066225165563,True,Predicted Stockout Soon,747.6999999999999,107.1,0
pm coca cola zero 30cl x12,IBS,1.0,51.1,CX,5.0,125.103,7.0,0.0,0.09475522516327234,True,Predicted Stockout Soon,0.40000000000000013,0.2,0
pm energie maca plus  x12,MAERKS,0.0,1.13,CX,5.0,1.15,1.86,0.0,-0.004972375690607734,True,Out of Stock,0.37200000000000005,0.2,0
pm energie x-men 33cl x12,SIAD,205.0,62.0,CX,5.0,188.0,1.0,0.0,6.528662420382165,False,Order Soon,0.0,38.1,0
pm energie xxl 33cl x12,SOBOA,180.0,40.0,CX,5.0,126.5,2.0,0.0,8.450704225352112,False,Order Soon,0.0,27.400000000000002,0
pm fanta ananas 30cl x12,IBS,0.0,51.22,CY,5.0,129.67,7.0,0.0,0.0,True,Out of Stock,1.4000000000000001,0.2,0
pm fanta fruits rouge 30cl x12,IBS,0.0,51.06,CZ,5.0,127.815,7.0,0.0,0.0,True,Out of Stock,1.4000000000000001,0.2,0
pm fanta orange 30cl x12,IBS,65.0,66.0,CX,5.0,157.0,7.0,0.0,2.620967741935484,True,Predicted Stockout Soon,201.7,38.1,0
pm gazelle ananas 30cl x12,SOBOA,269.0,111.0,BX,6.0,375.3,2.0,0.0,5.046904315196998,True,Predicted Stockout Soon,0.0,73.8,0
pm gazelle limonade 30cl x12,SOBOA,0.0,22.65,CX,5.0,62.09,2.0,0.0,0.0,True,Out of Stock,0.4,0.2,0
pm gazelle pomme 30cl x12,SOBOA,49.0,75.0,BX,6.0,248.10000000000002,2.0,0.0,1.396011396011396,True,Predicted Stockout Soon,47.400000000000006,48.2,0
pm gazelle tonic 30cl x12,SOBOA,141.0,126.0,BX,6.0,471.0,2.0,0.0,2.073529411764706,True,Predicted Stockout Soon,39.79999999999998,90.39999999999999,0
pm jet 7 ananas 33cl x12,FSP,247.0,61.0,BX,6.0,235.10000000000002,4.0,0.0,7.243401759530792,False,Order Soon,0.0,42.800000000000004,0
pm jet 7 cola 33cl x12,FSP,488.0,102.0,BX,6.0,360.6,4.0,0.0,9.45736434108527,False,Order Soon,0.0,64.69999999999999,0
pm jet 7 energy drink 33cl x12,FSP,591.0,128.0,CX,5.0,377.5,4.0,0.0,9.425837320574162,False,Order Soon,0.0,75.0,0
pm jet 7 fruit rouge 33cl x12,FSP,668.0,140.0,BX,6.0,548.1999999999999,4.0,0.0,8.381430363864492,False,Order Soon,0.0,90.69999999999999,0
pm jet 7 orange 33cl x12,FSP,317.0,64.0,BX,6.0,223.4,4.0,0.0,9.93730407523511,False,Order Soon,0.0,41.0,0
pm jet 7 peche 33cl x12,FSP,223.0,56.0,CY,5.0,150.0,4.0,0.0,9.139344262295081,False,Order Soon,0.0,35.7,0
pm jet 7 pomme 33cl x12,FSP,375.0,23.0,CX,5.0,71.5,4.0,0.0,31.25,False,Stock OK,0.0,14.7,0
pm jet 7 sprite 33cl x12,FSP,676.0,96.0,BX,6.0,364.8,4.0,0.0,12.803030303030303,False,Stock OK,0.0,61.4,0
pm juko 100cfa ananas 23cl x24,LSB,280.0,60.0,CX,5.0,165.0,1.0,0.0,10.37037037037037,False,Stock OK,0.0,37.7,0
pm juko 100cfa cocktail 23cl x24,LSB,144.0,39.0,CX,5.0,102.5,1.0,0.0,8.674698795180722,False,Stock OK,0.0,21.0,0
pm juko 100cfa mangue 23cl x24,LSB,148.0,43.0,CX,5.0,124.5,1.0,0.0,7.184466019417475,False,Order Soon,0.0,24.0,0
pm juko 100cfa orange 23cl x24,LSB,131.0,49.0,CX,5.0,122.0,1.0,0.0,6.717948717948718,False,Order Soon,0.0,25.0,0
pm juko 100cfa pomme 23cl x24,LSB,119.0,25.0,CX,5.0,74.0,1.0,0.0,9.67479674796748,False,Stock OK,0.0,16.5,0
pm king ananas 33cl x12,SIAD,186.0,48.0,BX,6.0,183.60000000000002,1.0,0.0,6.992481203007518,False,Order Soon,0.0,30.1,0
pm king café 33cl x12,SIAD,0.0,5.49,CX,5.0,10.57,1.0,0.0,0.0,True,Out of Stock,0.2,0.2,0
pm king cocktail 33cl x12,SIAD,126.0,30.0,CX,5.0,82.0,1.0,0.0,9.402985074626866,False,Stock OK,0.0,16.700000000000003,0
pm king cola 33cl x12,SIAD,0.0,35.0,BX,6.0,124.9,1.0,0.0,0.0,True,Out of Stock,17.900000000000002,17.900000000000002,0
pm king fruit rouge 33cl x12,SIAD,321.0,65.0,BX,6.0,247.3,1.0,0.0,8.966480446927374,False,Stock OK,0.0,37.0,0
pm king mojito 33cl x12,SIAD,0.0,5.49,CX,5.0,10.57,1.0,0.0,0.0,True,Out of Stock,0.2,0.2,0
pm king orange 33cl x12,SIAD,155.0,37.0,BX,6.0,150.5,1.0,0.0,7.045454545454546,False,Order Soon,0.0,27.1,0
pm king pomme 33cl x12,SIAD,120.0,20.0,CZ,5.0,62.0,1.0,0.0,11.538461538461538,False,Stock OK,0.0,12.799999999999999,0
pm king sprite 33cl x12,SIAD,315.0,49.0,BX,6.0,193.70000000000002,1.0,0.0,11.170212765957446,False,Stock OK,0.0,32.7,0
pm mirinda ananas pet 33cl x12,SIAGRO,0.0,8.4,CX,5.0,16.169,2.0,0.0,0.0,True,Out of Stock,0.4,0.2,0
pm mirinda fruity pet 33cl x12,SIAGRO,0.0,28.0,BY,6.0,63.8,2.0,0.0,0.0,True,Out of Stock,16.599999999999998,8.299999999999999,0
pm mirinda orange pet 33cl x12,SIAGRO,0.0,50.23,BZ,8.0,302.05999999999995,2.0,0.0,0.0,True,Out of Stock,0.4,0.2,0
pm pepsi max pet 33cl x12,SIAGRO,1.0,7.0,CZ,5.0,9.0,2.0,0.0,0.9090909090909091,True,Predicted Stockout Soon,1.2000000000000002,1.1,0
pm pepsi pet 33cl x12,SIAGRO,811.0,238.0,AY,8.0,1116.6,2.0,0.0,6.503608660785886,True,Predicted Stockout Soon,0.0,164.79999999999998,0
pm planet ananas 35cl x12,Brassen,213.0,38.0,CX,5.0,82.0,2.0,0.0,16.904761904761905,False,Stock OK,0.0,18.8,0
pm planet cola 35cl x12,Brassen,0.0,5.29,CX,5.0,9.305,2.0,0.0,0.0,True,Out of Stock,0.4,0.2,0
pm planet orange 35cl x12,Brassen,174.0,39.0,CX,5.0,68.0,2.0,0.0,17.938144329896907,False,Stock OK,0.0,15.0,0
pm planet pomme 35cl x12,Brassen,232.0,40.0,CX,5.0,90.0,2.0,0.0,16.571428571428573,False,Stock OK,0.0,20.0,0
pm planet redmix 35cl x12,Brassen,246.0,43.0,CX,5.0,99.0,2.0,0.0,15.870967741935484,False,Stock OK,0.0,22.0,0
pm planet sprite 35cl x12,Brassen,0.0,5.29,CX,5.0,9.305,2.0,0.0,0.0,True,Out of Stock,0.4,0.2,0
pm planet tropical 35cl x12,Brassen,193.0,46.0,CX,5.0,87.0,2.0,0.0,15.078125000000002,False,Stock OK,0.0,18.700000000000003,0
pm pressea fresh ananas coco 33cl x12,SIAGRO,0.0,279.0,BZ,8.0,1211.5,2.0,0.0,0.0,True,Out of Stock,268.0,134.0,0
pm pressea fresh mangue coco 33cl x12,SIAGRO,1349.0,285.0,AZ,10.0,1438.5,2.0,0.0,10.408950617283951,True,Predicted Stockout Soon,0.0,153.0,0
pm pressea fresh orange 33cl x12,SIAGRO,0.0,8.4,CX,5.0,16.169,2.0,0.0,0.0,True,Out of Stock,0.4,0.2,0
pm pressea fresh tropical 33cl x12,SIAGRO,4.0,94.0,BZ,8.0,316.6,2.0,0.0,3.6363636363636362,True,Predicted Stockout Soon,63.400000000000006,33.7,0
pm primo ananas 33cl x12,So équipe,614.0,210.0,CZ,5.0,210.0,1.75,0.0,35.90643274853801,False,Stock OK,0.0,17.1,0
pm primo cola 33cl x12,So équipe,0.0,5.18,CZ,5.0,8.275,1.85,0.0,0.0,True,Out of Stock,0.37000000000000005,0.2,0
pm primo energy 33cl x12,So équipe,0.0,5.18,CZ,5.0,8.275,1.85,0.0,0.0,True,Out of Stock,0.37000000000000005,0.2,0
pm primo fruit rouge 33cl x12,Kbs,498.0,218.0,CX,5.0,412.5,0.0,0.0,8.204283360790773,False,Stock OK,0.0,60.7,0
pm primo orange 33cl x12,So équipe,558.0,214.0,CX,5.0,262.5,1.79,0.0,17.942122186495176,False,Stock OK,0.0,31.1,0
pm primo pomme 33cl x12,Kbs,580.0,216.0,CZ,5.0,351.0,0.0,0.0,22.48062015503876,False,Stock OK,0.0,48.6,0
pm primo sprite 33cl x12,Kbs,471.0,173.0,CX,5.0,300.0,0.0,0.0,21.312217194570135,False,Stock OK,0.0,42.7,0
pm punch ananas 33cl x12,CONFISEN,0.0,1.4,CX,5.0,1.54,1.86,0.0,0.0,True,Out of Stock,0.37200000000000005,0.2,0
pm punch ananas coco 33cl x12,CONFISEN,0.0,1.4,CX,5.0,1.54,1.86,0.0,0.0,True,Out of Stock,0.37200000000000005,0.2,0
pm punch cola 33cl x12,CONFISEN,0.0,1.4,CX,5.0,1.54,1.86,0.0,0.0,True,Out of Stock,0.37200000000000005,0.2,0
pm punch fruit rouge 33cl x12,CONFISEN,0.0,1.4,CX,5.0,1.54,1.86,0.0,0.0,True,Out of Stock,0.37200000000000005,0.2,0
pm punch limonade 33cl x12,CONFISEN,0.0,1.4,CX,5.0,1.54,1.86,0.0,0.0,True,Out of Stock,0.37200000000000005,0.2,0
pm punch mangue 33cl x12,CONFISEN,0.0,1.4,CX,5.0,1.54,1.86,0.0,0.0,True,Out of Stock,0.37200000000000005,0.2,0
pm punch orange 33cl x12,CONFISEN,0.0,1.4,CX,5.0,1.54,1.86,0.0,0.0,True,Out of Stock,0.37200000000000005,0.2,0
pm punch pomme 33cl x12,CONFISEN,0.0,1.4,CX,5.0,1.54,1.86,0.0,0.0,True,Out of Stock,0.37200000000000005,0.2,0
pm schweppes agrumes 30cl x12,IBS,0.0,479.0,AZ,10.0,1840.5,7.0,0.0,0.0,True,Out of Stock,1120.7,160.1,0
pm schweppes citron 30cl x12,IBS,0.0,76.5,BY,6.0,250.35600000000025,7.0,0.0,0.0,True,Out of Stock,1.4000000000000001,0.2,0
pm schweppes tonic 30cl x12,IBS,0.0,47.08,CX,5.0,122.57799999999999,7.0,0.0,0.0,True,Out of Stock,1.4000000000000001,0.2,0
pm sprite 30cl x12,IBS,1.0,136.0,BX,6.0,394.4,7.0,0.0,0.01838235294117647,True,Predicted Stockout Soon,554.8,79.39999999999999,0
pm tampico bouteille citrus 33cl x12,SIAD,316.0,339.0,AX,8.0,1270.3,1.0,0.0,3.798076923076924,True,Predicted Stockout Soon,0.0,83.19999999999999,0
pm tampico bouteille mangue 33cl x12,SIAD,1.0,5.2,CX,5.0,9.635,1.0,0.0,0.8843164271067893,True,Predicted Stockout Soon,0.0,0.2,0
pm top ananas 30cl x12,SOBOA,48.0,81.0,CX,5.0,287.0,2.0,0.0,0.9736308316430019,True,Predicted Stockout Soon,68.2,58.1,0
pm top cola 30cl x12,SOBOA,0.0,22.65,CX,5.0,62.09,2.0,0.0,0.0,True,Out of Stock,0.4,0.2,0
pm top orange 30cl x12,SOBOA,206.0,150.0,BX,6.0,596.4,2.0,0.0,2.37054085155351,True,Predicted Stockout Soon,0.0,94.69999999999999,0
pm top tropical 30cl x12,SOBOA,0.0,22.65,CX,5.0,62.09,2.0,0.0,0.0,True,Out of Stock,0.4,0.2,0
pm top vimto 30cl x12,SOBOA,0.0,22.65,CX,5.0,62.09,2.0,0.0,0.0,True,Out of Stock,0.4,0.2,0
pm vimto 30cl x12,SOBOA,297.0,144.0,BX,6.0,606.5999999999999,2.0,0.0,3.3333333333333335,True,Predicted Stockout Soon,0.0,114.19999999999999,0
pm vimto pasteque 30cl x12,SOBOA,0.0,22.65,CX,5.0,62.09,2.0,0.0,0.0,True,Out of Stock,0.4,0.2,0
pm world cola 30cl x12,SOBOA,0.0,23.67,CZ,5.0,71.792,2.0,0.0,0.0,True,Out of Stock,0.4,0.2,0
pm x-plus 33cl x12,Maad,0.0,1.34,CX,5.0,1.7545,1.86,0.0,119.96428571428565,True,Out of Stock,0.37200000000000005,0.2,0
pm youzou limonade 30cl x12,SOBOA,0.0,22.65,CX,5.0,62.09,2.0,0.0,0.0,True,Out of Stock,0.4,0.2,0
poivre brésil 1kg,Mame Thierno & Freres,101.0,45.0,CX,5.0,130.0,1.86,0.0,4.6976744186046515,True,Predicted Stockout Soon,0.0,24.1,0
pommade frotté vitfe pm x6,VITFE,-1.0,152.0,BY,6.0,391.0,1.86,0.0,-0.01904761904761905,True,Out of Stock,98.65,52.5,0
preservatifs kiss fraise x24,DND,0.0,1.4,CX,5.0,1.54,1.86,0.0,0.0,True,Out of Stock,0.37200000000000005,0.2,0
puree pomme de terre maman gm 400g x10,SIAD,25.0,8.0,BX,6.0,26.200000000000003,1.0,0.0,6.756756756756756,True,Predicted Stockout Soon,0.0,5.1,0
puree pomme de terre maman pm 30g x80,SIAD,126.0,28.0,BX,6.0,107.6,1.0,0.0,8.076923076923077,False,Stock OK,0.0,18.1,0
raisin sec 1kg,Mame Thierno & Freres,140.0,43.0,CX,5.0,123.0,1.86,0.0,6.965174129353233,False,Order Soon,0.0,20.1,0
rallonge 10m x1,Borodji Distribution,41.0,28.0,CX,5.0,61.0,4.0,0.0,7.06896551724138,True,Predicted Stockout Soon,0.0,5.8,0
rallonge 5m x1,Borodji Distribution,0.0,28.0,CX,5.0,60.49999999999999,4.0,0.0,0.0,True,Out of Stock,50.0,12.5,0
rasoir fer x12,Borodji Distribution,56.0,12.0,CX,5.0,27.5,4.0,0.0,13.023255813953488,False,Stock OK,0.0,4.699999999999999,0
rasoirs gillette 1x40,WADIC,0.0,28.67,CX,5.0,49.195,1.86,0.0,0.0,True,Out of Stock,0.37200000000000005,0.2,0
rasoirs lame bic deb double tranchante x100,SOCOMAF,74.0,22.0,CX,5.0,72.0,1.86,0.0,6.065573770491803,False,Order Soon,0.0,14.0,0
rasoirs lame laser platinum single 1 x10,CMGA,0.0,5.84,CX,5.0,6.107,9.0,0.0,0.0,True,Out of Stock,1.8,0.2,0
rasoirs lame laser platinum x100,CMGA,0.0,5.84,CX,5.0,6.107,9.0,0.0,0.0,True,Out of Stock,1.8,0.2,0
recharge seddo credit orange,Grossiste,65037.0,35.25,CX,5.0,61.465,1.86,0.0,4592.2697089702915,False,Stock OK,0.0,0.2,0
remboursement prêt (rubyx),Maad,10474450.0,15.2,CX,5.0,37.37,1.86,0.0,104744500.0,False,Stock OK,0.0,0.1,0
remise - bara muso x10,Maad,0.0,1.34,CX,5.0,1.7545,1.86,0.0,119.96428571428565,True,Out of Stock,0.37200000000000005,0.2,0
remise - cadeau pour 15+ produits,Maad,354.0,23.21,CX,5.0,52.496,1.85,0.0,278.2551058785765,False,Stock OK,0.0,0.2,0
remise - livraison en retard,Maad,2786.0,1.0,CX,5.0,1.5,1.86,0.0,13930.0,False,Stock OK,0.0,0.2,0
remise - problème tampico,Maad,0.0,1.34,CX,5.0,1.7545,1.86,0.0,119.96428571428565,True,Out of Stock,0.37200000000000005,0.2,0
remise - remboursement reclamations,Maad,0.0,1.34,CX,5.0,1.7545,1.86,0.0,119.96428571428565,True,Out of Stock,0.37200000000000005,0.2,0
remise - sucre + sibon,Maad,302.0,36.17,CX,5.0,78.793,1.85,0.0,277.79748515879817,False,Stock OK,0.0,0.2,0
remise boissons promo tabaski,Maad,53.0,14.1,CX,5.0,30.445,1.86,0.0,194.05598478444932,False,Stock OK,0.0,0.2,0
remise bonbon royal palier 1,Maad,231.0,5.0,CX,5.0,5.0,1.85,0.0,577.5,False,Stock OK,0.0,0.7999999999999999,0
remise bonbon royal palier 2,Maad,334.0,5.0,CX,5.0,5.0,1.85,0.0,835.0,False,Stock OK,0.0,0.7999999999999999,0
remise pepsi + can pressea,Maad,384.0,19.92,CX,5.0,41.599,1.85,0.0,277.72459621911383,False,Stock OK,0.0,0.2,0
remise pepsi pack1,Maad,53.0,14.1,CX,5.0,30.445,1.86,0.0,194.05598478444932,False,Stock OK,0.0,0.2,0
remise promo tabaski pet pm ibs,Maad,36.0,9.14,CX,5.0,17.714000000000002,1.86,0.0,194.0292122865185,False,Stock OK,0.0,0.2,0
ressal gum sachet ginger lemon x100,Gum&Candy Senegal,46.0,19.0,CX,5.0,53.49999999999999,5.0,0.0,5.2272727272727275,True,Predicted Stockout Soon,15.0,12.2,0
ressal gum sachet ice mint x100,Gum&Candy Senegal,147.0,67.0,CX,5.0,186.5,5.0,0.0,4.803921568627451,True,Predicted Stockout Soon,88.0,47.0,0
ressal gum sachet modou gum x100,Gum&Candy Senegal,0.0,35.0,CX,5.0,92.0,5.0,0.0,0.0,True,Out of Stock,100.0,20.0,0
royal puree gm 440g x10,VANILLA DISTRIBUTION,0.0,2.63,CX,5.0,7.305,1.86,0.0,0.0,True,Out of Stock,0.37200000000000005,0.2,0
royal puree pm 30g x80,VANILLA DISTRIBUTION,0.0,6.0,CX,5.0,23.5,1.86,0.0,0.0,True,Out of Stock,7.6259999999999994,4.1,0
sac aliments de betail yafal 40kg,Setuna,14.0,8.0,CX,5.0,20.0,1.0,0.0,5.185185185185185,True,Predicted Stockout Soon,0.0,2.7,0
sac aliments de betail yafal ladoum 40kg,Setuna,31.0,7.0,CX,5.0,10.0,1.0,0.0,44.28571428571429,False,Stock OK,0.0,0.7,0
sac aliments pour betail nma khonte 40kg,NMA SANDERS,206.0,30.0,BX,6.0,108.6,7.0,0.0,13.205128205128206,False,Order Soon,0.0,16.0,0
sac aliments pour betail nma super ladoum 40kg,NMA SANDERS,0.0,2.47,CX,5.0,2.995,7.0,0.0,0.0,True,Out of Stock,1.4000000000000001,0.2,0
sac farine de blé nma 50kg,NMA SANDERS,0.0,2.47,CX,5.0,2.995,7.0,0.0,0.0,True,Out of Stock,1.4000000000000001,0.2,0
sac lait alina petit dej 25kg,ATS,130.0,20.0,CX,5.0,68.0,3.0,0.0,11.206896551724139,False,Stock OK,0.0,12.5,0
sac lait asta 25kg,Sipa,0.0,2.42,CX,5.0,3.05,6.0,0.0,0.0,True,Out of Stock,1.2000000000000002,0.2,0
sac lait bonlait 10kg,CCD,0.0,8.67,CX,5.0,23.23,1.86,0.0,0.0,True,Out of Stock,0.37200000000000005,0.2,0
sac lait castle dairy ue 25kg,Maad,0.0,1.34,CX,5.0,1.7545,1.86,0.0,119.96428571428565,True,Out of Stock,0.37200000000000005,0.2,0
sac lait conaprole 25kg (fait du soow),SENAME,0.0,2.66,CX,5.0,3.605,8.0,0.0,2.4,True,Out of Stock,1.6,0.2,0
sac lait dano quotidien 10kg,ARLA,0.0,1.4,CX,5.0,1.54,1.86,0.0,0.0,True,Out of Stock,0.37200000000000005,0.2,0
sac lait dano quotidien 25kg,ARLA,0.0,1.4,CX,5.0,1.54,1.86,0.0,0.0,True,Out of Stock,0.37200000000000005,0.2,0
sac lait entier pura 25kg,Wague,0.0,5.18,CZ,5.0,8.275,1.85,0.0,0.0,True,Out of Stock,0.37000000000000005,0.2,0
sac lait freddy 25kg,COSEDI,0.0,5.39,CX,5.0,7.325,14.0,0.0,44.07884615384615,True,Out of Stock,2.8000000000000003,0.2,0
sac lait green flag 25kg,Wague,0.0,1.4,CX,5.0,1.54,1.86,0.0,0.0,True,Out of Stock,0.37200000000000005,0.2,0
sac lait karibu 25kg,KARIBU,0.0,55.27,A+Z,14.0,313.1690000000001,1.84,0.0,0.0,True,Out of Stock,0.36800000000000005,0.2,0
sac lait lactimilk 25kg (fait du lait caillé),CCD,11.0,11.0,CX,5.0,26.499999999999996,1.86,0.0,2.6190476190476195,True,Predicted Stockout Soon,0.0,4.3999999999999995,0
sac lait lactorich 25kg,MBD & Fils,0.0,13.09,CX,5.0,27.755,5.0,0.0,0.0,True,Out of Stock,1.0,0.2,0
sac lait lalia 10kg,COSEDI,0.0,5.39,CX,5.0,7.325,14.0,0.0,44.07884615384615,True,Out of Stock,2.8000000000000003,0.2,0
sac lait lalia 25kg,COSEDI,0.0,5.39,CX,5.0,7.325,14.0,0.0,44.07884615384615,True,Out of Stock,2.8000000000000003,0.2,0
sac lait matinal 10kg,MADTRANS,0.0,1.4,CX,5.0,1.54,1.86,0.0,0.0,True,Out of Stock,0.37200000000000005,0.2,0
sac lait matinal 25kg,MADTRANS,0.0,1.4,CX,5.0,1.54,1.86,0.0,0.0,True,Out of Stock,0.37200000000000005,0.2,0
sac lait matinal 5kg,MADTRANS,0.0,1.4,CX,5.0,1.54,1.86,0.0,0.0,True,Out of Stock,0.37200000000000005,0.2,0
sac lait meadow cup 25kg,MADTRANS,0.0,1.4,CX,5.0,1.54,1.86,0.0,0.0,True,Out of Stock,0.37200000000000005,0.2,0
sac lait miksi 25kg,APD (Promasidor),0.0,1.4,CX,5.0,1.54,1.86,0.0,0.0,True,Out of Stock,0.37200000000000005,0.2,0
sac lait milka gold 25kg,Abasse Distribution,0.0,1.4,CX,5.0,1.54,1.86,0.0,0.0,True,Out of Stock,0.37200000000000005,0.2,0
sac lait milki 25kg,MADTRANS,0.0,1.4,CX,5.0,1.54,1.86,0.0,0.0,True,Out of Stock,0.37200000000000005,0.2,0
sac lait milko 25kg,FKS,0.0,18.74,CX,5.0,29.415,8.0,0.0,0.0,True,Out of Stock,1.6,0.2,0
sac lait millac 25kg,COSEDI,0.0,5.39,CX,5.0,7.325,14.0,0.0,44.07884615384615,True,Out of Stock,2.8000000000000003,0.2,0
sac lait millac champion 25kg,COSEDI,0.0,5.39,CX,5.0,7.325,14.0,0.0,44.07884615384615,True,Out of Stock,2.8000000000000003,0.2,0
sac lait millac premium 25kg,CCD,0.0,51.32,AZ,10.0,297.557,1.85,0.0,0.0,True,Out of Stock,0.37000000000000005,0.2,0
sac lait millac super yaourt 25kg,CCD,0.0,8.67,CX,5.0,23.23,1.86,0.0,0.0,True,Out of Stock,0.37200000000000005,0.2,0
sac lait mis 10kg,COSEDI,0.0,5.39,CX,5.0,7.325,14.0,0.0,44.07884615384615,True,Out of Stock,2.8000000000000003,0.2,0
sac lait mixwell 25kg,APD (Promasidor),0.0,55.27,A+Z,14.0,313.1690000000001,1.84,0.0,0.0,True,Out of Stock,0.36800000000000005,0.2,0
sac lait mixwell blanc 10kg,APD (Promasidor),0.0,28.58,BX,6.0,81.35800000000003,1.86,0.0,0.0,True,Out of Stock,0.37200000000000005,0.2,0
sac lait mixwell marron 25kg,APD (Promasidor),0.0,1.4,CX,5.0,1.54,1.86,0.0,0.0,True,Out of Stock,0.37200000000000005,0.2,0
sac lait nour 10kg,DAP,0.0,6.25,CX,5.0,17.435,6.0,0.0,0.0,True,Out of Stock,1.2000000000000002,0.2,0
sac lait puralac 25kg,APD (Promasidor),0.0,1.4,CX,5.0,1.54,1.86,0.0,0.0,True,Out of Stock,0.37200000000000005,0.2,0
sac lait safa 10kg,DAP,0.0,6.25,CX,5.0,17.435,6.0,0.0,0.0,True,Out of Stock,1.2000000000000002,0.2,0
sac lait sibon 25kg,ETS MEROUEH,0.0,1.37,CX,5.0,1.475,1.86,0.0,0.0,True,Out of Stock,0.37200000000000005,0.2,0
sac lait simi 10kg  (fait du lait caillé),CCD,12.0,13.0,CX,5.0,28.499999999999996,1.86,0.0,2.7272727272727275,True,Predicted Stockout Soon,0.0,4.699999999999999,0
sac lait star 25kg,COSEDI,0.0,5.39,CX,5.0,7.325,14.0,0.0,44.07884615384615,True,Out of Stock,2.8000000000000003,0.2,0
sac lait supercow 25kg,COSEDI,0.0,1.0,A+Y,10.0,1.5,14.0,0.0,0.0,True,Out of Stock,1.4000000000000001,0.1,0
sac lait zelande 25kg,ATS,0.0,9.0,CX,5.0,19.5,3.0,0.0,0.0,True,Out of Stock,8.7,2.9,0
sac lait zelande gold 25kg,ATS,51.0,21.0,CX,5.0,56.5,3.0,0.0,5.543478260869565,True,Predicted Stockout Soon,0.0,10.0,0
sac mil trié 50kg,Solsen,0.0,1.4,CX,5.0,1.54,1.86,0.0,0.0,True,Out of Stock,0.37200000000000005,0.2,0
sac oignons importe 25kg,CCM,47.0,78.0,CX,5.0,292.0,1.0,0.0,0.9288537549407114,True,Predicted Stockout Soon,18.19999999999999,65.19999999999999,0
sac oignons local blanc 25kg,CCM,0.0,20.2,CX,5.0,73.915,1.0,0.0,0.0,True,Out of Stock,0.2,0.2,0
sac oignons local rouge 25kg,CCM,0.0,126.67,AZ,10.0,1253.2949999999998,1.0,0.0,0.0,True,Out of Stock,0.2,0.2,0
sac petit pois 20kg,LAFIMEX,3.0,36.0,BZ,8.0,130.8,5.0,0.0,0.2127659574468085,True,Predicted Stockout Soon,72.5,15.1,0
sac pomme de terre importée 25kg,CCM,0.0,20.2,CX,5.0,73.915,1.0,0.0,0.0,True,Out of Stock,0.2,0.2,0
sac pomme de terre locale 25kg,CCM,0.0,126.67,AZ,10.0,1253.2949999999998,1.0,0.0,0.0,True,Out of Stock,0.2,0.2,0
sac riz asta brise non parfume 50kg,Sipa,0.0,2.42,CX,5.0,3.05,6.0,0.0,0.0,True,Out of Stock,1.2000000000000002,0.2,0
sac riz bara bara 25kg,MADTRANS,0.0,105.0,A+Z,14.0,941.5,1.84,0.0,0.0,True,Out of Stock,147.20000000000002,80.0,0
sac riz bara bara 50kg,MADTRANS,0.0,45.0,A+Z,14.0,323.5,1.84,0.0,0.0,True,Out of Stock,39.56,21.5,0
sac riz bara bara aigle 50kg,CCMN,0.0,22.06,CX,5.0,9.305,2.0,0.0,0.0,True,Out of Stock,0.4,0.2,0
sac riz bara bara baobab 50kg,CCM,0.0,20.2,CX,5.0,73.915,1.0,0.0,0.0,True,Out of Stock,0.2,0.2,0
sac riz bara bara buffalo 50kg,Oumar Toure,0.0,4.07,CX,5.0,6.115,0.0,0.0,1.2766666666666666,True,Out of Stock,0.0,0.2,0
sac riz bara bara dona oumou 25kg,MBD & Fils,0.0,74.0,CX,5.0,244.0,5.0,0.0,0.0,True,Out of Stock,207.0,41.4,0
sac riz bara bara dona oumou 50kg,MBD & Fils,1.0,25.0,CX,5.0,80.5,5.0,0.0,0.07352941176470588,True,Predicted Stockout Soon,67.0,13.6,0
sac riz bara bara phitimi 50kg,CCMN,0.0,22.06,CX,5.0,9.305,2.0,0.0,0.0,True,Out of Stock,0.4,0.2,0
sac riz bara bara sangomar 50kg,MADTRANS,0.0,1.4,CX,5.0,1.54,1.86,0.0,0.0,True,Out of Stock,0.37200000000000005,0.2,0
sac riz big joe bara bara gold 25kg,LDC,0.0,68.5,CX,5.0,127.39299999999999,1.0,0.0,0.0,True,Out of Stock,0.2,0.2,0
sac riz big joe bara bara gold 50kg,LDC,0.0,68.5,CX,5.0,127.39299999999999,1.0,0.0,0.0,True,Out of Stock,0.2,0.2,0
sac riz big joe non parfumé rouge 50kg,LDC,-1.0,593.0,A+Z,14.0,3048.9,1.0,0.0,-0.00444247001332741,True,Out of Stock,226.1,225.1,0
sac riz brise de la vallée téral 25kg,SEDIPAL 2,0.0,5.26,CX,5.0,10.02,4.0,0.0,0.0,True,Out of Stock,0.8,0.2,0
sac riz brise non parfume americain 50kg,CCMN,0.0,22.06,CX,5.0,9.305,2.0,0.0,0.0,True,Out of Stock,0.4,0.2,0
sac riz brise non parfume pakistanais 50kg,CCMN,0.0,22.06,CX,5.0,9.305,2.0,0.0,0.0,True,Out of Stock,0.4,0.2,0
sac riz brise parfume patron 25kg,LDC,0.0,68.5,CX,5.0,127.39299999999999,1.0,0.0,0.0,True,Out of Stock,0.2,0.2,0
sac riz brise parfume umbrella 5kg x5,CCM,0.0,20.2,CX,5.0,73.915,1.0,0.0,0.0,True,Out of Stock,0.2,0.2,0
sac riz habib brise non parfume 50kg,CCMN,0.0,22.06,CX,5.0,9.305,2.0,0.0,0.0,True,Out of Stock,0.4,0.2,0
sac riz non parfume 50kg salam,Wague,0.0,1.4,CX,5.0,1.54,1.86,0.0,0.0,True,Out of Stock,0.37200000000000005,0.2,0
sac riz non parfume aigle 50kg,CCMN,0.0,22.06,CX,5.0,9.305,2.0,0.0,0.0,True,Out of Stock,0.4,0.2,0
sac riz parfumé patron 25kg,LDC,0.0,68.5,CX,5.0,127.39299999999999,1.0,0.0,0.0,True,Out of Stock,0.1,0.1,0
sac riz parfumé patron 50kg,LDC,0.0,89.0,CX,5.0,221.5,1.0,0.0,0.0,True,Out of Stock,35.4,35.4,0
sac riz parfumé phitimi bleu 25kg,CCMN,178.0,88.0,CX,5.0,221.0,2.0,0.0,5.028248587570622,True,Predicted Stockout Soon,0.0,51.7,0
sac riz parfumé phitimi bleu 50kg,CCMN,0.0,22.06,CX,5.0,9.305,2.0,0.0,0.0,True,Out of Stock,0.4,0.2,0
sac riz parfumé reine d'or 50kg,ADN GROUP,0.0,1.4,CX,5.0,1.54,1.86,0.0,0.0,True,Out of Stock,0.37200000000000005,0.2,0
sac riz parfumé sangomar 25kg,MADTRANS,0.0,1.4,CX,5.0,1.54,1.86,0.0,0.0,True,Out of Stock,0.37200000000000005,0.2,0
sac riz phitimi aigle 25kg,CCMN,353.0,402.0,A+X,10.0,2163.0,2.0,0.0,1.866737176097303,True,Predicted Stockout Soon,25.19999999999999,189.1,0
sac riz phitimi aigle 50kg,CCMN,439.0,423.0,A+X,10.0,2430.5,2.0,0.0,2.1238509917755204,True,Predicted Stockout Soon,0.0,206.7,0
sac riz supreme 25kg (tyson),Oumar Toure,0.0,4.07,CX,5.0,6.115,0.0,0.0,1.2766666666666666,True,Out of Stock,0.0,0.2,0
sac riz supreme 50kg (tyson),Oumar Toure,0.0,4.07,CX,5.0,6.115,0.0,0.0,1.2766666666666666,True,Out of Stock,0.0,0.2,0
sac riz tiep bi fine brisure valle 20kg,TIEP BI,27.0,2.0,CX,5.0,2.0,1.86,0.0,270.0,False,Stock OK,0.0,0.1,0
sac riz tiep bi riz brise vallee 20kg,TIEP BI,176.0,4.0,CX,5.0,4.0,1.85,0.0,1760.0,False,Stock OK,0.0,0.1,0
sac riz tiep bi riz brisure valle 5kg,TIEP BI,0.0,1.4,CX,5.0,1.56,1.86,0.0,533.9,True,Out of Stock,0.37200000000000005,0.2,0
sac riz tiep bi riz entier de la vallee 20kg,TIEP BI,386.0,14.0,CX,5.0,14.0,1.85,0.0,3860.0,False,Stock OK,0.0,0.1,0
sac riz top rice brisé parfumé 25kg,Kebe & Frères,0.0,1.4,CX,5.0,1.54,1.86,0.0,0.0,True,Out of Stock,0.37200000000000005,0.2,0
sac riz tyson 30kg,Oumar Toure,0.0,4.07,CX,5.0,6.115,0.0,0.0,1.2766666666666666,True,Out of Stock,0.0,0.2,0
sac riz umbrella 25kg,Sencom,0.0,39.23,A+Y,10.0,212.16099999999997,1.86,0.0,0.0,True,Out of Stock,0.37200000000000005,0.2,0
sac riz umbrella 50kg,Sencom,0.0,39.23,A+Y,10.0,212.16099999999997,1.86,0.0,0.0,True,Out of Stock,0.37200000000000005,0.2,0
sac riz vallee karolina brisé 25kg,CMGA,101.0,37.0,BZ,8.0,152.9,9.0,0.0,6.011904761904762,True,Predicted Stockout Soon,101.5,22.5,0
sac riz vallee karolina brisé 50kg,CMGA,0.0,5.84,CX,5.0,6.107,9.0,0.0,0.0,True,Out of Stock,1.8,0.2,0
sac riz vallee karolina entier (long grain) 25kg,CMGA,199.0,54.0,BZ,8.0,220.60000000000002,9.0,0.0,8.223140495867767,True,Predicted Stockout Soon,18.80000000000001,24.200000000000003,0
sac riz vallee karolina entier 50kg,CMGA,0.0,5.84,CX,5.0,6.107,9.0,0.0,0.0,True,Out of Stock,1.8,0.2,0
sac riz vallee karolina fine brisure 25kg,CMGA,5.0,5.35,CX,5.0,7.902,9.0,0.0,2.477351040991445,True,Predicted Stockout Soon,0.0,0.2,0
sac riz vallee karolina fine brisure 50kg,CMGA,0.0,5.84,CX,5.0,6.107,9.0,0.0,0.0,True,Out of Stock,1.8,0.2,0
sac riz vietnamien brise non parfume 50kg,CCMN,0.0,22.06,CX,5.0,9.305,2.0,0.0,0.0,True,Out of Stock,0.4,0.2,0
sac sel raffine selbe 25kg,Seldafrique,0.0,2.51,CX,5.0,3.18,7.0,0.0,0.0,True,Out of Stock,1.4000000000000001,0.2,0
sac sucre 50kg css,CSS,0.0,1.0,A+Z,14.0,1.9000000000000001,6.0,0.0,0.0,True,Out of Stock,0.6000000000000001,0.1,0
sac sucre 50kg importé,CSS,1330.0,607.0,CX,5.0,1422.5,6.0,0.0,9.078498293515358,True,Predicted Stockout Soon,12.799999999999955,223.79999999999998,0
sac sucre 50kg importé crystal white,Oumar Toure,0.0,4.07,CX,5.0,6.115,0.0,0.0,1.2766666666666666,True,Out of Stock,0.0,0.2,0
sac sucre 50kg importé css,CSS,0.0,2.8,CX,5.0,4.21,6.0,0.0,0.0,True,Out of Stock,1.2000000000000002,0.2,0
sac sucre 50kg importé du nigéria,SEDIPAL 2,0.0,5.26,CX,5.0,10.02,4.0,0.0,0.0,True,Out of Stock,0.8,0.2,0
sac tangal menthe fraiche 400g x20,Noujaim Ets,141.0,20.0,AY,8.0,94.8,2.0,0.0,13.30188679245283,False,Stock OK,0.0,11.4,0
sachet chocolat delia stick 12g x60,SENICO,125.0,58.0,CX,5.0,148.5,16.0,0.0,5.230125523012552,True,Predicted Stockout Soon,324.6,28.1,0
sachet mayonnaise diamo stick 18ml x25,Hunters Food,0.0,7.0,CX,5.0,14.0,1.0,0.0,0.0,True,Out of Stock,3.9,3.9,0
sankhal jeyna 400g x10,STA,0.0,1.37,CX,5.0,1.52,1.86,0.0,0.0,True,Out of Stock,0.37200000000000005,0.2,0
sankhal maman thiaba 200g x20,Maman Thiaba,45.0,43.0,CX,5.0,140.0,6.0,0.0,1.8987341772151896,True,Predicted Stockout Soon,143.4,31.400000000000002,0
sauce soja resto 100f 25ml x10,Borodji Distribution,0.0,147.0,CX,5.0,326.5,4.0,0.0,0.0,True,Out of Stock,259.2,64.8,0
sauce soja resto 50f 12ml x10,Borodji Distribution,0.0,6.57,CX,5.0,13.47,4.0,0.0,0.0,True,Out of Stock,0.4,0.1,0
sauce soja resto gm 750ml x12,Borodji Distribution,0.0,1.0,CX,5.0,1.0,4.0,0.0,0.0,True,Out of Stock,0.4,0.1,0
sauce soja resto pm 150ml x12,Borodji Distribution,0.0,11.0,CX,5.0,26.499999999999996,4.0,0.0,0.0,True,Out of Stock,16.799999999999997,4.199999999999999,0
savon bacteril classic 200g x6,Sivop,288.0,65.0,CX,5.0,179.0,1.85,0.0,11.294117647058824,False,Stock OK,0.0,25.5,0
savon pharmacare anti-bact classic x6,Uniparco cosmetique,0.0,1.4,CX,5.0,1.54,1.86,0.0,0.0,True,Out of Stock,0.37200000000000005,0.2,0
seau beurre adja 5kg,Patisen,0.0,10.33,CZ,5.0,27.63,9.0,0.0,0.0,True,Out of Stock,1.8,0.2,0
seau beurre jadida 2.5kg,SENICO,0.0,9.0,CX,5.0,14.0,16.0,0.0,0.0,True,Out of Stock,30.400000000000002,1.9000000000000001,0
seau beurre jadida 5kg,SENICO,97.0,25.0,BX,6.0,56.3,16.0,0.0,970.0,False,Order Soon,19.799999999999997,7.3,0
seau beurre kadi 2.5kg,SENICO,0.0,3.49,CX,5.0,6.525,16.0,0.0,0.0,True,Out of Stock,3.2,0.2,0
seau beurre kadi 5kg,SENICO,0.0,3.49,CX,5.0,6.525,16.0,0.0,0.0,True,Out of Stock,3.2,0.2,0
seau beurre sofia 5kg,SOFIEX,0.0,5.55,CX,5.0,10.225,2.0,0.0,0.0,True,Out of Stock,0.4,0.2,0
seau bouillon tak tak poudre 5kg,Sonia,4.0,8.0,CZ,5.0,14.5,14.0,0.0,1.9047619047619047,True,Predicted Stockout Soon,25.400000000000002,2.1,0
seau chocolat chocolion 5kg,Patisen,0.0,9.55,CX,5.0,24.35,9.0,0.0,0.0,True,Out of Stock,1.8,0.2,0
seau chocolat chocomousse 5kg,CDA,0.0,4.07,CX,5.0,6.115,0.0,0.0,1.2766666666666666,True,Out of Stock,0.0,0.2,0
seau chocolat chocopain 5kg,Patisen,563.0,139.0,AY,8.0,735.0999999999999,9.0,0.0,6.942046855733663,True,Predicted Stockout Soon,166.89999999999998,81.1,0
seau chocolat delia 5kg,SENICO,131.0,38.0,CX,5.0,89.5,16.0,0.0,9.290780141843971,False,Order Soon,110.6,15.1,0
seau chocolat kangoo 5kg,Patisen,0.0,9.55,CX,5.0,24.35,9.0,0.0,0.0,True,Out of Stock,1.8,0.2,0
seau chocolat mon choco 5kg,FKS,489.0,83.0,BY,6.0,240.70000000000002,8.0,0.0,14.818181818181818,False,Order Soon,0.0,33.0,0
seau huile niani (arachide) dosette x60,Sonacos,10.0,1.0,CX,5.0,1.5,1.86,0.0,50.0,False,Stock OK,0.0,0.2,0
seau huile niinal dosette x60,Sonacos,0.0,2.02,CX,5.0,1.82,1.86,0.0,0.0,True,Out of Stock,0.37200000000000005,0.2,0
seau mayonnaise ami 5l,Patisen,0.0,10.33,CZ,5.0,27.63,9.0,0.0,0.0,True,Out of Stock,1.8,0.2,0
seau mayonnaise chef aida 5l,SENAME,740.0,63.0,BY,6.0,243.3,8.0,0.0,20.963172804532576,False,Stock OK,0.0,41.7,0
seau mayonnaise diamo 5l,Hunters Food,234.0,59.0,CX,5.0,189.0,1.0,0.0,7.672131147540983,False,Stock OK,0.0,30.5,0
seau mayonnaise ekla 5l,SENAME,48.0,102.0,BZ,8.0,361.40000000000003,8.0,0.0,1.2371134020618555,True,Predicted Stockout Soon,485.5999999999999,66.69999999999999,0
seau mayonnaise jadida 5l,SENICO,582.0,275.0,AY,8.0,458.3,16.0,0.0,14.513715710723192,False,Order Soon,59.60000000000002,40.1,0
seau mayonnaise kadi 2.5l,SENICO,0.0,3.49,CX,5.0,6.525,16.0,0.0,0.0,True,Out of Stock,3.2,0.2,0
seau mayonnaise kadi 5l,SENICO,0.0,139.0,BZ,8.0,516.7,16.0,0.0,0.0,True,Out of Stock,894.4,55.9,0
seau mayonnaise maynes 5l,Patisen,0.0,10.33,CZ,5.0,27.63,9.0,0.0,0.0,True,Out of Stock,1.8,0.2,0
seau mayonnaise mis 5l,COSEDI,198.0,40.0,CX,5.0,71.0,14.0,0.0,1980.0,False,Order Soon,0.0,10.2,0
seau moutarde chef aida 2kg,SENAME,0.0,1.0,CX,5.0,1.0,8.0,0.0,0.0,True,Out of Stock,0.8,0.1,0
seau moutarde chef aida 5kg,SENAME,6.0,11.0,BZ,8.0,11.0,8.0,0.0,60.0,True,Predicted Stockout Soon,0.0,0.1,0
seau moutarde kadi 5kg,SENICO,59.0,6.0,BZ,8.0,26.2,16.0,0.0,590.0,False,Order Soon,0.0,2.9,0
seau moutarde reine 5kg,Sosagrin,305.0,52.0,BX,6.0,184.4,1.86,0.0,11.553030303030303,False,Stock OK,0.0,33.4,0
sel raffine selbe 1kg x12,Seldafrique,0.0,2.51,CX,5.0,3.18,7.0,0.0,0.0,True,Out of Stock,1.4000000000000001,0.2,0
serpillère blanc x1,Borodji Distribution,752.0,141.0,CX,5.0,382.5,4.0,0.0,13.333333333333334,False,Stock OK,0.0,56.4,0
serpillère noir x1,Borodji Distribution,0.0,145.0,CX,5.0,240.0,4.0,0.0,0.0,True,Out of Stock,134.0,33.5,0
serviette de table lilas x1,SAH SN,1.0,6.13,CX,5.0,16.445,17.0,0.0,0.4261255348007418,True,Predicted Stockout Soon,2.4000000000000004,0.2,0
serviette de table lilas x18,SAH SN,94.0,41.0,BY,6.0,153.70000000000002,17.0,0.0,4.234234234234234,True,Predicted Stockout Soon,371.8,27.400000000000002,0
serviettes de table lys x18,SDD SA,206.0,32.0,BX,6.0,98.8,7.0,0.0,14.927536231884059,False,Order Soon,0.0,20.400000000000002,0
serviettes hygieniques always dream zzz extra long x16,WADIC,0.0,28.67,CX,5.0,49.195,1.86,0.0,0.0,True,Out of Stock,0.37200000000000005,0.2,0
serviettes hygieniques always maxi long x16,WADIC,0.0,28.67,CX,5.0,49.195,1.86,0.0,0.0,True,Out of Stock,0.37200000000000005,0.2,0
serviettes hygieniques always maxi long x18,WADIC,356.0,37.0,AZ,10.0,194.5,1.85,0.0,20.227272727272727,False,Stock OK,0.0,18.0,0
serviettes hygieniques fairy lady x24,Borodji Distribution,0.0,6.57,CX,5.0,13.47,4.0,0.0,0.0,True,Out of Stock,0.8,0.2,0
serviettes hygieniques perfect maxi night x12,ARIMEX,0.0,7.09,CX,5.0,17.065,8.0,0.0,0.0,True,Out of Stock,1.6,0.2,0
serviettes hygieniques perfect maxi normal pocket x12,ARIMEX,95.0,18.0,CX,5.0,60.0,8.0,0.0,9.313725490196079,False,Order Soon,0.0,10.7,0
serviettes hygieniques perfect maxi super pocket x12,ARIMEX,26.0,12.0,CX,5.0,33.5,8.0,0.0,5.000000000000001,True,Predicted Stockout Soon,15.599999999999994,5.199999999999999,0
serviettes hygieniques softcare a+ jaune nouveau format x24,Softcare,330.0,64.0,AY,8.0,308.8,5.0,0.0,11.458333333333334,False,Order Soon,0.0,28.8,0
serviettes hygieniques softcare a+ rose x24,Softcare,20.0,10.0,BY,6.0,26.0,5.0,0.0,5.714285714285714,True,Predicted Stockout Soon,4.0,4.8,0
serviettes hygieniques softcare jaune x24,Softcare,0.0,10.66,CX,5.0,20.635,5.0,0.0,0.0,True,Out of Stock,1.0,0.2,0
serviettes hygieniques softcare mauve x24,Softcare,41.0,14.0,CX,5.0,34.0,5.0,0.0,14.13793103448276,False,Order Soon,0.0,2.9,0
serviettes hygiéniques mia maxi long x16,NOVATIS,0.0,1.4,CX,5.0,1.54,1.86,0.0,0.0,True,Out of Stock,0.37200000000000005,0.2,0
serviettes hygiéniques mia maxi nuit x16,NOVATIS,0.0,1.4,CX,5.0,1.54,1.86,0.0,0.0,True,Out of Stock,0.37200000000000005,0.2,0
serviettes hygiéniques softcare a+ bleu x 24,Softcare,0.0,10.66,CX,5.0,20.635,5.0,0.0,0.0,True,Out of Stock,1.0,0.2,0
shampoing happy family œuf 750 ml x6,Uniparco cosmetique,0.0,1.4,CX,5.0,1.54,1.86,0.0,0.0,True,Out of Stock,0.37200000000000005,0.2,0
stylo bic bleu cristal original x10,SOCOMAF,0.0,7.24,CY,5.0,16.07,1.86,0.0,0.0,True,Out of Stock,0.37200000000000005,0.2,0
stylo bic bleu cristal original x50,SOCOMAF,0.0,1.74,CX,5.0,2.685,1.86,0.0,0.0,True,Out of Stock,0.37200000000000005,0.2,0
stylo bic noir cristal original x10,SOCOMAF,2.0,30.0,CX,5.0,55.0,1.86,0.0,0.25,True,Predicted Stockout Soon,17.902,10.7,0
stylo bic noir cristal original x50,SOCOMAF,0.0,1.74,CX,5.0,2.685,1.86,0.0,0.0,True,Out of Stock,0.37200000000000005,0.2,0
stylo bic rouge cristal original x10,SOCOMAF,2.0,27.0,CX,5.0,49.0,1.86,0.0,0.28169014084507044,True,Predicted Stockout Soon,14.926000000000002,9.1,0
stylo bic rouge cristal original x50,SOCOMAF,0.0,1.74,CX,5.0,2.685,1.86,0.0,0.0,True,Out of Stock,0.37200000000000005,0.2,0
stylo bic vert cristal original x10,SOCOMAF,0.0,1.74,CX,5.0,2.685,1.86,0.0,0.0,True,Out of Stock,0.37200000000000005,0.2,0
stylo original vitfé bleu x11,VITFE,0.0,10.5,CX,5.0,13.165,1.86,0.0,0.0,True,Out of Stock,0.37200000000000005,0.2,0
stylo original vitfé rouge x11,VITFE,0.0,10.5,CX,5.0,13.165,1.86,0.0,0.0,True,Out of Stock,0.37200000000000005,0.2,0
stylo tri grip bleu,ARIMEX,727.0,36.0,CX,5.0,43.5,8.0,0.0,142.54901960784315,False,Stock OK,0.0,5.1,0
stylo tri grip rouge,ARIMEX,0.0,7.09,CX,5.0,17.065,8.0,0.0,0.0,True,Out of Stock,1.6,0.2,0
sucettes touyou cola x100,ARIMEX,0.0,7.09,CX,5.0,17.065,8.0,0.0,0.0,True,Out of Stock,1.6,0.2,0
sucettes touyou exotic x100,ARIMEX,0.0,7.09,CX,5.0,17.065,8.0,0.0,0.0,True,Out of Stock,1.6,0.2,0
sucettes touyou fraise x100,ARIMEX,0.0,7.09,CX,5.0,17.065,8.0,0.0,0.0,True,Out of Stock,1.6,0.2,0
sucettes touyou lait x100,ARIMEX,0.0,7.09,CX,5.0,17.065,8.0,0.0,0.0,True,Out of Stock,1.6,0.2,0
sucre buchette st louis sachets 4g x125,SOCOMAF,7.0,6.0,CX,5.0,10.0,1.86,0.0,4.999999999999999,True,Predicted Stockout Soon,0.0,2.0,0
sucre cristal bon appetit gm menthe 180g x30,CMGA,24.0,15.0,CX,5.0,32.5,9.0,0.0,4.8,True,Predicted Stockout Soon,39.9,7.1,0
sucre cristal bon appetit gm vanille 180g x30,CMGA,67.0,29.0,BX,6.0,81.69999999999999,9.0,0.0,5.982142857142858,True,Predicted Stockout Soon,50.0,13.0,0
sucre cristal bon appetit pm menthe 20g x10,CMGA,0.0,5.84,CX,5.0,6.107,9.0,0.0,0.0,True,Out of Stock,1.8,0.2,0
sucre cristal bon appetit pm vanille 20g x10,CMGA,72.0,41.0,CY,5.0,109.00000000000001,9.0,0.0,4.0677966101694905,True,Predicted Stockout Soon,109.80000000000001,20.200000000000003,0
sucre cristal gourmet vanille pm 20g x100,FMCG DISTRIBUTION,869.0,139.0,BX,6.0,425.9,1.91,0.0,111.41025641025641,False,Stock OK,0.0,59.4,0
sucre cristal gourmet vanille seau x1,FMCG DISTRIBUTION,0.0,2.04,CX,5.0,5.985,1.86,0.0,0.09428571428571429,True,Out of Stock,0.37200000000000005,0.2,0
sucre cristal vanilia gm vanille 180g x30,Vanilla Distribution,0.0,1.4,CX,5.0,1.54,1.86,0.0,0.0,True,Out of Stock,0.37200000000000005,0.2,0
sucre cristal vanilia pm vanille 22g x20,VANILLA DISTRIBUTION,0.0,2.63,CX,5.0,7.305,1.86,0.0,0.0,True,Out of Stock,0.37200000000000005,0.2,0
sucre cristal vanilia sachets vanille x100,Vanilla Distribution,0.0,1.4,CX,5.0,1.54,1.86,0.0,0.0,True,Out of Stock,0.37200000000000005,0.2,0
sucre kangoo aromatise 150g,Patisen,0.0,9.55,CX,5.0,24.35,9.0,0.0,0.0,True,Out of Stock,1.8,0.2,0
sucre kangoo menthe 15g x360,Patisen,0.0,9.55,CX,5.0,24.35,9.0,0.0,0.0,True,Out of Stock,1.8,0.2,0
sucre morceaux beghin say 1kg x5,Sipa,92.0,69.0,BX,6.0,203.70000000000002,6.0,0.0,3.2624113475177303,True,Predicted Stockout Soon,107.20000000000002,33.2,0
sucre morceaux bon appetit (importe) 1kg x5,CMGA,121.0,35.0,AZ,10.0,192.5,9.0,0.0,6.914285714285715,True,Predicted Stockout Soon,60.80000000000001,20.200000000000003,0
sucre morceaux css 1kg x5,CSS,299.0,68.0,AZ,10.0,409.0,6.0,0.0,7.973333333333334,True,Predicted Stockout Soon,10.0,51.5,0
sucre morceaux daddy 1kg x5,SOCOMAF,1.0,16.0,CX,5.0,29.5,1.86,0.0,0.23255813953488372,True,Predicted Stockout Soon,8.3,5.0,0
sucre morceaux mi perla 1kg x5,CMGA,0.0,5.84,CX,5.0,6.107,9.0,0.0,0.0,True,Out of Stock,1.8,0.2,0
sucre morceaux roux css 1kg x5,CSS,29.0,10.0,CX,5.0,18.0,6.0,0.0,17.058823529411764,False,Order Soon,0.0,1.7000000000000002,0
sucre morceaux souki 1kg x20,Wague,2.0,2.75,CX,5.0,4.515,1.86,0.0,0.9306200324113277,True,Predicted Stockout Soon,0.0,0.2,0
sucre morceaux souki 1kg x5,CSS,104.0,23.0,BZ,8.0,58.699999999999996,6.0,0.0,20.8,False,Stock OK,0.0,5.0,0
sucre morceaux st louis 1kg x5,Sipa,90.0,48.0,BX,6.0,165.0,6.0,0.0,3.896103896103896,True,Predicted Stockout Soon,48.60000000000002,23.1,0
sucre morceaux suukar 1kg x5,EZAL TRADING,0.0,1.4,CX,5.0,1.54,1.86,0.0,0.0,True,Out of Stock,0.37200000000000005,0.2,0
sucre poudre souki 1kg x5,CSS,0.0,2.8,CX,5.0,4.21,6.0,0.0,0.0,True,Out of Stock,1.2000000000000002,0.2,0
sucre poudre sunu suker css 1kg x5,CSS,90.0,4.0,CY,5.0,7.0,6.0,0.0,90.0,False,Stock OK,0.0,1.0,0
sucre vanille foster clark 6g x24,SOCOMAF,14.0,7.0,CX,5.0,14.0,1.86,0.0,6.666666666666666,True,Predicted Stockout Soon,0.0,2.5,0
sucre vanille smartchef 20g x100,ARIMEX,21.0,7.0,CX,5.0,17.5,8.0,0.0,7.499999999999999,False,Order Soon,4.600000000000001,3.2,0
sucre vanille smartchef 20g x100x6,ARIMEX,0.0,7.09,CX,5.0,17.065,8.0,0.0,0.0,True,Out of Stock,1.6,0.2,0
sunuton 380g x12,SOCAS,0.0,41.0,A+X,10.0,243.5,1.0,0.0,0.0,True,Out of Stock,21.8,21.8,0
tablette chewing-gum hollywood x20,Noujaim Ets,3.0,283.0,AZ,10.0,1627.5,2.0,0.0,0.02018842530282638,True,Predicted Stockout Soon,336.4,169.7,0
tangal begue ananas x100,CONFISEN,0.0,1.4,CX,5.0,1.54,1.86,0.0,0.0,True,Out of Stock,0.37200000000000005,0.2,0
tangal begue gingembre x100,CONFISEN,0.0,1.4,CX,5.0,1.54,1.86,0.0,0.0,True,Out of Stock,0.37200000000000005,0.2,0
tangal begue menthe fraiche x20,CONFISEN,0.0,1.4,CX,5.0,1.54,1.86,0.0,0.0,True,Out of Stock,0.37200000000000005,0.2,0
tangal begue sucettes fraise x50,CONFISEN,0.0,1.4,CX,5.0,1.54,1.86,0.0,0.0,True,Out of Stock,0.37200000000000005,0.2,0
tangal begue sucettes mangue x50,CONFISEN,6.0,2.39,CX,5.0,3.935,1.86,0.0,2.2864073168625776,False,Stock OK,0.0,0.2,0
tangal freegel bleu x12,ARIMEX,140.0,19.0,CX,5.0,55.0,8.0,0.0,15.384615384615385,False,Order Soon,0.0,12.4,0
tangal freegel noir x12,ARIMEX,1926.0,207.0,BY,6.0,881.0999999999999,8.0,0.0,14.861111111111112,False,Order Soon,0.0,153.0,0
tangal freegel vert x12,ARIMEX,119.0,34.0,CZ,5.0,78.5,8.0,0.0,9.67479674796748,False,Order Soon,0.0,13.799999999999999,0
tangal royal gingembre 100pcs,KT ROYAL SUARL,11829.0,38.0,CX,5.0,38.0,1.86,0.0,10753.636363636362,False,Stock OK,0.0,1.1,0
tangal royal mint 100pcs,KT ROYAL SUARL,0.0,7.53,CX,5.0,10.915,1.86,0.0,430.14545454545447,True,Out of Stock,0.37200000000000005,0.2,0
tangal royal mélange fruits 100pcs,KT ROYAL SUARL,0.0,19.0,CX,5.0,28.5,1.86,0.0,0.0,True,Out of Stock,7.0680000000000005,3.8000000000000003,0
tangal sucettes rio pop cola 48,Prodim,183.0,75.0,CX,5.0,191.0,7.0,0.0,5.960912052117263,True,Predicted Stockout Soon,35.400000000000034,31.200000000000003,0
tangal sucettes rio pop fraise 48,Prodim,65.0,79.0,CX,5.0,249.5,7.0,0.0,1.5476190476190477,True,Predicted Stockout Soon,257.0,46.0,0
tangal sucettes rio pop ice cream 48,Prodim,19.0,30.0,CX,5.0,93.0,7.0,0.0,1.217948717948718,True,Predicted Stockout Soon,115.40000000000003,19.200000000000003,0
tangal sucettes rio pop mega x24,Prodim,5.0,27.0,CX,5.0,68.5,7.0,0.0,0.45454545454545453,True,Predicted Stockout Soon,117.5,17.5,0
tangal sucettes rio pop mix fruit x48,Prodim,28.0,96.0,CX,5.0,238.0,7.0,0.0,0.7368421052631579,True,Predicted Stockout Soon,248.5,39.5,0
tangal super mint x50,Prodim,24.0,20.0,CX,5.0,43.5,7.0,0.0,3.5820895522388065,True,Predicted Stockout Soon,62.8,12.4,0
tasses ataya x12,Borodji Distribution,286.0,99.0,CX,5.0,256.5,4.0,0.0,6.908212560386474,False,Order Soon,0.0,59.0,0
tasses à café + couvercles taille 8 x50,Multicafé,106.0,42.0,CX,5.0,64.5,5.0,0.0,13.25,False,Order Soon,0.0,8.0,0
tasses à café taille 12 x50,Multicafé,1.0,46.46,CX,5.0,88.98,5.0,0.0,0.10707523617990743,True,Predicted Stockout Soon,0.0,0.2,0
tasses à café taille 2 x50,Multicafé,0.0,270.0,CX,5.0,500.5,5.0,0.0,0.0,True,Out of Stock,365.5,73.1,0
"tasses à café taille 3,5 x50",Multicafé,2035.0,274.0,CX,5.0,693.5,5.0,0.0,18.283917340521114,False,Stock OK,0.0,134.0,0
tasses à café taille 4 x50,Multicafé,424.0,252.0,CX,5.0,539.5,5.0,0.0,5.126964933494559,True,Predicted Stockout Soon,178.5,120.5,0
tasses à café taille 5 x50,Multicafé,416.0,133.0,CX,5.0,271.0,5.0,0.0,10.17114914425428,False,Order Soon,0.0,42.800000000000004,0
tasses à café vitfé pm x50,VITFE,0.0,10.5,CX,5.0,13.165,1.86,0.0,0.0,True,Out of Stock,0.37200000000000005,0.2,0
tasses à café vitfé taille 4 x50,VITFE,64.0,75.0,CX,5.0,165.5,1.86,0.0,2.5,True,Predicted Stockout Soon,0.0,34.0,0
telephone accent nubia 33,ACCENT,0.0,1.4,CX,5.0,1.54,1.86,0.0,0.0,True,Out of Stock,0.37200000000000005,0.2,0
telephone accent nubia 44,ACCENT,0.0,1.4,CX,5.0,1.54,1.86,0.0,0.0,True,Out of Stock,0.37200000000000005,0.2,0
telephone accent star m1,ACCENT,0.0,1.4,CX,5.0,1.54,1.86,0.0,0.0,True,Out of Stock,0.37200000000000005,0.2,0
tete chargeur blanc usb x5,Borodji Distribution,0.0,6.57,CX,5.0,13.47,4.0,0.0,0.0,True,Out of Stock,0.8,0.2,0
tete chargeur noir usb x5,Borodji Distribution,0.0,6.57,CX,5.0,13.47,4.0,0.0,0.0,True,Out of Stock,0.8,0.2,0
the koutam gm 200g x10,SOCADIS,1.0,2.85,CX,5.0,4.73,1.86,0.0,0.43959890023111703,True,Predicted Stockout Soon,0.0,0.2,0
the lipton classique x100,FMCG DISTRIBUTION,307.0,74.0,BY,6.0,241.60000000000002,1.86,0.0,9.002932551319647,False,Order Soon,0.0,38.0,0
the nour classique x100,DAP,59.0,23.0,CX,5.0,59.0,6.0,0.0,8.309859154929578,True,Predicted Stockout Soon,0.0,7.1,0
thiouraye anti moustique x1,Borodji Distribution,6.0,19.0,CX,5.0,43.0,4.0,0.0,0.8955223880597016,True,Predicted Stockout Soon,36.0,10.5,0
tomate concentree dieg bou diar 400g x12,SOCAS,81.0,17.0,BY,6.0,70.3,1.0,0.0,7.864077669902914,False,Stock OK,0.0,10.5,0
tomate concentree dieg bou diar 800g x12,SOCAS,60.0,16.0,BY,6.0,57.199999999999996,1.0,0.0,7.317073170731708,False,Order Soon,0.0,8.5,0
tomate concentree dieg bou diar sachet gm 60g x40,SOCAS,163.0,275.0,BX,6.0,902.5,1.0,0.0,1.5794573643410854,True,Predicted Stockout Soon,0.0,103.19999999999999,0
tomate concentree dieg bou diar sachet pm 30g x80,SOCAS,336.0,50.0,CX,5.0,144.5,1.0,0.0,22.251655629139073,False,Stock OK,0.0,15.1,0
tomate concentree flora 2kg x6,SOCAS,0.0,5.92,CX,5.0,10.6,1.0,0.0,0.0,True,Out of Stock,0.2,0.2,0
tomate concentree linguere 350g x12,AGROLINE,78.0,21.0,BX,6.0,60.900000000000006,2.0,0.0,9.285714285714285,False,Order Soon,0.0,12.2,0
tomate concentree linguere 700g x12,AGROLINE,53.0,8.0,CX,5.0,15.0,2.0,0.0,24.09090909090909,False,Stock OK,0.0,2.5,0
tomate concentree linguere 800g x12,AGROLINE,0.0,4.72,CX,5.0,8.795,2.0,0.0,0.0,True,Out of Stock,0.4,0.2,0
tomate concentree linguere sachet gm 60g x40,AGROLINE,428.0,53.0,BX,6.0,180.70000000000002,2.0,0.0,16.653696498054472,False,Stock OK,0.0,28.400000000000002,0
tomate concentree linguere sachet pm 30g x80,AGROLINE,41.0,17.0,CZ,5.0,45.0,2.0,0.0,5.616438356164384,True,Predicted Stockout Soon,0.0,8.4,0
tomate concentree linguere seau 2kg x6,AGROLINE,9.0,6.0,CX,5.0,15.0,2.0,0.0,3.75,True,Predicted Stockout Soon,0.0,3.2,0
tomate concentree tama 2kg x6,AGROLINE,556.0,73.0,BX,6.0,271.70000000000005,2.0,0.0,14.183673469387754,False,Stock OK,0.0,44.1,0
tomate concentree tama 350g x12,AGROLINE,142.0,21.0,BX,6.0,80.69999999999999,2.0,0.0,12.136752136752138,False,Stock OK,0.0,14.799999999999999,0
tomate concentree tama 700g x12,AGROLINE,0.0,4.72,CX,5.0,8.795,2.0,0.0,0.0,True,Out of Stock,0.4,0.2,0
tomate concentree tama sachet gm 60g x40,AGROLINE,0.0,4.72,CX,5.0,8.795,2.0,0.0,0.0,True,Out of Stock,0.4,0.2,0
tomate dieg bou diar metal gm 2kg,ARRETE,0.0,1.4,CX,5.0,1.54,1.86,0.0,0.0,True,Out of Stock,0.37200000000000005,0.2,0
tomate dieg bou diar plastique gm 2kg x6,SOCAS,213.0,45.0,CX,5.0,136.5,1.0,0.0,9.342105263157894,False,Stock OK,0.0,29.8,0
tomate dieg bou diar plastique pm 350g x12,SOCAS,78.0,31.0,CX,5.0,107.50000000000001,1.0,0.0,4.239130434782608,True,Predicted Stockout Soon,0.0,21.8,0
tomate rouge tomatina 800g x12,AGROLINE,8.0,4.0,CX,5.0,6.5,2.0,0.0,8.88888888888889,False,Order Soon,0.0,1.1,0
tomate sauce flora 400g x12,SOCAS,0.0,5.92,CX,5.0,10.6,1.0,0.0,0.0,True,Out of Stock,0.2,0.2,0
tomate sauce flora 800g x12,SOCAS,0.0,9.0,CX,5.0,18.0,1.0,0.0,0.0,True,Out of Stock,3.9,3.9,0
twins cake x24,GINA SARL,848.0,114.0,CZ,5.0,349.5,0.0,0.0,16.18320610687023,False,Stock OK,0.0,52.4,0
vaseline ideal skin 250 ml x6,Sivop,0.0,3.9,CX,5.0,4.93,1.86,0.0,0.03571428571428571,True,Out of Stock,0.37200000000000005,0.2,0
vinaigre 3 lions gm blanc 1l x12,NPGandour,3.0,7.0,CX,5.0,10.5,4.0,0.0,2.142857142857143,True,Predicted Stockout Soon,3.8000000000000007,1.7000000000000002,0
vinaigre 3 lions gm coloré 1l x12,NPGandour,0.0,7.43,CX,5.0,16.58,4.0,0.0,0.0,True,Out of Stock,0.8,0.2,0
vinaigre adja blanc gm 1l x12,Patisen,0.0,9.55,CX,5.0,24.35,9.0,0.0,0.0,True,Out of Stock,1.8,0.2,0
vinaigre adja colore gm 1l x12,Patisen,1054.0,83.0,AZ,10.0,457.5,9.0,0.0,25.33653846153846,False,Stock OK,0.0,44.4,0
vinaigre adja colore pm 25cl x24,Patisen,0.0,56.0,CX,5.0,105.5,9.0,0.0,0.0,True,Out of Stock,139.5,15.5,0
vinaigre kadi colore gm 1l x12,SENICO,328.0,48.0,BZ,8.0,216.0,16.0,0.0,13.666666666666666,False,Order Soon,142.40000000000003,29.400000000000002,0
vinaigre kadi colore pm 25cl x24,SENICO,0.0,3.49,CX,5.0,6.525,16.0,0.0,0.0,True,Out of Stock,3.2,0.2,0
vinaigre marin'or blanc gm 1l x12,ATS,50.0,15.0,CX,5.0,33.5,3.0,0.0,9.615384615384617,False,Order Soon,0.0,5.8,0
vinaigre marin'or blanc pm 25cl x24,ATS,14.0,7.0,CX,5.0,12.0,3.0,0.0,8.235294117647058,False,Order Soon,0.0,2.1,0
vinaigre marin'or coloré gm 1l x12,ATS,192.0,29.0,CX,5.0,75.5,3.0,0.0,15.737704918032788,False,Stock OK,0.0,15.5,0
vinaigre marin'or coloré pm 25cl x24,ATS,147.0,17.0,CY,5.0,53.0,3.0,0.0,16.51685393258427,False,Stock OK,0.0,10.7,0
vinaigre marin'or sachet 125ml x24,ATS,0.0,6.51,CX,5.0,10.865,3.0,0.0,0.0,True,Out of Stock,0.6000000000000001,0.2,0
vinaigre mis colore gm 1l x12,COSEDI,201.0,29.0,BY,6.0,75.69999999999999,14.0,0.0,2010.0,False,Order Soon,0.0,10.2,0
vinaigre mis colore pm 25cl x24,COSEDI,0.0,5.39,CX,5.0,7.325,14.0,0.0,44.07884615384615,True,Out of Stock,2.8000000000000003,0.2,0
vinaigre noor blanc gm 1l x12,H&D Industries,1.0,5.0,CX,5.0,10.5,10.0,0.0,0.625,True,Predicted Stockout Soon,23.0,2.4,0
vinaigre noor blanc pm 250ml x24,H&D Industries,0.0,5.0,CX,5.0,10.0,10.0,0.0,0.0,True,Out of Stock,15.0,1.5,0
vinaigre noor blanc seaux 25ml x200,H&D Industries,0.0,5.68,CX,5.0,10.45,10.0,0.0,0.0,True,Out of Stock,2.0,0.2,0
vinaigre noor rouge gm 1l x12,H&D Industries,0.0,5.0,CX,5.0,14.5,10.0,0.0,0.0,True,Out of Stock,16.0,1.6,0
vinaigre noor rouge pm 250ml x24,H&D Industries,1.0,10.0,CX,5.0,25.5,10.0,0.0,0.25641025641025644,True,Predicted Stockout Soon,40.0,4.1,0
vinaigre noor rouge seaux 25ml x200,H&D Industries,0.0,5.68,CX,5.0,10.45,10.0,0.0,0.0,True,Out of Stock,2.0,0.2,0
wekhal en grains vitfé 7g x100,VITFE,50.0,15.0,CX,5.0,36.5,1.86,0.0,11.11111111111111,False,Stock OK,0.0,4.5,0
yewi ananas 450ml x12,SIAD,144.0,28.0,CX,5.0,92.0,1.0,0.0,9.230769230769232,False,Stock OK,0.0,20.400000000000002,0
yewi citron 450ml x12,SIAD,78.0,20.0,CX,5.0,60.0,1.0,0.0,7.8,False,Stock OK,0.0,12.5,0
yewi cocktail 450ml x12,SIAD,44.0,29.0,CX,5.0,70.0,1.0,0.0,3.963963963963964,True,Predicted Stockout Soon,0.0,12.7,0
yewi fruits rouges 450ml x12,SIAD,204.0,40.0,CX,5.0,120.5,1.0,0.0,10.149253731343283,False,Stock OK,0.0,21.8,0
yewi mangue 450ml x12,SIAD,45.0,20.0,CX,5.0,62.5,1.0,0.0,4.285714285714286,True,Predicted Stockout Soon,0.0,12.4,0
yewi orange 450ml x12,SIAD,138.0,34.0,CX,5.0,79.5,1.0,0.0,11.04,False,Stock OK,0.0,16.1,0
yewi pomme 450ml x12,SIAD,58.0,17.0,CX,5.0,46.0,1.0,0.0,7.733333333333333,False,Stock OK,0.0,8.4,0
yotox spirale suractivee 1x10,SENEGALAP,0.0,1.4,CX,5.0,1.54,1.86,0.0,0.0,True,Out of Stock,0.37200000000000005,0.2,0
yumvita blé & maïs cereales 50g x80,APD (Promasidor),0.0,1.4,CX,5.0,1.54,1.86,0.0,0.0,True,Out of Stock,0.37200000000000005,0.2,0
yumvita blé cereales 50g x80,APD (Promasidor),0.0,1.4,CX,5.0,1.54,1.86,0.0,0.0,True,Out of Stock,0.37200000000000005,0.2,0
yumvita riz cereales 50g x80,APD (Promasidor),0.0,1.4,CX,5.0,1.54,1.86,0.0,0.0,True,Out of Stock,0.37200000000000005,0.2,0
